date,sku,warehouse_id,category,on_hand_qty,on_order_qty,avg_sales_7d,avg_sales_30d,demand_volatility_30d,days_of_supply,base_lead_time_days,reliability_score,unit_cost,month,day_of_week,stockout_within_7d
2023-01-30,SKU0001,1,HomeGoods,14,322,13.285714285714286,12.0,3.5135206824788856,1.1666666666666667,17,0.98,26.47,1,0,1
2023-02-06,SKU0001,1,HomeGoods,286,0,7.142857142857143,11.2,4.254004198885789,25.53571428571429,17,0.98,26.47,2,0,0
2023-02-13,SKU0001,1,HomeGoods,221,0,9.285714285714286,10.7,4.103404809969734,20.654205607476637,17,0.98,26.47,2,0,0
2023-02-20,SKU0001,1,HomeGoods,149,322,10.285714285714286,10.266666666666667,4.008037901029873,14.512987012987011,17,0.98,26.47,2,0,0
2023-02-27,SKU0001,1,HomeGoods,85,322,9.142857142857142,8.9,2.9867523591975957,9.550561797752808,17,0.98,26.47,2,0,0
2023-03-06,SKU0001,1,HomeGoods,348,0,8.428571428571429,9.266666666666667,2.7409202246984328,37.55395683453237,17,0.98,26.47,3,0,0
2023-03-13,SKU0001,1,HomeGoods,272,0,10.857142857142858,9.433333333333334,2.944115502481859,28.833922261484098,17,0.98,26.47,3,0,0
2023-03-20,SKU0001,1,HomeGoods,209,0,9.0,9.4,3.4300899756973284,22.23404255319149,17,0.98,26.47,3,0,0
2023-03-27,SKU0001,1,HomeGoods,139,322,10.0,9.433333333333334,3.936419985068992,14.734982332155477,17,0.98,26.47,3,0,0
2023-04-03,SKU0001,1,HomeGoods,77,322,8.857142857142858,9.5,3.92823554318712,8.105263157894736,17,0.98,26.47,4,0,0
2023-04-10,SKU0001,1,HomeGoods,335,0,9.142857142857142,9.3,3.96667149618174,36.02150537634408,17,0.98,26.47,4,0,0
2023-04-17,SKU0001,1,HomeGoods,258,0,11.0,9.433333333333334,3.54948595922179,27.34982332155477,17,0.98,26.47,4,0,0
2023-04-24,SKU0001,1,HomeGoods,190,0,9.714285714285714,9.966666666666667,3.5280485309561125,19.06354515050167,17,0.98,26.47,4,0,0
2023-05-01,SKU0001,1,HomeGoods,125,322,9.285714285714286,9.6,2.9896372747346365,13.020833333333334,17,0.98,26.47,5,0,0
2023-05-08,SKU0001,1,HomeGoods,65,322,8.571428571428571,9.5,3.2243684225190394,6.842105263157895,17,0.98,26.47,5,0,0
2023-05-15,SKU0001,1,HomeGoods,316,0,10.142857142857142,9.5,3.421534239449333,33.26315789473684,17,0.98,26.47,5,0,0
2023-05-22,SKU0001,1,HomeGoods,249,0,9.571428571428571,9.4,3.7471828498679933,26.48936170212766,17,0.98,26.47,5,0,0
2023-05-29,SKU0001,1,HomeGoods,183,0,9.428571428571429,9.5,3.6079414323558985,19.263157894736842,17,0.98,26.47,5,0,0
2023-06-05,SKU0001,1,HomeGoods,130,322,7.571428571428571,9.3,3.8787662453680927,13.978494623655912,17,0.98,26.47,6,0,0
2023-06-12,SKU0001,1,HomeGoods,61,322,9.857142857142858,9.066666666666666,3.5030364496842012,6.727941176470589,17,0.98,26.47,6,0,0
2023-06-19,SKU0001,1,HomeGoods,313,0,10.0,9.066666666666666,3.0505322693649353,34.52205882352941,17,0.98,26.47,6,0,0
2023-06-26,SKU0001,1,HomeGoods,241,0,10.285714285714286,9.433333333333334,2.800041050602199,25.547703180212014,17,0.98,26.47,6,0,0
2023-07-03,SKU0001,1,HomeGoods,160,322,11.571428571428571,10.2,2.591764144228854,15.686274509803923,17,0.98,26.47,7,0,0
2023-07-10,SKU0001,1,HomeGoods,93,322,9.571428571428571,10.3,2.781093806152656,9.029126213592232,17,0.98,26.47,7,0,0
2023-07-17,SKU0001,1,HomeGoods,22,322,10.142857142857142,10.433333333333334,3.147887450703857,2.108626198083067,17,0.98,26.47,7,0,0
2023-07-24,SKU0001,1,HomeGoods,278,0,9.428571428571429,10.133333333333333,3.2134773659711966,27.43421052631579,17,0.98,26.47,7,0,0
2023-07-31,SKU0001,1,HomeGoods,211,0,9.571428571428571,9.7,3.0642544235774203,21.75257731958763,17,0.98,26.47,7,0,0
2023-08-07,SKU0001,1,HomeGoods,140,322,10.142857142857142,9.533333333333333,3.7299656403458887,14.685314685314685,17,0.98,26.47,8,0,0
2023-08-14,SKU0001,1,HomeGoods,78,322,8.857142857142858,9.466666666666667,3.711429999835395,8.23943661971831,17,0.98,26.47,8,0,1
2023-08-21,SKU0001,1,HomeGoods,0,322,11.142857142857142,9.9,3.47751397528117,0.0,17,0.98,26.47,8,0,1
2023-08-28,SKU0001,1,HomeGoods,0,322,0.0,7.6,5.430437843527338,0.0,17,0.98,26.47,8,0,1
2023-09-04,SKU0001,1,HomeGoods,0,322,0.0,5.633333333333334,6.09399553734621,0.0,17,0.98,26.47,9,0,1
2023-09-11,SKU0001,1,HomeGoods,0,322,0.0,3.1,5.081066952846667,0.0,17,0.98,26.47,9,0,1
2023-09-18,SKU0001,1,HomeGoods,0,322,0.0,0.5666666666666667,2.2542424881548433,0.0,17,0.98,26.47,9,0,1
2023-09-25,SKU0001,1,HomeGoods,297,0,3.5714285714285716,0.8333333333333334,2.6272226496007045,356.4,17,0.98,26.47,9,0,0
2023-10-02,SKU0001,1,HomeGoods,235,0,8.857142857142858,2.9,4.2859031157087015,81.0344827586207,17,0.98,26.47,10,0,0
2023-10-09,SKU0001,1,HomeGoods,168,322,9.571428571428571,5.133333333333334,5.28324177737126,32.72727272727273,17,0.98,26.47,10,0,0
2023-10-16,SKU0001,1,HomeGoods,109,322,8.428571428571429,7.1,4.751406325390997,15.352112676056338,17,0.98,26.47,10,0,0
2023-10-23,SKU0001,1,HomeGoods,36,322,10.428571428571429,9.166666666666666,3.7973069707208387,3.9272727272727277,17,0.98,26.47,10,0,0
2023-10-30,SKU0001,1,HomeGoods,287,0,10.142857142857142,9.7,3.7338156502892357,29.587628865979383,17,0.98,26.47,10,0,0
2023-11-06,SKU0001,1,HomeGoods,219,0,9.714285714285714,9.833333333333334,3.2172309075731067,22.271186440677965,17,0.98,26.47,11,0,0
2023-11-13,SKU0001,1,HomeGoods,141,322,11.142857142857142,10.1,3.6136713588337215,13.96039603960396,17,0.98,26.47,11,0,0
2023-11-20,SKU0001,1,HomeGoods,65,322,10.857142857142858,10.433333333333334,3.2236553821692033,6.230031948881789,17,0.98,26.47,11,0,0
2023-11-27,SKU0001,1,HomeGoods,311,0,10.857142857142858,10.533333333333333,3.451469785201789,29.525316455696203,17,0.98,26.47,11,0,0
2023-12-04,SKU0001,1,HomeGoods,234,0,11.0,10.7,3.5149925197350074,21.869158878504674,17,0.98,26.47,12,0,0
2023-12-11,SKU0001,1,HomeGoods,161,322,10.428571428571429,10.766666666666667,3.2236553821692016,14.953560371517026,17,0.98,26.47,12,0,0
2023-12-18,SKU0001,1,HomeGoods,78,322,11.857142857142858,10.933333333333334,3.128658777675568,7.134146341463414,17,0.98,26.47,12,0,0
2023-01-30,SKU0001,2,HomeGoods,86,509,16.142857142857142,15.6,3.7471828498679947,5.512820512820513,17,0.98,26.47,1,0,0
2023-02-06,SKU0001,2,HomeGoods,483,0,16.0,15.633333333333333,3.2107935782760695,30.895522388059703,17,0.98,26.47,2,0,0
2023-02-13,SKU0001,2,HomeGoods,404,0,11.285714285714286,14.8,4.196878971741771,27.297297297297295,17,0.98,26.47,2,0,0
2023-02-20,SKU0001,2,HomeGoods,314,0,12.857142857142858,14.3,4.260079325795349,21.958041958041957,17,0.98,26.47,2,0,0
2023-02-27,SKU0001,2,HomeGoods,220,509,13.428571428571429,13.7,4.419002852103237,16.058394160583944,17,0.98,26.47,2,0,0
2023-03-06,SKU0001,2,HomeGoods,123,509,13.857142857142858,12.833333333333334,4.243317938410551,9.584415584415584,17,0.98,26.47,3,0,0
2023-03-13,SKU0001,2,HomeGoods,540,0,13.142857142857142,13.066666666666666,4.084734687989461,41.3265306122449,17,0.98,26.47,3,0,0
2023-03-20,SKU0001,2,HomeGoods,441,0,14.142857142857142,13.8,3.6426591272367723,31.956521739130434,17,0.98,26.47,3,0,0
2023-03-27,SKU0001,2,HomeGoods,367,0,10.571428571428571,12.9,3.3972605596781666,28.449612403100776,17,0.98,26.47,3,0,0
2023-04-03,SKU0001,2,HomeGoods,282,509,12.142857142857142,12.7,3.7060063084971504,22.20472440944882,17,0.98,26.47,4,0,0
2023-04-10,SKU0001,2,HomeGoods,189,509,13.285714285714286,12.566666666666666,3.568862789348365,15.039787798408488,17,0.98,26.47,4,0,0
2023-04-17,SKU0001,2,HomeGoods,90,509,14.142857142857142,12.833333333333334,3.7791016386705305,7.012987012987013,17,0.98,26.47,4,0,0
2023-04-24,SKU0001,2,HomeGoods,504,0,13.571428571428571,13.133333333333333,3.636342737661993,38.3756345177665,17,0.98,26.47,4,0,0
2023-05-01,SKU0001,2,HomeGoods,394,0,15.714285714285714,13.766666666666667,3.97130512147028,28.619854721549636,17,0.98,26.47,5,0,0
2023-05-08,SKU0001,2,HomeGoods,293,0,14.428571428571429,14.4,3.6728265916612197,20.34722222222222,17,0.98,26.47,5,0,0
2023-05-15,SKU0001,2,HomeGoods,224,509,9.857142857142858,13.366666666666667,4.097798680143828,16.758104738154614,17,0.98,26.47,5,0,0
2023-05-22,SKU0001,2,HomeGoods,125,509,14.142857142857142,13.533333333333333,4.083045966899721,9.236453201970443,17,0.98,26.47,5,0,0
2023-05-29,SKU0001,2,HomeGoods,545,0,12.714285714285714,12.833333333333334,3.4046958781936034,42.467532467532465,17,0.98,26.47,5,0,0
2023-06-05,SKU0001,2,HomeGoods,452,0,13.285714285714286,12.766666666666667,3.5494859592217933,35.40469973890339,17,0.98,26.47,6,0,0
2023-06-12,SKU0001,2,HomeGoods,342,0,15.714285714285714,13.6,3.6065075283054844,25.147058823529413,17,0.98,26.47,6,0,0
2023-06-19,SKU0001,2,HomeGoods,245,509,13.857142857142858,14.133333333333333,3.3705963181950267,17.33490566037736,17,0.98,26.47,6,0,0
2023-06-26,SKU0001,2,HomeGoods,165,509,11.428571428571429,13.3,3.6966900385857757,12.406015037593985,17,0.98,26.47,6,0,0
2023-07-03,SKU0001,2,HomeGoods,586,0,12.571428571428571,13.233333333333333,3.7109654226112214,44.28211586901764,17,0.98,26.47,7,0,0
2023-07-10,SKU0001,2,HomeGoods,501,0,12.142857142857142,12.633333333333333,3.6528999659064763,39.656992084432716,17,0.98,26.47,7,0,0
2023-07-17,SKU0001,2,HomeGoods,430,0,10.142857142857142,11.8,3.809244653154508,36.440677966101696,17,0.98,26.47,7,0,0
2023-07-24,SKU0001,2,HomeGoods,324,0,15.142857142857142,12.6,4.165540077580701,25.714285714285715,17,0.98,26.47,7,0,0
2023-07-31,SKU0001,2,HomeGoods,227,509,13.857142857142858,12.633333333333333,4.131321349393438,17.96833773087071,17,0.98,26.47,7,0,0
2023-08-07,SKU0001,2,HomeGoods,139,509,12.571428571428571,12.7,4.997585623975393,10.94488188976378,17,0.98,26.47,8,0,0
2023-08-14,SKU0001,2,HomeGoods,37,509,14.571428571428571,13.533333333333333,5.191062168456623,2.7339901477832513,17,0.98,26.47,8,0,1
2023-08-21,SKU0001,2,HomeGoods,0,509,5.285714285714286,12.133333333333333,7.06488808674001,0.0,17,0.98,26.47,8,0,1
2023-08-28,SKU0001,2,HomeGoods,0,509,0.0,8.3,7.848347069551528,0.0,17,0.98,26.47,8,0,1
2023-09-04,SKU0001,2,HomeGoods,0,509,0.0,5.433333333333334,7.417050874718409,0.0,17,0.98,26.47,9,0,1
2023-09-11,SKU0001,2,HomeGoods,0,509,0.0,2.1666666666666665,5.401681304884667,0.0,17,0.98,26.47,9,0,1
2023-09-18,SKU0001,2,HomeGoods,448,0,8.714285714285714,2.033333333333333,5.416980539093696,220.32786885245903,17,0.98,26.47,9,0,0
2023-09-25,SKU0001,2,HomeGoods,342,0,15.142857142857142,5.566666666666666,7.780095440126132,61.437125748503,17,0.98,26.47,9,0,0
2023-10-02,SKU0001,2,HomeGoods,257,509,12.142857142857142,8.4,7.573092112072264,30.595238095238095,17,0.98,26.47,10,0,0
2023-10-09,SKU0001,2,HomeGoods,160,509,13.857142857142858,11.633333333333333,6.3053525884257935,13.753581661891118,17,0.98,26.47,10,0,0
2023-10-16,SKU0001,2,HomeGoods,568,0,14.428571428571429,13.866666666666667,3.5207104821116113,40.96153846153846,17,0.98,26.47,10,0,0
2023-10-23,SKU0001,2,HomeGoods,466,0,14.571428571428571,13.633333333333333,3.3986136456860883,34.18092909535452,17,0.98,26.47,10,0,0
2023-10-30,SKU0001,2,HomeGoods,371,0,13.571428571428571,14.1,3.1222229039690554,26.31205673758865,17,0.98,26.47,10,0,0
2023-11-06,SKU0001,2,HomeGoods,238,509,19.0,15.0,4.315169713368455,15.866666666666667,17,0.98,26.47,11,0,0
2023-11-13,SKU0001,2,HomeGoods,110,509,18.285714285714285,16.233333333333334,4.182750566176583,6.776180698151951,17,0.98,26.47,11,0,1
2023-11-20,SKU0001,2,HomeGoods,494,0,17.857142857142858,16.7,6.035241331631605,29.580838323353294,17,0.98,26.47,11,0,0
2023-11-27,SKU0001,2,HomeGoods,363,0,18.714285714285715,18.2,6.288467825011654,19.945054945054945,17,0.98,26.47,11,0,0
2023-12-04,SKU0001,2,HomeGoods,232,509,18.714285714285715,18.333333333333332,6.171867952491239,12.654545454545456,17,0.98,26.47,12,0,0
2023-12-11,SKU0001,2,HomeGoods,115,509,16.714285714285715,18.0,6.269796234933487,6.388888888888889,17,0.98,26.47,12,0,0
2023-12-18,SKU0001,2,HomeGoods,503,0,17.285714285714285,17.166666666666668,5.813677887079107,29.300970873786405,17,0.98,26.47,12,0,0
2023-01-30,SKU0001,3,HomeGoods,803,0,25.142857142857142,27.633333333333333,5.653703902406982,29.059107358262967,17,0.98,26.47,1,0,0
2023-02-06,SKU0001,3,HomeGoods,626,0,25.285714285714285,26.133333333333333,5.328733648705906,23.95408163265306,17,0.98,26.47,2,0,0
2023-02-13,SKU0001,3,HomeGoods,475,760,21.571428571428573,24.9,6.132727356371402,19.076305220883537,17,0.98,26.47,2,0,0
2023-02-20,SKU0001,3,HomeGoods,311,760,23.428571428571427,24.166666666666668,6.486502342840717,12.868965517241378,17,0.98,26.47,2,0,0
2023-02-27,SKU0001,3,HomeGoods,162,760,21.285714285714285,23.3,6.680646262358047,6.952789699570816,17,0.98,26.47,2,0,0
2023-03-06,SKU0001,3,HomeGoods,778,0,20.571428571428573,22.1,6.149572455001262,35.20361990950226,17,0.98,26.47,3,0,0
2023-03-13,SKU0001,3,HomeGoods,618,0,22.857142857142858,21.666666666666668,5.510700145349401,28.52307692307692,17,0.98,26.47,3,0,0
2023-03-20,SKU0001,3,HomeGoods,465,760,21.857142857142858,21.466666666666665,4.710467678174464,21.661490683229815,17,0.98,26.47,3,0,0
2023-03-27,SKU0001,3,HomeGoods,299,760,23.714285714285715,21.866666666666667,4.264798441559265,13.673780487804878,17,0.98,26.47,3,0,0
2023-04-03,SKU0001,3,HomeGoods,120,760,25.571428571428573,23.566666666666666,4.40754316843399,5.091937765205092,17,0.98,26.47,4,0,0
2023-04-10,SKU0001,3,HomeGoods,747,0,19.0,22.566666666666666,4.81866581429808,33.10192023633678,17,0.98,26.47,4,0,0
2023-04-17,SKU0001,3,HomeGoods,604,0,20.428571428571427,22.166666666666668,4.84293536902008,27.24812030075188,17,0.98,26.47,4,0,0
2023-04-24,SKU0001,3,HomeGoods,447,760,22.428571428571427,21.833333333333332,4.962503076231702,20.473282442748094,17,0.98,26.47,4,0,0
2023-05-01,SKU0001,3,HomeGoods,266,760,25.857142857142858,22.233333333333334,5.069743469898119,11.964017991004496,17,0.98,26.47,5,0,0
2023-05-08,SKU0001,3,HomeGoods,873,0,21.857142857142858,22.4,5.176871642217906,38.973214285714285,17,0.98,26.47,5,0,0
2023-05-15,SKU0001,3,HomeGoods,712,0,23.0,22.933333333333334,5.638129631990238,31.046511627906977,17,0.98,26.47,5,0,0
2023-05-22,SKU0001,3,HomeGoods,560,0,21.714285714285715,23.166666666666668,5.527881263591663,24.172661870503596,17,0.98,26.47,5,0,0
2023-05-29,SKU0001,3,HomeGoods,407,760,21.857142857142858,22.233333333333334,4.515745123785047,18.305847076461767,17,0.98,26.47,5,0,0
2023-06-05,SKU0001,3,HomeGoods,247,760,22.857142857142858,22.6,4.2230892435065375,10.929203539823009,17,0.98,26.47,6,0,0
2023-06-12,SKU0001,3,HomeGoods,869,0,19.714285714285715,21.366666666666667,4.205770529537523,40.67082683307332,17,0.98,26.47,6,0,0
2023-06-19,SKU0001,3,HomeGoods,700,0,24.142857142857142,21.966666666666665,5.109040893413815,31.866464339908955,17,0.98,26.47,6,0,0
2023-06-26,SKU0001,3,HomeGoods,530,0,24.285714285714285,22.833333333333332,5.414433668817353,23.21167883211679,17,0.98,26.47,6,0,0
2023-07-03,SKU0001,3,HomeGoods,370,760,22.857142857142858,22.566666666666666,5.5750882679471765,16.395864106351553,17,0.98,26.47,7,0,0
2023-07-10,SKU0001,3,HomeGoods,234,760,19.428571428571427,22.433333333333334,5.733647411873014,10.430906389301635,17,0.98,26.47,7,0,0
2023-07-17,SKU0001,3,HomeGoods,817,0,25.285714285714285,22.966666666666665,4.972221687107997,35.573294629898406,17,0.98,26.47,7,0,0
2023-07-24,SKU0001,3,HomeGoods,684,0,19.0,21.7,4.969909455915664,31.52073732718894,17,0.98,26.47,7,0,0
2023-07-31,SKU0001,3,HomeGoods,523,0,23.0,22.0,5.2522573143888955,23.772727272727273,17,0.98,26.47,7,0,0
2023-08-07,SKU0001,3,HomeGoods,358,760,23.571428571428573,22.5,4.776017674547085,15.911111111111111,17,0.98,26.47,8,0,0
2023-08-14,SKU0001,3,HomeGoods,185,760,24.714285714285715,22.866666666666667,4.890055590498013,8.090379008746355,17,0.98,26.47,8,0,0
2023-08-21,SKU0001,3,HomeGoods,8,760,25.285714285714285,23.566666666666666,4.994364640364129,0.33946251768033947,17,0.98,26.47,8,0,1
2023-08-28,SKU0001,3,HomeGoods,0,760,1.1428571428571428,19.033333333333335,10.867488157369877,0.0,17,0.98,26.47,8,0,1
2023-09-04,SKU0001,3,HomeGoods,0,760,0.0,13.9,13.178744642219428,0.0,17,0.98,26.47,9,0,1
2023-09-11,SKU0001,3,HomeGoods,0,760,0.0,7.866666666666666,11.921390029266078,0.0,17,0.98,26.47,9,0,1
2023-09-18,SKU0001,3,HomeGoods,0,760,0.0,1.9,6.42382419135041,0.0,17,0.98,26.47,9,0,1
2023-09-25,SKU0001,3,HomeGoods,644,0,16.571428571428573,3.8666666666666667,8.869682314931893,166.55172413793105,17,0.98,26.47,9,0,0
2023-10-02,SKU0001,3,HomeGoods,499,760,20.714285714285715,8.7,11.104984901168125,57.356321839080465,17,0.98,26.47,10,0,0
2023-10-09,SKU0001,3,HomeGoods,326,760,24.714285714285715,14.466666666666667,11.696546302319273,22.534562211981566,17,0.98,26.47,10,0,0
2023-10-16,SKU0001,3,HomeGoods,157,760,24.142857142857142,20.1,9.215242246147003,7.81094527363184,17,0.98,26.47,10,0,0
2023-10-23,SKU0001,3,HomeGoods,753,0,23.428571428571427,23.333333333333332,5.141671091113813,32.27142857142857,17,0.98,26.47,10,0,0
2023-10-30,SKU0001,3,HomeGoods,610,0,20.428571428571427,22.733333333333334,5.551845504491927,26.832844574780058,17,0.98,26.47,10,0,0
2023-11-06,SKU0001,3,HomeGoods,417,760,27.571428571428573,23.833333333333332,6.148076981846662,17.496503496503497,17,0.98,26.47,11,0,0
2023-11-13,SKU0001,3,HomeGoods,204,760,30.428571428571427,25.666666666666668,6.814453874610612,7.948051948051948,17,0.98,26.47,11,0,0
2023-11-20,SKU0001,3,HomeGoods,760,0,29.142857142857142,26.633333333333333,6.975243579152341,28.53566958698373,17,0.98,26.47,11,0,0
2023-11-27,SKU0001,3,HomeGoods,556,0,29.142857142857142,28.4,6.284079500803126,19.577464788732396,17,0.98,26.47,11,0,0
2023-12-04,SKU0001,3,HomeGoods,334,760,31.714285714285715,30.333333333333332,6.0305734463609975,11.010989010989011,17,0.98,26.47,12,0,0
2023-12-11,SKU0001,3,HomeGoods,100,760,33.42857142857143,31.066666666666666,6.664022464120242,3.218884120171674,17,0.98,26.47,12,0,1
2023-12-18,SKU0001,3,HomeGoods,669,0,27.285714285714285,29.933333333333334,9.299363468514418,22.34966592427617,17,0.98,26.47,12,0,0
2023-01-30,SKU0001,4,HomeGoods,684,0,35.857142857142854,36.86666666666667,6.876914571447612,18.553345388788426,17,0.98,26.47,1,0,0
2023-02-06,SKU0001,4,HomeGoods,470,888,30.571428571428573,35.766666666666666,6.911675944936662,13.140726933830383,17,0.98,26.47,2,0,0
2023-02-13,SKU0001,4,HomeGoods,272,888,28.285714285714285,33.333333333333336,6.879922480183434,8.16,17,0.98,26.47,2,0,0
2023-02-20,SKU0001,4,HomeGoods,946,0,30.571428571428573,31.733333333333334,6.6484809430857785,29.810924369747898,17,0.98,26.47,2,0,0
2023-02-27,SKU0001,4,HomeGoods,736,0,30.0,30.4,5.745162882958514,24.210526315789476,17,0.98,26.47,2,0,0
2023-03-06,SKU0001,4,HomeGoods,507,888,32.714285714285715,30.233333333333334,5.386338615252569,16.76957001102536,17,0.98,26.47,3,0,0
2023-03-13,SKU0001,4,HomeGoods,307,888,28.571428571428573,30.233333333333334,4.973608509844281,10.154355016538037,17,0.98,26.47,3,0,0
2023-03-20,SKU0001,4,HomeGoods,1002,0,27.571428571428573,29.866666666666667,4.688454883583965,33.54910714285714,17,0.98,26.47,3,0,0
2023-03-27,SKU0001,4,HomeGoods,781,0,31.571428571428573,30.066666666666666,5.218887008663384,25.975609756097562,17,0.98,26.47,3,0,0
2023-04-03,SKU0001,4,HomeGoods,556,888,32.142857142857146,30.133333333333333,5.08366778624642,18.451327433628318,17,0.98,26.47,4,0,0
2023-04-10,SKU0001,4,HomeGoods,330,888,32.285714285714285,30.8,5.101723846593091,10.714285714285714,17,0.98,26.47,4,0,0
2023-04-17,SKU0001,4,HomeGoods,136,888,27.714285714285715,30.7,5.059303482114706,4.429967426710098,17,0.98,26.47,4,0,0
2023-04-24,SKU0001,4,HomeGoods,798,0,32.285714285714285,31.333333333333332,5.7973438230192045,25.46808510638298,17,0.98,26.47,4,0,0
2023-05-01,SKU0001,4,HomeGoods,596,888,28.857142857142858,30.6,6.478612026746432,19.477124183006534,17,0.98,26.47,5,0,0
2023-05-08,SKU0001,4,HomeGoods,371,888,32.142857142857146,30.533333333333335,6.532324576122664,12.15065502183406,17,0.98,26.47,5,0,0
2023-05-15,SKU0001,4,HomeGoods,167,888,29.142857142857142,30.466666666666665,6.055680338972341,5.481400437636762,17,0.98,26.47,5,0,0
2023-05-22,SKU0001,4,HomeGoods,821,0,33.42857142857143,31.4,5.9804278476861,26.146496815286625,17,0.98,26.47,5,0,0
2023-05-29,SKU0001,4,HomeGoods,625,0,28.0,30.3,5.120277470929715,20.627062706270628,17,0.98,26.47,5,0,0
2023-06-05,SKU0001,4,HomeGoods,408,888,31.0,30.566666666666666,5.150716945966972,13.347873500545257,17,0.98,26.47,6,0,0
2023-06-12,SKU0001,4,HomeGoods,175,888,33.285714285714285,31.4,5.8108103773380355,5.573248407643312,17,0.98,26.47,6,0,0
2023-06-19,SKU0001,4,HomeGoods,852,0,30.142857142857142,30.3,5.42757963457518,28.11881188118812,17,0.98,26.47,6,0,0
2023-06-26,SKU0001,4,HomeGoods,639,0,30.428571428571427,30.966666666666665,5.904313638368983,20.63509149623251,17,0.98,26.47,6,0,0
2023-07-03,SKU0001,4,HomeGoods,433,888,29.428571428571427,30.8,5.5918660138849425,14.058441558441558,17,0.98,26.47,7,0,0
2023-07-10,SKU0001,4,HomeGoods,242,888,27.285714285714285,29.3,5.180533856127461,8.25938566552901,17,0.98,26.47,7,0,0
2023-07-17,SKU0001,4,HomeGoods,933,0,28.142857142857142,28.9,5.498275591743172,32.28373702422145,17,0.98,26.47,7,0,0
2023-07-24,SKU0001,4,HomeGoods,702,0,33.0,29.466666666666665,6.106713848133757,23.823529411764707,17,0.98,26.47,7,0,0
2023-07-31,SKU0001,4,HomeGoods,504,888,28.285714285714285,29.3,6.052357762290553,17.20136518771331,17,0.98,26.47,7,0,0
2023-08-07,SKU0001,4,HomeGoods,273,888,33.0,30.233333333333334,6.273553320437144,9.029768467475193,17,0.98,26.47,8,0,0
2023-08-14,SKU0001,4,HomeGoods,62,888,30.142857142857142,30.933333333333334,6.090882577649378,2.0043103448275863,17,0.98,26.47,8,0,1
2023-08-21,SKU0001,4,HomeGoods,0,888,8.857142857142858,25.766666666666666,12.824231732943302,0.0,17,0.98,26.47,8,0,1
2023-08-28,SKU0001,4,HomeGoods,0,888,0.0,18.666666666666668,16.21904655842531,0.0,17,0.98,26.47,8,0,1
2023-09-04,SKU0001,4,HomeGoods,0,888,0.0,10.966666666666667,15.178213363882465,0.0,17,0.98,26.47,9,0,1
2023-09-11,SKU0001,4,HomeGoods,0,888,0.0,4.133333333333334,11.103691008983843,0.0,17,0.98,26.47,9,0,1
2023-09-18,SKU0001,4,HomeGoods,775,0,16.142857142857142,3.7666666666666666,10.483758648609713,205.75221238938053,17,0.98,26.47,9,0,0
2023-09-25,SKU0001,4,HomeGoods,551,888,32.0,11.233333333333333,15.694680261341649,49.05044510385757,17,0.98,26.47,9,0,0
2023-10-02,SKU0001,4,HomeGoods,361,888,27.142857142857142,17.566666666666666,15.426540795639841,20.550284629981025,17,0.98,26.47,10,0,0
2023-10-09,SKU0001,4,HomeGoods,139,888,31.714285714285715,24.966666666666665,12.842503068229004,5.567423230974633,17,0.98,26.47,10,0,0
2023-10-16,SKU0001,4,HomeGoods,824,0,29.0,29.433333333333334,5.8467989080576785,27.995469988674973,17,0.98,26.47,10,0,0
2023-10-23,SKU0001,4,HomeGoods,610,888,30.571428571428573,29.5,5.4567263142809,20.677966101694917,17,0.98,26.47,10,0,0
2023-10-30,SKU0001,4,HomeGoods,417,888,27.571428571428573,29.366666666666667,6.105302010849115,14.19977298524404,17,0.98,26.47,10,0,0
2023-11-06,SKU0001,4,HomeGoods,143,888,39.142857142857146,31.8,8.023242099868577,4.49685534591195,17,0.98,26.47,11,0,0
2023-11-13,SKU0001,4,HomeGoods,736,0,42.142857142857146,34.4,9.152350367057602,21.395348837209305,17,0.98,26.47,11,0,0
2023-11-20,SKU0001,4,HomeGoods,475,888,37.285714285714285,35.86666666666667,8.947098675696152,13.243494423791821,17,0.98,26.47,11,0,0
2023-11-27,SKU0001,4,HomeGoods,210,888,37.857142857142854,38.766666666666666,6.8916908156743935,5.417024935511608,17,0.98,26.47,11,0,0
2023-12-04,SKU0001,4,HomeGoods,833,0,37.857142857142854,38.266666666666666,6.351395900513342,21.76829268292683,17,0.98,26.47,12,0,0
2023-12-11,SKU0001,4,HomeGoods,570,888,37.57142857142857,37.7,5.052483172351668,15.119363395225463,17,0.98,26.47,12,0,0
2023-12-18,SKU0001,4,HomeGoods,294,888,39.42857142857143,38.233333333333334,4.598975398134227,7.689625108979947,17,0.98,26.47,12,0,1
2023-01-30,SKU0002,1,Grocery,218,0,8.571428571428571,8.233333333333333,3.2021903423290987,26.47773279352227,10,0.94,24.95,1,0,0
2023-02-06,SKU0002,1,Grocery,148,0,10.0,8.833333333333334,3.1192763676005475,16.754716981132074,10,0.94,24.95,2,0,0
2023-02-13,SKU0002,1,Grocery,93,219,7.857142857142857,8.333333333333334,3.19841914974746,11.159999999999998,10,0.94,24.95,2,0,0
2023-02-20,SKU0002,1,Grocery,253,0,8.428571428571429,8.6,3.024041597962386,29.41860465116279,10,0.94,24.95,2,0,0
2023-02-27,SKU0002,1,Grocery,189,0,9.142857142857142,8.666666666666666,3.3148915136285284,21.80769230769231,10,0.94,24.95,2,0,0
2023-03-06,SKU0002,1,Grocery,113,219,10.857142857142858,9.166666666666666,3.966091912383179,12.327272727272728,10,0.94,24.95,3,0,0
2023-03-13,SKU0002,1,Grocery,49,219,9.142857142857142,9.4,3.873873584892018,5.212765957446808,10,0.94,24.95,3,0,0
2023-03-20,SKU0002,1,Grocery,199,0,9.857142857142858,9.533333333333333,4.344900564977318,20.874125874125873,10,0.94,24.95,3,0,0
2023-03-27,SKU0002,1,Grocery,142,0,8.142857142857142,9.4,4.148950843701123,15.106382978723405,10,0.94,24.95,3,0,0
2023-04-03,SKU0002,1,Grocery,99,219,6.142857142857143,8.166666666666666,3.696068118992109,12.122448979591837,10,0.94,24.95,4,0,0
2023-04-10,SKU0002,1,Grocery,257,0,8.714285714285714,8.266666666666667,3.522668789752853,31.088709677419352,10,0.94,24.95,4,0,0
2023-04-17,SKU0002,1,Grocery,203,0,7.714285714285714,7.766666666666667,2.8609539442752903,26.13733905579399,10,0.94,24.95,4,0,0
2023-04-24,SKU0002,1,Grocery,149,0,7.714285714285714,7.566666666666666,2.674055854436038,19.691629955947135,10,0.94,24.95,4,0,0
2023-05-01,SKU0002,1,Grocery,79,219,10.0,8.133333333333333,2.9329675843034275,9.713114754098362,10,0.94,24.95,5,0,0
2023-05-08,SKU0002,1,Grocery,235,0,9.0,8.6,2.471911169032209,27.325581395348838,10,0.94,24.95,5,0,0
2023-05-15,SKU0002,1,Grocery,185,0,7.142857142857143,8.466666666666667,2.5694938899664046,21.8503937007874,10,0.94,24.95,5,0,0
2023-05-22,SKU0002,1,Grocery,117,0,9.714285714285714,8.9,2.4261506335245757,13.146067415730336,10,0.94,24.95,5,0,0
2023-05-29,SKU0002,1,Grocery,57,219,8.571428571428571,8.8,2.6050349127318237,6.477272727272727,10,0.94,24.95,5,0,0
2023-06-05,SKU0002,1,Grocery,222,0,7.714285714285714,8.433333333333334,2.8849590128365947,26.324110671936758,10,0.94,24.95,6,0,0
2023-06-12,SKU0002,1,Grocery,164,0,8.285714285714286,8.6,2.847866715207399,19.069767441860467,10,0.94,24.95,6,0,0
2023-06-19,SKU0002,1,Grocery,99,219,9.285714285714286,8.5,3.1921239281102105,11.647058823529411,10,0.94,24.95,6,0,0
2023-06-26,SKU0002,1,Grocery,261,0,8.142857142857142,8.366666666666667,3.068003206999772,31.195219123505975,10,0.94,24.95,6,0,0
2023-07-03,SKU0002,1,Grocery,199,0,8.857142857142858,8.7,2.781093806152655,22.873563218390807,10,0.94,24.95,7,0,0
2023-07-10,SKU0002,1,Grocery,154,0,6.428571428571429,8.3,2.926101325230759,18.55421686746988,10,0.94,24.95,7,0,0
2023-07-17,SKU0002,1,Grocery,90,219,9.142857142857142,8.066666666666666,2.638355461311049,11.15702479338843,10,0.94,24.95,7,0,0
2023-07-24,SKU0002,1,Grocery,253,0,8.0,8.1,2.940208765752332,31.23456790123457,10,0.94,24.95,7,0,0
2023-07-31,SKU0002,1,Grocery,190,0,9.0,8.233333333333333,3.1697202458232128,23.07692307692308,10,0.94,24.95,7,0,0
2023-08-07,SKU0002,1,Grocery,136,0,7.714285714285714,8.366666666666667,3.079222173764385,16.254980079681275,10,0.94,24.95,8,0,0
2023-08-14,SKU0002,1,Grocery,71,219,9.285714285714286,8.566666666666666,3.3495582141358624,8.287937743190662,10,0.94,24.95,8,0,0
2023-08-21,SKU0002,1,Grocery,230,0,8.571428571428571,8.4,3.4601175981609944,27.38095238095238,10,0.94,24.95,8,0,0
2023-08-28,SKU0002,1,Grocery,175,0,7.857142857142857,8.466666666666667,3.3909955138148753,20.669291338582678,10,0.94,24.95,8,0,0
2023-09-04,SKU0002,1,Grocery,114,0,8.714285714285714,8.6,3.2012928422855884,13.255813953488373,10,0.94,24.95,9,0,0
2023-09-11,SKU0002,1,Grocery,49,219,9.285714285714286,8.533333333333333,2.8373534698101417,5.7421875,10,0.94,24.95,9,0,0
2023-09-18,SKU0002,1,Grocery,211,0,8.142857142857142,8.2,3.166636418488317,25.731707317073173,10,0.94,24.95,9,0,0
2023-09-25,SKU0002,1,Grocery,147,0,9.142857142857142,8.6,2.736723437326791,17.093023255813954,10,0.94,24.95,9,0,0
2023-10-02,SKU0002,1,Grocery,81,219,9.428571428571429,8.933333333333334,2.7659672291340804,9.067164179104477,10,0.94,24.95,10,0,0
2023-10-09,SKU0002,1,Grocery,246,0,7.714285714285714,8.8,2.90540518866901,27.954545454545453,10,0.94,24.95,10,0,0
2023-10-16,SKU0002,1,Grocery,200,0,6.571428571428571,8.366666666666667,2.606137759787167,23.904382470119522,10,0.94,24.95,10,0,0
2023-10-23,SKU0002,1,Grocery,148,0,7.428571428571429,7.833333333333333,2.450662589267795,18.893617021276597,10,0.94,24.95,10,0,0
2023-10-30,SKU0002,1,Grocery,79,219,9.857142857142858,8.066666666666666,3.247633975185869,9.793388429752067,10,0.94,24.95,10,0,0
2023-11-06,SKU0002,1,Grocery,223,0,10.714285714285714,8.633333333333333,3.4986039908880016,25.830115830115833,10,0.94,24.95,11,0,0
2023-11-13,SKU0002,1,Grocery,149,0,10.571428571428571,9.4,3.489886867052798,15.851063829787233,10,0.94,24.95,11,0,0
2023-11-20,SKU0002,1,Grocery,65,219,12.0,10.6,3.6634259450918982,6.132075471698114,10,0.94,24.95,11,0,0
2023-11-27,SKU0002,1,Grocery,204,0,11.428571428571429,10.866666666666667,3.5207104821116197,18.773006134969325,10,0.94,24.95,11,0,0
2023-12-04,SKU0002,1,Grocery,100,219,14.857142857142858,12.166666666666666,3.9573879693846026,8.219178082191782,10,0.94,24.95,12,0,0
2023-12-11,SKU0002,1,Grocery,19,219,11.571428571428571,12.266666666666667,4.570771709786938,1.5489130434782608,10,0.94,24.95,12,0,1
2023-12-18,SKU0002,1,Grocery,139,0,14.142857142857142,12.866666666666667,4.606841489105877,10.803108808290155,10,0.94,24.95,12,0,0
2023-01-30,SKU0002,2,Grocery,88,0,5.0,5.133333333333334,1.8332810859848758,17.142857142857142,10,0.94,24.95,1,0,0
2023-02-06,SKU0002,2,Grocery,46,121,6.0,5.3,1.5789564428051406,8.679245283018869,10,0.94,24.95,2,0,0
2023-02-13,SKU0002,2,Grocery,145,0,3.142857142857143,4.7,1.9678449616530895,30.851063829787233,10,0.94,24.95,2,0,0
2023-02-20,SKU0002,2,Grocery,99,0,6.571428571428571,5.1,2.2946714887711726,19.411764705882355,10,0.94,24.95,2,0,0
2023-02-27,SKU0002,2,Grocery,78,0,3.0,4.766666666666667,2.6087826905353353,16.363636363636363,10,0.94,24.95,2,0,0
2023-03-06,SKU0002,2,Grocery,42,121,5.142857142857143,4.533333333333333,2.661777126519869,9.264705882352942,10,0.94,24.95,3,0,0
2023-03-13,SKU0002,2,Grocery,121,0,6.0,4.966666666666667,2.7728154909994345,24.36241610738255,10,0.94,24.95,3,0,0
2023-03-20,SKU0002,2,Grocery,88,0,4.714285714285714,4.866666666666666,2.713101461469859,18.08219178082192,10,0.94,24.95,3,0,0
2023-03-27,SKU0002,2,Grocery,51,121,5.285714285714286,5.0,2.5596335944683632,10.2,10,0.94,24.95,3,0,0
2023-04-03,SKU0002,2,Grocery,138,0,4.857142857142857,5.133333333333334,2.5014938065819416,26.88311688311688,10,0.94,24.95,4,0,0
2023-04-10,SKU0002,2,Grocery,106,0,4.571428571428571,4.866666666666666,2.192987779787852,21.780821917808222,10,0.94,24.95,4,0,0
2023-04-17,SKU0002,2,Grocery,71,121,5.0,4.966666666666667,2.157318471738873,14.295302013422818,10,0.94,24.95,4,0,0
2023-04-24,SKU0002,2,Grocery,20,121,7.285714285714286,5.333333333333333,2.6824247051595997,3.75,10,0.94,24.95,4,0,0
2023-05-01,SKU0002,2,Grocery,101,0,5.714285714285714,5.7,2.4795717094024425,17.719298245614034,10,0.94,24.95,5,0,0
2023-05-08,SKU0002,2,Grocery,65,121,5.142857142857143,5.6,2.7367234373267935,11.607142857142858,10,0.94,24.95,5,0,0
2023-05-15,SKU0002,2,Grocery,18,121,6.714285714285714,6.166666666666667,2.574186625248677,2.918918918918919,10,0.94,24.95,5,0,0
2023-05-22,SKU0002,2,Grocery,106,0,4.714285714285714,5.633333333333334,2.4138013136149343,18.816568047337277,10,0.94,24.95,5,0,0
2023-05-29,SKU0002,2,Grocery,80,0,3.7142857142857144,5.033333333333333,2.3412836640190133,15.894039735099339,10,0.94,24.95,5,0,0
2023-06-05,SKU0002,2,Grocery,49,121,4.428571428571429,4.833333333333333,2.182743186014322,10.13793103448276,10,0.94,24.95,6,0,0
2023-06-12,SKU0002,2,Grocery,129,0,5.857142857142857,4.8,2.1877401346027647,26.875,10,0.94,24.95,6,0,0
2023-06-19,SKU0002,2,Grocery,96,0,4.714285714285714,4.7,1.859736725898366,20.425531914893615,10,0.94,24.95,6,0,0
2023-06-26,SKU0002,2,Grocery,59,121,5.285714285714286,5.033333333333333,2.18905322525253,11.721854304635762,10,0.94,24.95,6,0,0
2023-07-03,SKU0002,2,Grocery,146,0,4.857142857142857,5.1,2.309649921226307,28.627450980392158,10,0.94,24.95,7,0,0
2023-07-10,SKU0002,2,Grocery,115,0,4.428571428571429,4.966666666666667,2.399473122243259,23.154362416107382,10,0.94,24.95,7,0,0
2023-07-17,SKU0002,2,Grocery,85,0,4.285714285714286,4.733333333333333,2.4625937172201096,17.95774647887324,10,0.94,24.95,7,0,0
2023-07-24,SKU0002,2,Grocery,39,121,6.571428571428571,5.166666666666667,2.627222649600659,7.548387096774193,10,0.94,24.95,7,0,0
2023-07-31,SKU0002,2,Grocery,126,0,4.857142857142857,4.866666666666666,2.4597915994335127,25.890410958904113,10,0.94,24.95,7,0,0
2023-08-07,SKU0002,2,Grocery,100,0,3.7142857142857144,4.766666666666667,2.3442274417919817,20.97902097902098,10,0.94,24.95,8,0,0
2023-08-14,SKU0002,2,Grocery,57,121,6.142857142857143,5.3,2.0535923108811884,10.754716981132075,10,0.94,24.95,8,0,0
2023-08-21,SKU0002,2,Grocery,146,0,4.571428571428571,4.9,1.8070742213255415,29.795918367346935,10,0.94,24.95,8,0,0
2023-08-28,SKU0002,2,Grocery,110,0,5.142857142857143,4.866666666666666,1.9780403631273356,22.602739726027398,10,0.94,24.95,8,0,0
2023-09-04,SKU0002,2,Grocery,71,121,5.571428571428571,5.266666666666667,2.227312178440615,13.481012658227849,10,0.94,24.95,9,0,0
2023-09-11,SKU0002,2,Grocery,36,121,5.0,5.1,2.249137765823866,7.058823529411765,10,0.94,24.95,9,0,0
2023-09-18,SKU0002,2,Grocery,124,0,4.714285714285714,4.966666666666667,2.2664469129444442,24.966442953020135,10,0.94,24.95,9,0,0
2023-09-25,SKU0002,2,Grocery,89,0,5.0,5.266666666666667,2.44855106110748,16.89873417721519,10,0.94,24.95,9,0,0
2023-10-02,SKU0002,2,Grocery,41,121,6.857142857142857,5.333333333333333,2.5506366119925383,7.6875,10,0.94,24.95,10,0,0
2023-10-09,SKU0002,2,Grocery,129,0,4.714285714285714,5.3,2.6542094088837245,24.339622641509436,10,0.94,24.95,10,0,0
2023-10-16,SKU0002,2,Grocery,91,0,5.428571428571429,5.333333333333333,2.844636008875037,17.0625,10,0.94,24.95,10,0,0
2023-10-23,SKU0002,2,Grocery,59,121,4.571428571428571,5.4,2.6858505363195975,10.925925925925926,10,0.94,24.95,10,0,0
2023-10-30,SKU0002,2,Grocery,141,0,5.571428571428571,5.366666666666666,2.6193357059051974,26.27329192546584,10,0.94,24.95,10,0,0
2023-11-06,SKU0002,2,Grocery,99,0,6.0,5.2,2.5243640373574183,19.038461538461537,10,0.94,24.95,11,0,0
2023-11-13,SKU0002,2,Grocery,69,121,4.285714285714286,5.266666666666667,2.318342650187448,13.10126582278481,10,0.94,24.95,11,0,0
2023-11-20,SKU0002,2,Grocery,9,121,8.571428571428571,6.066666666666666,2.664366824352951,1.4835164835164836,10,0.94,24.95,11,0,0
2023-11-27,SKU0002,2,Grocery,85,0,6.428571428571429,6.166666666666667,2.8657710442673023,13.783783783783782,10,0.94,24.95,11,0,0
2023-12-04,SKU0002,2,Grocery,37,121,6.857142857142857,6.5,2.8976804040711444,5.6923076923076925,10,0.94,24.95,12,0,0
2023-12-11,SKU0002,2,Grocery,119,0,5.571428571428571,6.733333333333333,2.790789448727083,17.673267326732674,10,0.94,24.95,12,0,0
2023-12-18,SKU0002,2,Grocery,69,121,7.142857142857143,6.633333333333334,2.709922168793694,10.402010050251256,10,0.94,24.95,12,0,0
2023-01-30,SKU0002,3,Grocery,182,0,9.857142857142858,9.533333333333333,3.1374636509319975,19.09090909090909,10,0.94,24.95,1,0,0
2023-02-06,SKU0002,3,Grocery,134,0,6.857142857142857,8.966666666666667,3.2322014845584124,14.944237918215613,10,0.94,24.95,2,0,0
2023-02-13,SKU0002,3,Grocery,75,218,8.428571428571429,8.866666666666667,3.15936848047237,8.458646616541353,10,0.94,24.95,2,0,0
2023-02-20,SKU0002,3,Grocery,245,0,6.857142857142857,8.1,2.9751847233291286,30.246913580246915,10,0.94,24.95,2,0,0
2023-02-27,SKU0002,3,Grocery,180,0,9.285714285714286,7.833333333333333,3.108201978673502,22.97872340425532,10,0.94,24.95,2,0,0
2023-03-06,SKU0002,3,Grocery,119,0,8.714285714285714,8.3,3.06425442357742,14.33734939759036,10,0.94,24.95,3,0,0
2023-03-13,SKU0002,3,Grocery,62,218,8.142857142857142,8.1,2.9519134647628587,7.654320987654321,10,0.94,24.95,3,0,0
2023-03-20,SKU0002,3,Grocery,204,0,10.857142857142858,9.066666666666666,2.9235468932072215,22.5,10,0.94,24.95,3,0,0
2023-03-27,SKU0002,3,Grocery,128,0,10.857142857142858,9.333333333333334,3.0775419359963365,13.714285714285714,10,0.94,24.95,3,0,0
2023-04-03,SKU0002,3,Grocery,62,218,9.428571428571429,9.733333333333333,2.7156422156974482,6.36986301369863,10,0.94,24.95,4,0,0
2023-04-10,SKU0002,3,Grocery,215,0,9.285714285714286,10.066666666666666,2.462593717220105,21.357615894039736,10,0.94,24.95,4,0,0
2023-04-17,SKU0002,3,Grocery,149,0,9.428571428571429,9.9,2.397556227092276,15.05050505050505,10,0.94,24.95,4,0,0
2023-04-24,SKU0002,3,Grocery,76,218,10.428571428571429,9.766666666666667,2.6219673231522442,7.781569965870307,10,0.94,24.95,4,0,0
2023-05-01,SKU0002,3,Grocery,229,0,9.285714285714286,9.633333333333333,2.772815490999432,23.771626297577857,10,0.94,24.95,5,0,0
2023-05-08,SKU0002,3,Grocery,162,0,9.571428571428571,9.633333333333333,3.0567430642629296,16.81660899653979,10,0.94,24.95,5,0,0
2023-05-15,SKU0002,3,Grocery,86,218,10.857142857142858,9.833333333333334,4.077552793233851,8.745762711864407,10,0.94,24.95,5,0,0
2023-05-22,SKU0002,3,Grocery,224,0,11.428571428571429,10.1,4.138548804459909,22.17821782178218,10,0.94,24.95,5,0,0
2023-05-29,SKU0002,3,Grocery,167,0,8.142857142857142,9.933333333333334,3.9386093584107718,16.812080536912752,10,0.94,24.95,5,0,0
2023-06-05,SKU0002,3,Grocery,95,218,10.285714285714286,9.933333333333334,3.832108749926646,9.563758389261745,10,0.94,24.95,6,0,0
2023-06-12,SKU0002,3,Grocery,35,218,8.571428571428571,9.466666666666667,3.137463650931997,3.697183098591549,10,0.94,24.95,6,0,0
2023-06-19,SKU0002,3,Grocery,197,0,8.0,8.8,2.3838537330737504,22.386363636363633,10,0.94,24.95,6,0,0
2023-06-26,SKU0002,3,Grocery,143,0,7.714285714285714,8.5,2.2089161018082124,16.823529411764707,10,0.94,24.95,6,0,0
2023-07-03,SKU0002,3,Grocery,83,218,8.571428571428571,8.5,2.4879017610054053,9.764705882352942,10,0.94,24.95,7,0,0
2023-07-10,SKU0002,3,Grocery,229,0,10.285714285714286,8.633333333333333,2.619335705905199,26.525096525096526,10,0.94,24.95,7,0,0
2023-07-17,SKU0002,3,Grocery,164,0,9.285714285714286,8.866666666666667,3.3603502827813214,18.496240601503757,10,0.94,24.95,7,0,0
2023-07-24,SKU0002,3,Grocery,84,218,11.428571428571429,9.7,3.425563130146734,8.659793814432991,10,0.94,24.95,7,0,0
2023-07-31,SKU0002,3,Grocery,236,0,9.428571428571429,10.066666666666666,3.657145422823402,23.443708609271525,10,0.94,24.95,7,0,0
2023-08-07,SKU0002,3,Grocery,169,0,9.571428571428571,9.7,3.505168597450303,17.422680412371136,10,0.94,24.95,8,0,0
2023-08-14,SKU0002,3,Grocery,102,218,9.571428571428571,10.133333333333333,3.213477365971198,10.06578947368421,10,0.94,24.95,8,0,0
2023-08-21,SKU0002,3,Grocery,50,218,7.428571428571429,9.266666666666667,3.289831075564084,5.395683453237409,10,0.94,24.95,8,0,0
2023-08-28,SKU0002,3,Grocery,203,0,9.285714285714286,8.733333333333333,3.161550616208855,23.24427480916031,10,0.94,24.95,8,0,0
2023-09-04,SKU0002,3,Grocery,138,0,9.285714285714286,8.866666666666667,3.441464537216613,15.56390977443609,10,0.94,24.95,9,0,0
2023-09-11,SKU0002,3,Grocery,68,218,10.0,8.966666666666667,3.5378089199422575,7.5836431226765795,10,0.94,24.95,9,0,0
2023-09-18,SKU0002,3,Grocery,215,0,10.142857142857142,9.533333333333333,3.6834516546242373,22.552447552447553,10,0.94,24.95,9,0,0
2023-09-25,SKU0002,3,Grocery,149,0,9.428571428571429,9.466666666666667,3.401149231062058,15.73943661971831,10,0.94,24.95,9,0,0
2023-10-02,SKU0002,3,Grocery,79,218,10.0,9.933333333333334,3.0954174509106673,7.953020134228188,10,0.94,24.95,10,0,0
2023-10-09,SKU0002,3,Grocery,224,0,10.428571428571429,9.766666666666667,2.9558047312357085,22.935153583617744,10,0.94,24.95,10,0,0
2023-10-16,SKU0002,3,Grocery,152,0,10.285714285714286,10.0,2.3635157914750042,15.2,10,0.94,24.95,10,0,0
2023-10-23,SKU0002,3,Grocery,91,218,8.714285714285714,9.766666666666667,2.582211473128028,9.317406143344709,10,0.94,24.95,10,0,0
2023-10-30,SKU0002,3,Grocery,252,0,8.142857142857142,9.5,2.487901761005405,26.526315789473685,10,0.94,24.95,10,0,0
2023-11-06,SKU0002,3,Grocery,177,0,10.714285714285714,9.566666666666666,2.5008044682673107,18.501742160278745,10,0.94,24.95,11,0,0
2023-11-13,SKU0002,3,Grocery,87,218,12.857142857142858,10.1,3.77240433712488,8.613861386138614,10,0.94,24.95,11,0,0
2023-11-20,SKU0002,3,Grocery,219,0,12.285714285714286,10.9,4.146872523256278,20.091743119266056,10,0.94,24.95,11,0,0
2023-11-27,SKU0002,3,Grocery,143,0,10.857142857142858,11.4,4.247514486184217,12.543859649122806,10,0.94,24.95,11,0,0
2023-12-04,SKU0002,3,Grocery,51,218,13.142857142857142,12.166666666666666,4.387154708553316,4.191780821917808,10,0.94,24.95,12,0,1
2023-12-11,SKU0002,3,Grocery,188,0,11.571428571428571,11.8,4.708026894717069,15.932203389830507,10,0.94,24.95,12,0,0
2023-12-18,SKU0002,3,Grocery,79,218,15.571428571428571,12.433333333333334,5.076540590580953,6.353887399463807,10,0.94,24.95,12,0,0
2023-01-30,SKU0002,4,Grocery,355,0,20.285714285714285,21.133333333333333,5.02911065925065,16.798107255520506,10,0.94,24.95,1,0,0
2023-02-06,SKU0002,4,Grocery,203,522,21.714285714285715,20.933333333333334,4.298623142302687,9.697452229299364,10,0.94,24.95,2,0,0
2023-02-13,SKU0002,4,Grocery,571,0,22.0,20.966666666666665,3.8549863216657307,27.233704292527825,10,0.94,24.95,2,0,0
2023-02-20,SKU0002,4,Grocery,421,0,21.428571428571427,21.133333333333333,3.5982115608704284,19.9211356466877,10,0.94,24.95,2,0,0
2023-02-27,SKU0002,4,Grocery,280,522,20.142857142857142,21.333333333333332,3.660915029138851,13.125,10,0.94,24.95,2,0,0
2023-03-06,SKU0002,4,Grocery,154,522,18.0,20.433333333333334,4.215597747391948,7.536704730831974,10,0.94,24.95,3,0,0
2023-03-13,SKU0002,4,Grocery,531,0,20.714285714285715,19.9,3.772404337124877,26.683417085427138,10,0.94,24.95,3,0,0
2023-03-20,SKU0002,4,Grocery,382,0,21.285714285714285,20.1,4.113476589841297,19.00497512437811,10,0.94,24.95,3,0,0
2023-03-27,SKU0002,4,Grocery,238,522,20.571428571428573,19.966666666666665,3.9869038487089887,11.919866444073456,10,0.94,24.95,3,0,0
2023-04-03,SKU0002,4,Grocery,597,0,23.285714285714285,21.3,3.4154819925420936,28.028169014084504,10,0.94,24.95,4,0,0
2023-04-10,SKU0002,4,Grocery,432,0,23.571428571428573,22.033333333333335,4.460426246318909,19.606656580937972,10,0.94,24.95,4,0,0
2023-04-17,SKU0002,4,Grocery,312,0,17.142857142857142,20.866666666666667,5.0972158278223105,14.952076677316294,10,0.94,24.95,4,0,0
2023-04-24,SKU0002,4,Grocery,168,522,20.571428571428573,21.133333333333333,5.224170175538742,7.9495268138801265,10,0.94,24.95,4,0,0
2023-05-01,SKU0002,4,Grocery,552,0,19.714285714285715,20.166666666666668,5.2855256700914195,27.37190082644628,10,0.94,24.95,5,0,0
2023-05-08,SKU0002,4,Grocery,396,0,22.285714285714285,20.366666666666667,4.944403547120882,19.44353518821604,10,0.94,24.95,5,0,0
2023-05-15,SKU0002,4,Grocery,239,522,22.428571428571427,20.8,4.98549620537345,11.490384615384615,10,0.94,24.95,5,0,0
2023-05-22,SKU0002,4,Grocery,642,0,17.0,20.133333333333333,5.083667786246412,31.887417218543046,10,0.94,24.95,5,0,0
2023-05-29,SKU0002,4,Grocery,471,0,24.428571428571427,21.266666666666666,5.947664469661865,22.147335423197493,10,0.94,24.95,5,0,0
2023-06-05,SKU0002,4,Grocery,349,0,17.428571428571427,20.533333333333335,5.911609462471414,16.996753246753244,10,0.94,24.95,6,0,0
2023-06-12,SKU0002,4,Grocery,194,522,22.142857142857142,20.533333333333335,5.992715884985778,9.448051948051948,10,0.94,24.95,6,0,0
2023-06-19,SKU0002,4,Grocery,577,0,19.857142857142858,20.866666666666667,5.513202544696734,27.6517571884984,10,0.94,24.95,6,0,0
2023-06-26,SKU0002,4,Grocery,421,0,22.285714285714285,20.5,5.076993408402799,20.536585365853657,10,0.94,24.95,6,0,0
2023-07-03,SKU0002,4,Grocery,286,522,19.285714285714285,20.566666666666666,4.132990345428144,13.905996758508914,10,0.94,24.95,7,0,0
2023-07-10,SKU0002,4,Grocery,143,522,20.428571428571427,20.466666666666665,3.702127378472643,6.986970684039089,10,0.94,24.95,7,0,0
2023-07-17,SKU0002,4,Grocery,526,0,19.857142857142858,20.3,3.9053455849554424,25.911330049261082,10,0.94,24.95,7,0,0
2023-07-24,SKU0002,4,Grocery,374,0,21.714285714285715,20.4,3.91812763165405,18.333333333333336,10,0.94,24.95,7,0,0
2023-07-31,SKU0002,4,Grocery,231,522,20.428571428571427,20.5,4.100042051928998,11.268292682926829,10,0.94,24.95,7,0,0
2023-08-07,SKU0002,4,Grocery,600,0,21.857142857142858,21.266666666666666,4.409498629200321,28.213166144200628,10,0.94,24.95,8,0,0
2023-08-14,SKU0002,4,Grocery,454,0,20.857142857142858,20.733333333333334,4.870271063286419,21.897106109324756,10,0.94,24.95,8,0,0
2023-08-21,SKU0002,4,Grocery,276,522,25.428571428571427,22.233333333333334,4.739295257760365,12.413793103448276,10,0.94,24.95,8,0,0
2023-08-28,SKU0002,4,Grocery,117,522,22.714285714285715,22.5,4.9809983765893975,5.2,10,0.94,24.95,8,0,0
2023-09-04,SKU0002,4,Grocery,487,0,21.714285714285715,22.666666666666668,4.971181316162279,21.485294117647058,10,0.94,24.95,9,0,0
2023-09-11,SKU0002,4,Grocery,350,0,19.571428571428573,22.266666666666666,5.330027711213034,15.718562874251498,10,0.94,24.95,9,0,0
2023-09-18,SKU0002,4,Grocery,218,522,18.857142857142858,20.9,4.9989654102037715,10.43062200956938,10,0.94,24.95,9,0,0
2023-09-25,SKU0002,4,Grocery,583,0,22.428571428571427,20.933333333333334,5.10532739558316,27.85031847133758,10,0.94,24.95,9,0,0
2023-10-02,SKU0002,4,Grocery,427,0,22.285714285714285,20.566666666666666,4.896750036456853,20.761750405186387,10,0.94,24.95,10,0,0
2023-10-09,SKU0002,4,Grocery,284,522,20.428571428571427,20.833333333333332,4.291799183312871,13.632000000000001,10,0.94,24.95,10,0,0
2023-10-16,SKU0002,4,Grocery,126,522,22.571428571428573,21.566666666666666,3.7845724336769013,5.842349304482226,10,0.94,24.95,10,0,0
2023-10-23,SKU0002,4,Grocery,494,0,22.0,21.633333333333333,4.055505694334751,22.83513097072419,10,0.94,24.95,10,0,0
2023-10-30,SKU0002,4,Grocery,330,0,23.428571428571427,21.9,3.98575048096989,15.068493150684933,10,0.94,24.95,10,0,0
2023-11-06,SKU0002,4,Grocery,156,522,24.857142857142858,23.033333333333335,4.552250927370669,6.772793053545586,10,0.94,24.95,11,0,0
2023-11-13,SKU0002,4,Grocery,502,0,25.142857142857142,23.566666666666666,5.3735195769326225,21.3012729844413,10,0.94,24.95,11,0,0
2023-11-20,SKU0002,4,Grocery,323,0,25.571428571428573,24.833333333333332,4.68367180844211,13.006711409395974,10,0.94,24.95,11,0,0
2023-11-27,SKU0002,4,Grocery,119,522,29.142857142857142,26.033333333333335,5.45504090400501,4.571062740076824,10,0.94,24.95,11,0,0
2023-12-04,SKU0002,4,Grocery,425,0,30.857142857142858,27.233333333333334,5.911317802395631,15.605875152998776,10,0.94,24.95,12,0,0
2023-12-11,SKU0002,4,Grocery,209,522,30.857142857142858,28.7,6.000862007044171,7.2822299651567945,10,0.94,24.95,12,0,0
2023-12-18,SKU0002,4,Grocery,508,0,31.857142857142858,30.2,5.927143872284412,16.821192052980134,10,0.94,24.95,12,0,0
2023-01-30,SKU0003,1,HomeGoods,276,543,51.142857142857146,46.2,7.058377267840848,5.974025974025974,9,0.77,49.29,1,0,0
2023-02-06,SKU0003,1,HomeGoods,495,0,46.285714285714285,47.1,6.717706915823031,10.509554140127388,9,0.77,49.29,2,0,0
2023-02-13,SKU0003,1,HomeGoods,217,543,39.714285714285715,46.03333333333333,7.8278165949182865,4.713975380159305,9,0.77,49.29,2,0,1
2023-02-20,SKU0003,1,HomeGoods,0,543,31.0,42.166666666666664,12.222318007287496,0.0,9,0.77,49.29,2,0,0
2023-02-27,SKU0003,1,HomeGoods,248,543,42.142857142857146,40.266666666666666,11.343943647218289,6.158940397350993,9,0.77,49.29,2,0,0
2023-03-06,SKU0003,1,HomeGoods,521,0,38.57142857142857,37.96666666666667,10.37065931909073,13.7225636523266,9,0.77,49.29,3,0,0
2023-03-13,SKU0003,1,HomeGoods,270,543,35.857142857142854,37.0,10.494662025738728,7.297297297297297,9,0.77,49.29,3,0,0
2023-03-20,SKU0003,1,HomeGoods,543,0,38.57142857142857,36.833333333333336,10.4850742300279,14.7420814479638,9,0.77,49.29,3,0,0
2023-03-27,SKU0003,1,HomeGoods,278,543,37.857142857142854,37.333333333333336,6.676429632945884,7.446428571428571,9,0.77,49.29,3,0,0
2023-04-03,SKU0003,1,HomeGoods,565,0,36.57142857142857,37.166666666666664,6.555247086709687,15.201793721973095,9,0.77,49.29,4,0,0
2023-04-10,SKU0003,1,HomeGoods,315,543,35.714285714285715,36.96666666666667,5.792285793418988,8.521190261496844,9,0.77,49.29,4,0,0
2023-04-17,SKU0003,1,HomeGoods,581,0,39.57142857142857,37.2,5.333045969269774,15.618279569892472,9,0.77,49.29,4,0,0
2023-04-24,SKU0003,1,HomeGoods,310,543,38.714285714285715,37.833333333333336,4.763969174842579,8.193832599118942,9,0.77,49.29,4,0,0
2023-05-01,SKU0003,1,HomeGoods,578,0,39.285714285714285,38.36666666666667,4.40597817495282,15.065160729800173,9,0.77,49.29,5,0,0
2023-05-08,SKU0003,1,HomeGoods,311,543,38.142857142857146,38.6,5.089543032125941,8.05699481865285,9,0.77,49.29,5,0,0
2023-05-15,SKU0003,1,HomeGoods,582,0,38.857142857142854,38.6,4.753220323977788,15.077720207253886,9,0.77,49.29,5,0,0
2023-05-22,SKU0003,1,HomeGoods,297,543,40.714285714285715,38.93333333333333,4.24209880823752,7.628424657534247,9,0.77,49.29,5,0,0
2023-05-29,SKU0003,1,HomeGoods,543,0,42.42857142857143,39.96666666666667,4.649681734257146,13.586321934945788,9,0.77,49.29,5,0,0
2023-06-05,SKU0003,1,HomeGoods,281,543,37.42857142857143,39.666666666666664,4.780227474989364,7.084033613445379,9,0.77,49.29,6,0,0
2023-06-12,SKU0003,1,HomeGoods,568,0,36.57142857142857,39.233333333333334,5.164089086368822,14.477485131690738,9,0.77,49.29,6,0,0
2023-06-19,SKU0003,1,HomeGoods,305,543,37.57142857142857,38.53333333333333,7.132892885746979,7.91522491349481,9,0.77,49.29,6,0,0
2023-06-26,SKU0003,1,HomeGoods,625,0,31.857142857142858,36.6,7.654613213499146,17.076502732240435,9,0.77,49.29,6,0,0
2023-07-03,SKU0003,1,HomeGoods,356,543,38.42857142857143,35.9,7.274660793134781,9.916434540389973,9,0.77,49.29,7,0,0
2023-07-10,SKU0003,1,HomeGoods,654,0,35.0,35.93333333333333,7.606409880118725,18.200371057513916,9,0.77,49.29,7,0,0
2023-07-17,SKU0003,1,HomeGoods,388,543,38.0,35.93333333333333,7.8121626363940475,10.797773654916513,9,0.77,49.29,7,0,0
2023-07-24,SKU0003,1,HomeGoods,645,0,40.857142857142854,37.5,7.955696289343606,17.2,9,0.77,49.29,7,0,0
2023-07-31,SKU0003,1,HomeGoods,410,543,33.57142857142857,37.233333333333334,7.430985145314505,11.011638316920322,9,0.77,49.29,7,0,0
2023-08-07,SKU0003,1,HomeGoods,644,0,44.142857142857146,38.666666666666664,8.833062238303697,16.655172413793103,9,0.77,49.29,8,0,0
2023-08-14,SKU0003,1,HomeGoods,380,543,37.714285714285715,39.13333333333333,8.435284404719575,9.710391822827939,9,0.77,49.29,8,0,0
2023-08-21,SKU0003,1,HomeGoods,682,0,34.42857142857143,37.233333333333334,8.319828137040147,18.316920322291853,9,0.77,49.29,8,0,0
2023-08-28,SKU0003,1,HomeGoods,418,543,37.714285714285715,37.86666666666667,8.353125920496945,11.038732394366198,9,0.77,49.29,8,0,0
2023-09-04,SKU0003,1,HomeGoods,692,0,38.42857142857143,37.8,7.355035807128182,18.306878306878307,9,0.77,49.29,9,0,0
2023-09-11,SKU0003,1,HomeGoods,415,543,39.57142857142857,37.7,7.249970273422991,11.007957559681698,9,0.77,49.29,9,0,0
2023-09-18,SKU0003,1,HomeGoods,128,543,41.0,38.63333333333333,7.513130268854734,3.3132010353753234,9,0.77,49.29,9,0,0
2023-09-25,SKU0003,1,HomeGoods,378,543,41.857142857142854,39.8,7.65821623239174,9.49748743718593,9,0.77,49.29,9,0,0
2023-10-02,SKU0003,1,HomeGoods,96,543,40.285714285714285,40.36666666666667,7.425414574903859,2.3781998348472335,9,0.77,49.29,10,0,0
2023-10-09,SKU0003,1,HomeGoods,372,543,38.142857142857146,39.9,6.288193644469306,9.323308270676693,9,0.77,49.29,10,0,0
2023-10-16,SKU0003,1,HomeGoods,643,0,38.857142857142854,39.6,6.360438067758581,16.237373737373737,9,0.77,49.29,10,0,0
2023-10-23,SKU0003,1,HomeGoods,403,543,34.285714285714285,37.93333333333333,6.230809618801304,10.62390158172232,9,0.77,49.29,10,0,0
2023-10-30,SKU0003,1,HomeGoods,673,0,39.0,38.06666666666667,6.8729019787274055,17.679509632224168,9,0.77,49.29,10,0,0
2023-11-06,SKU0003,1,HomeGoods,322,543,50.142857142857146,40.6,8.904086624729615,7.93103448275862,9,0.77,49.29,11,0,0
2023-11-13,SKU0003,1,HomeGoods,511,0,50.57142857142857,43.4,9.496278763011658,11.774193548387098,9,0.77,49.29,11,0,0
2023-11-20,SKU0003,1,HomeGoods,180,543,47.285714285714285,46.06666666666667,8.233377541879431,3.907380607814761,9,0.77,49.29,11,0,0
2023-11-27,SKU0003,1,HomeGoods,379,543,49.142857142857146,48.36666666666667,6.472665779943246,7.835975189524466,9,0.77,49.29,11,0,0
2023-12-04,SKU0003,1,HomeGoods,525,0,56.714285714285715,50.7,5.808139354269839,10.355029585798816,9,0.77,49.29,12,0,0
2023-12-11,SKU0003,1,HomeGoods,133,543,56.0,52.46666666666667,6.991291791903506,2.5349428208386278,9,0.77,49.29,12,0,0
2023-12-18,SKU0003,1,HomeGoods,310,543,52.285714285714285,53.233333333333334,7.084141265620084,5.823418910457107,9,0.77,49.29,12,0,0
2023-01-30,SKU0003,2,HomeGoods,146,647,34.57142857142857,34.43333333333333,6.295501039101919,4.240077444336883,9,0.77,49.29,1,0,0
2023-02-06,SKU0003,2,HomeGoods,586,0,29.571428571428573,33.1,7.217555226548383,17.70392749244713,9,0.77,49.29,2,0,0
2023-02-13,SKU0003,2,HomeGoods,387,0,28.428571428571427,32.13333333333333,7.890340376965231,12.04356846473029,9,0.77,49.29,2,0,0
2023-02-20,SKU0003,2,HomeGoods,167,647,31.428571428571427,31.5,8.165317739874148,5.301587301587301,9,0.77,49.29,2,0,0
2023-02-27,SKU0003,2,HomeGoods,592,0,31.714285714285715,30.766666666666666,6.151441285183294,19.24160346695558,9,0.77,49.29,2,0,0
2023-03-06,SKU0003,2,HomeGoods,417,0,25.0,28.6,6.083329396944097,14.58041958041958,9,0.77,49.29,3,0,0
2023-03-13,SKU0003,2,HomeGoods,226,647,27.285714285714285,28.6,6.088995160859107,7.902097902097902,9,0.77,49.29,3,0,0
2023-03-20,SKU0003,2,HomeGoods,675,0,28.285714285714285,28.5,6.1405941529891255,23.68421052631579,9,0.77,49.29,3,0,0
2023-03-27,SKU0003,2,HomeGoods,472,0,29.0,27.766666666666666,5.654923599796938,16.998799519807925,9,0.77,49.29,3,0,0
2023-04-03,SKU0003,2,HomeGoods,275,647,28.142857142857142,28.0,5.78344844033982,9.821428571428571,9,0.77,49.29,4,0,0
2023-04-10,SKU0003,2,HomeGoods,64,647,30.142857142857142,28.466666666666665,5.2043306458433705,2.24824355971897,9,0.77,49.29,4,0,0
2023-04-17,SKU0003,2,HomeGoods,513,0,28.285714285714285,29.066666666666666,4.689925617624514,17.64908256880734,9,0.77,49.29,4,0,0
2023-04-24,SKU0003,2,HomeGoods,314,0,28.428571428571427,28.533333333333335,4.761435116413559,11.004672897196262,9,0.77,49.29,4,0,0
2023-05-01,SKU0003,2,HomeGoods,113,647,28.714285714285715,28.633333333333333,4.544669733710675,3.9464493597206056,9,0.77,49.29,5,0,0
2023-05-08,SKU0003,2,HomeGoods,565,0,27.857142857142858,28.4,4.87498894782126,19.8943661971831,9,0.77,49.29,5,0,0
2023-05-15,SKU0003,2,HomeGoods,386,0,25.571428571428573,27.433333333333334,4.917830565530344,14.070473876063183,9,0.77,49.29,5,0,0
2023-05-22,SKU0003,2,HomeGoods,170,647,30.857142857142858,27.966666666666665,5.255429595179177,6.0786650774731825,9,0.77,49.29,5,0,0
2023-05-29,SKU0003,2,HomeGoods,627,0,27.142857142857142,27.766666666666666,5.525385512113285,22.581032412965186,9,0.77,49.29,5,0,0
2023-06-05,SKU0003,2,HomeGoods,445,0,26.0,27.733333333333334,5.854166411011581,16.045673076923077,9,0.77,49.29,6,0,0
2023-06-12,SKU0003,2,HomeGoods,258,647,26.714285714285715,27.466666666666665,6.038573326216391,9.393203883495147,9,0.77,49.29,6,0,0
2023-06-19,SKU0003,2,HomeGoods,682,0,31.857142857142858,27.866666666666667,6.146113621116867,24.473684210526315,9,0.77,49.29,6,0,0
2023-06-26,SKU0003,2,HomeGoods,504,0,25.428571428571427,27.366666666666667,5.921808515306296,18.416565164433617,9,0.77,49.29,6,0,0
2023-07-03,SKU0003,2,HomeGoods,320,0,26.285714285714285,27.2,5.8921338561942465,11.764705882352942,9,0.77,49.29,7,0,0
2023-07-10,SKU0003,2,HomeGoods,114,647,29.428571428571427,27.966666666666665,6.445973527144196,4.076281287246722,9,0.77,49.29,7,0,0
2023-07-17,SKU0003,2,HomeGoods,571,0,27.142857142857142,27.533333333333335,6.268329444356657,20.738498789346245,9,0.77,49.29,7,0,0
2023-07-24,SKU0003,2,HomeGoods,368,0,29.0,27.7,5.766430797116285,13.28519855595668,9,0.77,49.29,7,0,0
2023-07-31,SKU0003,2,HomeGoods,198,647,24.285714285714285,27.3,5.772407613394305,7.252747252747253,9,0.77,49.29,7,0,0
2023-08-07,SKU0003,2,HomeGoods,639,0,29.428571428571427,27.6,5.715073837276066,23.152173913043477,9,0.77,49.29,8,0,0
2023-08-14,SKU0003,2,HomeGoods,438,0,28.714285714285715,27.8,5.1488197509318905,15.755395683453237,9,0.77,49.29,8,0,0
2023-08-21,SKU0003,2,HomeGoods,233,647,29.285714285714285,28.0,5.595564746081161,8.321428571428571,9,0.77,49.29,8,0,0
2023-08-28,SKU0003,2,HomeGoods,695,0,26.428571428571427,28.2,6.321283152149988,24.645390070921987,9,0.77,49.29,8,0,0
2023-09-04,SKU0003,2,HomeGoods,493,0,28.857142857142858,28.566666666666666,6.673071635871397,17.257876312718786,9,0.77,49.29,9,0,0
2023-09-11,SKU0003,2,HomeGoods,324,0,24.142857142857142,27.7,7.211819799994059,11.696750902527077,9,0.77,49.29,9,0,0
2023-09-18,SKU0003,2,HomeGoods,109,647,30.714285714285715,27.666666666666668,7.207913913782953,3.939759036144578,9,0.77,49.29,9,0,1
2023-09-25,SKU0003,2,HomeGoods,563,0,27.571428571428573,27.5,9.409276420566082,20.472727272727273,9,0.77,49.29,9,0,0
2023-10-02,SKU0003,2,HomeGoods,355,0,29.714285714285715,28.166666666666668,8.886577764686256,12.603550295857987,9,0.77,49.29,10,0,0
2023-10-09,SKU0003,2,HomeGoods,163,647,27.428571428571427,28.933333333333334,8.638060659316016,5.6336405529953915,9,0.77,49.29,10,0,0
2023-10-16,SKU0003,2,HomeGoods,574,0,33.714285714285715,29.1,8.926326811450927,19.72508591065292,9,0.77,49.29,10,0,0
2023-10-23,SKU0003,2,HomeGoods,365,0,29.857142857142858,30.966666666666665,6.261449283228025,11.78686759956943,9,0.77,49.29,10,0,0
2023-10-30,SKU0003,2,HomeGoods,161,647,29.142857142857142,29.9,5.827106693187722,5.384615384615385,9,0.77,49.29,10,0,1
2023-11-06,SKU0003,2,HomeGoods,0,647,23.0,28.7,10.612776944926278,0.0,9,0.77,49.29,11,0,1
2023-11-13,SKU0003,2,HomeGoods,521,0,18.0,25.366666666666667,13.48941688198909,20.538764783180024,9,0.77,49.29,11,0,0
2023-11-20,SKU0003,2,HomeGoods,252,647,38.42857142857143,27.066666666666666,14.767002668655957,9.310344827586206,9,0.77,49.29,11,0,1
2023-11-27,SKU0003,2,HomeGoods,0,647,36.0,28.566666666666666,15.670493540922445,0.0,9,0.77,49.29,11,0,0
2023-12-04,SKU0003,2,HomeGoods,384,0,37.57142857142857,30.333333333333332,15.468172736819689,12.65934065934066,9,0.77,49.29,12,0,0
2023-12-11,SKU0003,2,HomeGoods,115,647,38.42857142857143,37.266666666666666,7.3669033092484355,3.085867620751342,9,0.77,49.29,12,0,0
2023-12-18,SKU0003,2,HomeGoods,500,0,37.42857142857143,37.43333333333333,6.911675944936622,13.357079252003563,9,0.77,49.29,12,0,0
2023-01-30,SKU0003,3,HomeGoods,364,0,27.285714285714285,29.033333333333335,8.289932961474848,12.53731343283582,9,0.77,49.29,1,0,0
2023-02-06,SKU0003,3,HomeGoods,173,555,27.285714285714285,29.033333333333335,8.711796731952061,5.958668197474167,9,0.77,49.29,2,0,0
2023-02-13,SKU0003,3,HomeGoods,559,0,24.142857142857142,26.166666666666668,7.249653182350723,21.363057324840764,9,0.77,49.29,2,0,0
2023-02-20,SKU0003,3,HomeGoods,388,0,24.428571428571427,25.266666666666666,7.2107837506647465,15.356200527704486,9,0.77,49.29,2,0,0
2023-02-27,SKU0003,3,HomeGoods,211,555,25.285714285714285,25.6,5.86985284430481,8.2421875,9,0.77,49.29,2,0,0
2023-03-06,SKU0003,3,HomeGoods,584,0,26.0,25.266666666666666,5.68078026047622,23.113456464379947,9,0.77,49.29,3,0,0
2023-03-13,SKU0003,3,HomeGoods,398,0,26.571428571428573,25.533333333333335,4.8688548064649595,15.587467362924281,9,0.77,49.29,3,0,0
2023-03-20,SKU0003,3,HomeGoods,219,555,25.571428571428573,25.633333333333333,4.874163647680284,8.543563068920676,9,0.77,49.29,3,0,0
2023-03-27,SKU0003,3,HomeGoods,25,555,27.714285714285715,26.266666666666666,5.258381377633596,0.9517766497461929,9,0.77,49.29,3,0,1
2023-04-03,SKU0003,3,HomeGoods,461,0,17.0,23.766666666666666,8.589019988788964,19.396914446002807,9,0.77,49.29,4,0,0
2023-04-10,SKU0003,3,HomeGoods,266,0,27.857142857142858,24.766666666666666,8.676894936964874,10.740242261103635,9,0.77,49.29,4,0,0
2023-04-17,SKU0003,3,HomeGoods,88,555,25.428571428571427,24.6,8.47552256551895,3.5772357723577235,9,0.77,49.29,4,0,0
2023-04-24,SKU0003,3,HomeGoods,454,0,27.0,24.833333333333332,8.408055797795992,18.281879194630875,9,0.77,49.29,4,0,0
2023-05-01,SKU0003,3,HomeGoods,268,0,26.571428571428573,26.833333333333332,4.69102836555449,9.987577639751553,9,0.77,49.29,5,0,0
2023-05-08,SKU0003,3,HomeGoods,127,555,20.142857142857142,25.166666666666668,5.651263717894927,5.046357615894039,9,0.77,49.29,5,0,0
2023-05-15,SKU0003,3,HomeGoods,521,0,23.0,24.1,5.785534875281948,21.618257261410786,9,0.77,49.29,5,0,0
2023-05-22,SKU0003,3,HomeGoods,356,0,23.571428571428573,23.733333333333334,5.650348377012649,15.0,9,0.77,49.29,5,0,0
2023-05-29,SKU0003,3,HomeGoods,150,555,29.428571428571427,24.5,5.940799899700047,6.122448979591836,9,0.77,49.29,5,0,0
2023-06-05,SKU0003,3,HomeGoods,511,0,27.714285714285715,25.566666666666666,5.05612181578847,19.98696219035202,9,0.77,49.29,6,0,0
2023-06-12,SKU0003,3,HomeGoods,344,0,23.857142857142858,26.133333333333333,4.621787483239572,13.16326530612245,9,0.77,49.29,6,0,0
2023-06-19,SKU0003,3,HomeGoods,192,555,21.714285714285715,25.466666666666665,4.925187434440234,7.539267015706807,9,0.77,49.29,6,0,0
2023-06-26,SKU0003,3,HomeGoods,583,0,23.428571428571427,24.766666666666666,5.237025566255087,23.53970390309556,9,0.77,49.29,6,0,0
2023-07-03,SKU0003,3,HomeGoods,409,0,24.857142857142858,23.533333333333335,4.614320537521084,17.379603399433428,9,0.77,49.29,7,0,0
2023-07-10,SKU0003,3,HomeGoods,246,555,23.285714285714285,23.233333333333334,4.636313438374391,10.588235294117647,9,0.77,49.29,7,0,0
2023-07-17,SKU0003,3,HomeGoods,49,555,28.142857142857142,24.5,5.276819836436253,2.0,9,0.77,49.29,7,0,1
2023-07-24,SKU0003,3,HomeGoods,0,555,7.0,20.933333333333334,10.474709553485756,0.0,9,0.77,49.29,7,0,0
2023-07-31,SKU0003,3,HomeGoods,379,0,25.142857142857142,21.133333333333333,10.44437922862173,17.933753943217667,9,0.77,49.29,7,0,0
2023-08-07,SKU0003,3,HomeGoods,172,555,29.571428571428573,22.6,11.168304906419733,7.610619469026548,9,0.77,49.29,8,0,0
2023-08-14,SKU0003,3,HomeGoods,555,0,24.571428571428573,22.066666666666666,10.906920717610008,25.15105740181269,9,0.77,49.29,8,0,0
2023-08-21,SKU0003,3,HomeGoods,380,0,25.0,24.333333333333332,8.022955570857555,15.616438356164384,9,0.77,49.29,8,0,0
2023-08-28,SKU0003,3,HomeGoods,182,555,28.285714285714285,26.633333333333333,5.461358510628023,6.833541927409262,9,0.77,49.29,8,0,0
2023-09-04,SKU0003,3,HomeGoods,571,0,23.714285714285715,25.866666666666667,5.643020304847359,22.074742268041238,9,0.77,49.29,9,0,0
2023-09-11,SKU0003,3,HomeGoods,410,0,23.0,24.733333333333334,5.74116012145891,16.576819407008085,9,0.77,49.29,9,0,0
2023-09-18,SKU0003,3,HomeGoods,247,555,23.285714285714285,24.366666666666667,6.17828976075227,10.136798905608755,9,0.77,49.29,9,0,0
2023-09-25,SKU0003,3,HomeGoods,91,555,22.285714285714285,23.466666666666665,5.177759689508508,3.877840909090909,9,0.77,49.29,9,0,0
2023-10-02,SKU0003,3,HomeGoods,487,0,22.714285714285715,23.066666666666666,4.856089908084771,21.112716763005782,9,0.77,49.29,10,0,0
2023-10-09,SKU0003,3,HomeGoods,317,0,24.285714285714285,23.2,4.795112454184605,13.663793103448276,9,0.77,49.29,10,0,0
2023-10-16,SKU0003,3,HomeGoods,142,555,25.0,23.633333333333333,4.147981090414608,6.0084626234132585,9,0.77,49.29,10,0,1
2023-10-23,SKU0003,3,HomeGoods,0,555,20.285714285714285,22.966666666666665,7.862978874549369,0.0,9,0.77,49.29,10,0,1
2023-10-30,SKU0003,3,HomeGoods,434,0,17.285714285714285,21.8,9.9737586730864,19.908256880733944,9,0.77,49.29,10,0,0
2023-11-06,SKU0003,3,HomeGoods,230,555,29.142857142857142,23.3,10.729109613730706,9.871244635193133,9,0.77,49.29,11,0,1
2023-11-13,SKU0003,3,HomeGoods,0,555,32.857142857142854,25.133333333333333,11.500324832993542,0.0,9,0.77,49.29,11,0,1
2023-11-20,SKU0003,3,HomeGoods,456,0,14.142857142857142,21.833333333333332,14.328855221336543,20.885496183206108,9,0.77,49.29,11,0,0
2023-11-27,SKU0003,3,HomeGoods,232,555,32.0,26.866666666666667,11.892429737335899,8.635235732009926,9,0.77,49.29,11,0,0
2023-12-04,SKU0003,3,HomeGoods,535,0,36.0,29.133333333333333,12.601952047294041,18.36384439359268,9,0.77,49.29,12,0,0
2023-12-11,SKU0003,3,HomeGoods,319,0,30.857142857142858,28.566666666666666,12.571679539217557,11.16686114352392,9,0.77,49.29,12,0,0
2023-12-18,SKU0003,3,HomeGoods,92,555,32.42857142857143,32.96666666666667,6.076996384520101,2.7906976744186043,9,0.77,49.29,12,0,0
2023-01-30,SKU0003,4,HomeGoods,448,0,44.42857142857143,40.2,6.4668918079068245,11.144278606965173,9,0.77,49.29,1,0,0
2023-02-06,SKU0003,4,HomeGoods,177,741,38.714285714285715,40.06666666666667,7.186833427361711,4.417637271214642,9,0.77,49.29,2,0,0
2023-02-13,SKU0003,4,HomeGoods,674,0,34.857142857142854,38.6,7.559419791637911,17.461139896373055,9,0.77,49.29,2,0,0
2023-02-20,SKU0003,4,HomeGoods,430,0,34.857142857142854,38.2,7.778839555331265,11.2565445026178,9,0.77,49.29,2,0,0
2023-02-27,SKU0003,4,HomeGoods,222,741,29.714285714285715,34.833333333333336,7.957140940942504,6.373205741626794,9,0.77,49.29,2,0,0
2023-03-06,SKU0003,4,HomeGoods,722,0,34.42857142857143,33.233333333333334,7.426343293481942,21.72517552657974,9,0.77,49.29,3,0,0
2023-03-13,SKU0003,4,HomeGoods,473,0,35.57142857142857,33.5,7.828991215238165,14.119402985074627,9,0.77,49.29,3,0,0
2023-03-20,SKU0003,4,HomeGoods,246,741,32.42857142857143,33.1,7.373531414271044,7.43202416918429,9,0.77,49.29,3,0,0
2023-03-27,SKU0003,4,HomeGoods,730,0,36.714285714285715,34.333333333333336,7.73408636840987,21.262135922330096,9,0.77,49.29,3,0,0
2023-04-03,SKU0003,4,HomeGoods,503,0,32.42857142857143,33.833333333333336,7.579843203424868,14.866995073891625,9,0.77,49.29,4,0,0
2023-04-10,SKU0003,4,HomeGoods,275,741,32.57142857142857,33.56666666666667,6.714283967438579,8.192651439920555,9,0.77,49.29,4,0,0
2023-04-17,SKU0003,4,HomeGoods,794,0,31.714285714285715,33.13333333333333,6.511175185698128,23.963782696177063,9,0.77,49.29,4,0,0
2023-04-24,SKU0003,4,HomeGoods,577,0,31.0,32.86666666666667,6.489956874270087,17.55578093306288,9,0.77,49.29,4,0,0
2023-05-01,SKU0003,4,HomeGoods,316,741,37.285714285714285,32.93333333333333,5.794964123737332,9.59514170040486,9,0.77,49.29,5,0,0
2023-05-08,SKU0003,4,HomeGoods,94,741,31.714285714285715,32.9,5.573026169834093,2.857142857142857,9,0.77,49.29,5,0,0
2023-05-15,SKU0003,4,HomeGoods,608,0,32.42857142857143,32.93333333333333,5.8776803619099685,18.461538461538463,9,0.77,49.29,5,0,0
2023-05-22,SKU0003,4,HomeGoods,373,741,33.57142857142857,33.0,6.297235299224063,11.303030303030303,9,0.77,49.29,5,0,0
2023-05-29,SKU0003,4,HomeGoods,151,741,31.714285714285715,32.7,5.700272225804341,4.617737003058104,9,0.77,49.29,5,0,0
2023-06-05,SKU0003,4,HomeGoods,604,0,41.142857142857146,34.56666666666667,7.030393785671575,17.47348119575699,9,0.77,49.29,6,0,0
2023-06-12,SKU0003,4,HomeGoods,383,741,31.571428571428573,34.166666666666664,7.390969948633908,11.209756097560977,9,0.77,49.29,6,0,0
2023-06-19,SKU0003,4,HomeGoods,897,0,32.42857142857143,33.86666666666667,7.641688445549907,26.486220472440944,9,0.77,49.29,6,0,0
2023-06-26,SKU0003,4,HomeGoods,646,0,35.857142857142854,34.7,8.039342913619176,18.616714697406337,9,0.77,49.29,6,0,0
2023-07-03,SKU0003,4,HomeGoods,397,741,35.57142857142857,34.53333333333333,6.755500100599192,11.496138996138997,9,0.77,49.29,7,0,0
2023-07-10,SKU0003,4,HomeGoods,157,741,34.285714285714285,34.0,6.108219448217832,4.617647058823529,9,0.77,49.29,7,0,0
2023-07-17,SKU0003,4,HomeGoods,671,0,32.42857142857143,34.03333333333333,5.4802676333673395,19.71596474045054,9,0.77,49.29,7,0,0
2023-07-24,SKU0003,4,HomeGoods,445,0,32.285714285714285,33.53333333333333,4.775897340008393,13.27037773359841,9,0.77,49.29,7,0,0
2023-07-31,SKU0003,4,HomeGoods,235,741,30.0,32.333333333333336,4.722165877509299,7.268041237113401,9,0.77,49.29,7,0,0
2023-08-07,SKU0003,4,HomeGoods,755,0,31.571428571428573,31.5,5.348219168645082,23.96825396825397,9,0.77,49.29,8,0,0
2023-08-14,SKU0003,4,HomeGoods,526,0,32.714285714285715,31.333333333333332,5.677137047621089,16.78723404255319,9,0.77,49.29,8,0,0
2023-08-21,SKU0003,4,HomeGoods,259,741,38.142857142857146,33.13333333333333,6.637060698279332,7.816901408450704,9,0.77,49.29,8,0,0
2023-08-28,SKU0003,4,HomeGoods,779,0,31.571428571428573,33.166666666666664,6.275751546330114,23.48743718592965,9,0.77,49.29,8,0,0
2023-09-04,SKU0003,4,HomeGoods,545,0,33.42857142857143,33.9,5.280739237696942,16.07669616519174,9,0.77,49.29,9,0,0
2023-09-11,SKU0003,4,HomeGoods,298,741,35.285714285714285,34.1,5.9210320628802116,8.739002932551319,9,0.77,49.29,9,0,0
2023-09-18,SKU0003,4,HomeGoods,69,741,32.714285714285715,33.5,5.550706696231266,2.0597014925373136,9,0.77,49.29,9,0,0
2023-09-25,SKU0003,4,HomeGoods,578,0,33.142857142857146,33.36666666666667,6.19501097009042,17.322677322677322,9,0.77,49.29,9,0,0
2023-10-02,SKU0003,4,HomeGoods,363,741,30.714285714285715,32.63333333333333,7.265807183168917,11.123595505617978,9,0.77,49.29,10,0,0
2023-10-09,SKU0003,4,HomeGoods,855,0,35.57142857142857,32.96666666666667,7.308395424315889,25.935288169868553,9,0.77,49.29,10,0,0
2023-10-16,SKU0003,4,HomeGoods,605,0,35.714285714285715,33.46666666666667,8.565098921800631,18.077689243027887,9,0.77,49.29,10,0,0
2023-10-23,SKU0003,4,HomeGoods,382,741,31.857142857142858,33.46666666666667,7.7358695801390045,11.414342629482071,9,0.77,49.29,10,0,0
2023-10-30,SKU0003,4,HomeGoods,914,0,29.857142857142858,32.93333333333333,7.065864192128926,27.753036437246966,9,0.77,49.29,10,0,0
2023-11-06,SKU0003,4,HomeGoods,603,0,44.42857142857143,35.9,8.643714080385152,16.7966573816156,9,0.77,49.29,11,0,0
2023-11-13,SKU0003,4,HomeGoods,316,741,41.0,37.06666666666667,8.533638643963505,8.525179856115107,9,0.77,49.29,11,0,0
2023-11-20,SKU0003,4,HomeGoods,759,0,42.57142857142857,38.6,8.696412260633492,19.66321243523316,9,0.77,49.29,11,0,0
2023-11-27,SKU0003,4,HomeGoods,456,0,43.285714285714285,42.1,7.203208097545939,10.831353919239904,9,0.77,49.29,11,0,0
2023-12-04,SKU0003,4,HomeGoods,170,741,40.857142857142854,41.93333333333333,6.892941583834916,4.054054054054054,9,0.77,49.29,12,0,1
2023-12-11,SKU0003,4,HomeGoods,0,741,24.285714285714285,38.266666666666666,14.557693388088959,0.0,9,0.77,49.29,12,0,1
2023-12-18,SKU0003,4,HomeGoods,517,0,32.0,35.43333333333333,17.266038687377684,14.590780809031045,9,0.77,49.29,12,0,0
2023-01-30,SKU0004,1,Toys,201,0,11.285714285714286,10.866666666666667,3.5402448126271344,18.496932515337424,10,0.94,23.79,1,0,0
2023-02-06,SKU0004,1,Toys,130,237,10.142857142857142,10.2,3.507627157475844,12.745098039215687,10,0.94,23.79,2,0,0
2023-02-13,SKU0004,1,Toys,43,237,12.428571428571429,10.7,4.136882050947099,4.018691588785047,10,0.94,23.79,2,0,0
2023-02-20,SKU0004,1,Toys,215,0,9.285714285714286,10.7,3.6873502307399453,20.093457943925234,10,0.94,23.79,2,0,0
2023-02-27,SKU0004,1,Toys,133,237,11.714285714285714,10.833333333333334,3.9573879693845884,12.276923076923076,10,0.94,23.79,2,0,0
2023-03-06,SKU0004,1,Toys,48,237,12.142857142857142,11.3,3.9579688277422425,4.2477876106194685,10,0.94,23.79,3,0,0
2023-03-13,SKU0004,1,Toys,212,0,10.428571428571429,10.933333333333334,3.321127076381037,19.390243902439025,10,0.94,23.79,3,0,0
2023-03-20,SKU0004,1,Toys,145,0,9.571428571428571,10.833333333333334,3.5727255444676893,13.384615384615383,10,0.94,23.79,3,0,0
2023-03-27,SKU0004,1,Toys,76,237,9.857142857142858,10.433333333333334,3.23433448181073,7.284345047923322,10,0.94,23.79,3,0,0
2023-04-03,SKU0004,1,Toys,237,0,10.857142857142858,10.366666666666667,3.1015383650512947,22.861736334405144,10,0.94,23.79,4,0,0
2023-04-10,SKU0004,1,Toys,152,0,12.142857142857142,10.633333333333333,3.1675437381878924,14.294670846394984,10,0.94,23.79,4,0,0
2023-04-17,SKU0004,1,Toys,70,237,11.714285714285714,11.133333333333333,3.481313003722164,6.287425149700599,10,0.94,23.79,4,0,0
2023-04-24,SKU0004,1,Toys,226,0,11.571428571428571,11.433333333333334,2.896886953781331,19.7667638483965,10,0.94,23.79,4,0,0
2023-05-01,SKU0004,1,Toys,154,0,10.285714285714286,11.533333333333333,2.9563879794535497,13.352601156069364,10,0.94,23.79,5,0,0
2023-05-08,SKU0004,1,Toys,62,237,13.142857142857142,11.7,3.007461984166527,5.2991452991453,10,0.94,23.79,5,0,0
2023-05-15,SKU0004,1,Toys,216,0,11.857142857142858,11.666666666666666,3.6703221068206067,18.514285714285716,10,0.94,23.79,5,0,0
2023-05-22,SKU0004,1,Toys,143,0,10.428571428571429,11.4,3.4898868670527925,12.543859649122806,10,0.94,23.79,5,0,0
2023-05-29,SKU0004,1,Toys,72,237,10.142857142857142,11.3,3.2605267186082973,6.371681415929203,10,0.94,23.79,5,0,0
2023-06-05,SKU0004,1,Toys,235,0,10.571428571428571,10.866666666666667,3.4813130037221645,21.625766871165645,10,0.94,23.79,6,0,0
2023-06-12,SKU0004,1,Toys,165,0,10.0,10.066666666666666,2.765967229134083,16.39072847682119,10,0.94,23.79,6,0,0
2023-06-19,SKU0004,1,Toys,92,237,10.428571428571429,10.3,2.5345883158877056,8.932038834951456,10,0.94,23.79,6,0,0
2023-06-26,SKU0004,1,Toys,238,0,13.0,11.066666666666666,2.8153928290043586,21.50602409638554,10,0.94,23.79,6,0,0
2023-07-03,SKU0004,1,Toys,148,0,12.857142857142858,11.633333333333333,2.8705800607294374,12.722063037249285,10,0.94,23.79,7,0,0
2023-07-10,SKU0004,1,Toys,71,237,11.0,11.466666666666667,2.775922752245951,6.191860465116279,10,0.94,23.79,7,0,0
2023-07-17,SKU0004,1,Toys,214,0,13.428571428571429,12.533333333333333,3.170264139254582,17.074468085106382,10,0.94,23.79,7,0,0
2023-07-24,SKU0004,1,Toys,132,237,11.714285714285714,12.2,3.284236120706252,10.819672131147541,10,0.94,23.79,7,0,0
2023-07-31,SKU0004,1,Toys,67,237,9.285714285714286,11.333333333333334,3.565479445763341,5.911764705882352,10,0.94,23.79,7,0,0
2023-08-07,SKU0004,1,Toys,228,0,10.857142857142858,11.366666666666667,3.736892802328145,20.058651026392962,10,0.94,23.79,8,0,0
2023-08-14,SKU0004,1,Toys,151,0,11.0,10.7,3.142039750401545,14.112149532710282,10,0.94,23.79,8,0,0
2023-08-21,SKU0004,1,Toys,88,237,9.0,10.033333333333333,3.3268327418062342,8.77076411960133,10,0.94,23.79,8,0,0
2023-08-28,SKU0004,1,Toys,245,0,11.428571428571429,10.566666666666666,3.3904870297422653,23.186119873817034,10,0.94,23.79,8,0,0
2023-09-04,SKU0004,1,Toys,157,0,12.571428571428571,10.833333333333334,3.9047568985509917,14.492307692307692,10,0.94,23.79,9,0,0
2023-09-11,SKU0004,1,Toys,74,237,11.857142857142858,11.266666666666667,4.093167842699063,6.568047337278106,10,0.94,23.79,9,0,0
2023-09-18,SKU0004,1,Toys,235,0,10.857142857142858,11.466666666666667,4.166643678097495,20.49418604651163,10,0.94,23.79,9,0,0
2023-09-25,SKU0004,1,Toys,157,0,11.142857142857142,11.633333333333333,4.286975731158291,13.49570200573066,10,0.94,23.79,9,0,0
2023-10-02,SKU0004,1,Toys,73,237,12.0,11.3,4.20303666905004,6.460176991150442,10,0.94,23.79,10,0,0
2023-10-09,SKU0004,1,Toys,234,0,10.857142857142858,11.166666666666666,4.060604111105438,20.955223880597018,10,0.94,23.79,10,0,0
2023-10-16,SKU0004,1,Toys,147,0,12.428571428571429,11.466666666666667,3.9630477068080734,12.819767441860465,10,0.94,23.79,10,0,0
2023-10-23,SKU0004,1,Toys,70,237,11.0,11.566666666666666,3.4907101671815024,6.051873198847263,10,0.94,23.79,10,0,1
2023-10-30,SKU0004,1,Toys,0,237,10.0,11.3,3.5637059362410852,0.0,10,0.94,23.79,10,0,1
2023-11-06,SKU0004,1,Toys,112,237,17.857142857142858,12.6,5.733146214535376,8.88888888888889,10,0.94,23.79,11,0,1
2023-11-13,SKU0004,1,Toys,0,237,16.0,13.833333333333334,6.690617894940038,0.0,10,0.94,23.79,11,0,0
2023-11-20,SKU0004,1,Toys,83,237,22.0,16.0,7.561244196103135,5.1875,10,0.94,23.79,11,0,1
2023-11-27,SKU0004,1,Toys,222,0,14.0,16.8,8.555699854482967,13.214285714285714,10,0.94,23.79,11,0,0
2023-12-04,SKU0004,1,Toys,71,237,21.571428571428573,18.433333333333334,7.532382200153897,3.851717902350814,10,0.94,23.79,12,0,1
2023-12-11,SKU0004,1,Toys,0,237,10.142857142857142,16.333333333333332,9.749742112710862,0.0,10,0.94,23.79,12,0,1
2023-12-18,SKU0004,1,Toys,184,0,7.571428571428571,13.966666666666667,11.204935283732947,13.174224343675418,10,0.94,23.79,12,0,0
2023-01-30,SKU0004,2,Toys,102,0,6.571428571428571,5.8,2.565016636364682,17.586206896551726,10,0.94,23.79,1,0,0
2023-02-06,SKU0004,2,Toys,67,94,5.0,5.833333333333333,2.6792090100513306,11.485714285714286,10,0.94,23.79,2,0,0
2023-02-13,SKU0004,2,Toys,118,0,6.142857142857143,5.933333333333334,2.5452231571200654,19.8876404494382,10,0.94,23.79,2,0,0
2023-02-20,SKU0004,2,Toys,80,94,5.428571428571429,5.8,2.310396293816877,13.793103448275863,10,0.94,23.79,2,0,0
2023-02-27,SKU0004,2,Toys,43,94,5.285714285714286,5.7,2.5209467296619152,7.5438596491228065,10,0.94,23.79,2,0,0
2023-03-06,SKU0004,2,Toys,111,0,3.7142857142857144,5.0,2.259081290228855,22.2,10,0.94,23.79,3,0,0
2023-03-13,SKU0004,2,Toys,66,94,6.428571428571429,5.3,2.5209467296619144,12.452830188679245,10,0.94,23.79,3,0,0
2023-03-20,SKU0004,2,Toys,119,0,5.857142857142857,5.433333333333334,2.8609539442752947,21.901840490797547,10,0.94,23.79,3,0,0
2023-03-27,SKU0004,2,Toys,82,0,5.285714285714286,5.333333333333333,3.077541935996338,15.375,10,0.94,23.79,3,0,0
2023-04-03,SKU0004,2,Toys,50,94,4.571428571428571,5.433333333333334,2.787698758441466,9.202453987730062,10,0.94,23.79,4,0,0
2023-04-10,SKU0004,2,Toys,99,0,6.428571428571429,5.433333333333334,3.136914070397445,18.220858895705522,10,0.94,23.79,4,0,0
2023-04-17,SKU0004,2,Toys,39,94,8.571428571428571,6.233333333333333,3.125902168625258,6.25668449197861,10,0.94,23.79,4,0,0
2023-04-24,SKU0004,2,Toys,99,0,4.857142857142857,6.1,3.2520550531879864,16.229508196721312,10,0.94,23.79,4,0,0
2023-05-01,SKU0004,2,Toys,51,94,6.857142857142857,6.466666666666667,3.191943882201947,7.886597938144329,10,0.94,23.79,5,0,0
2023-05-08,SKU0004,2,Toys,97,0,6.857142857142857,6.8,2.833299526505546,14.264705882352942,10,0.94,23.79,5,0,0
2023-05-15,SKU0004,2,Toys,68,94,4.142857142857143,5.8,2.670399685956882,11.724137931034484,10,0.94,23.79,5,0,0
2023-05-22,SKU0004,2,Toys,123,0,5.571428571428571,5.633333333333334,2.592872635851425,21.83431952662722,10,0.94,23.79,5,0,0
2023-05-29,SKU0004,2,Toys,84,94,5.571428571428571,5.633333333333334,2.311639712610841,14.911242603550296,10,0.94,23.79,5,0,0
2023-06-05,SKU0004,2,Toys,52,94,4.571428571428571,5.2,2.00688470194392,10.0,10,0.94,23.79,6,0,0
2023-06-12,SKU0004,2,Toys,112,0,4.857142857142857,5.033333333333333,1.9736773542933903,22.251655629139073,10,0.94,23.79,6,0,0
2023-06-19,SKU0004,2,Toys,77,94,5.0,4.933333333333334,1.9106477207072106,15.608108108108107,10,0.94,23.79,6,0,0
2023-06-26,SKU0004,2,Toys,47,94,4.285714285714286,4.633333333333334,1.9910720268468265,10.14388489208633,10,0.94,23.79,6,0,0
2023-07-03,SKU0004,2,Toys,97,0,6.285714285714286,5.066666666666666,2.066703744569133,19.144736842105264,10,0.94,23.79,7,0,0
2023-07-10,SKU0004,2,Toys,62,94,5.0,5.033333333333333,2.29667425719847,12.317880794701987,10,0.94,23.79,7,0,0
2023-07-17,SKU0004,2,Toys,109,0,6.714285714285714,5.533333333333333,2.403063179293909,19.698795180722893,10,0.94,23.79,7,0,0
2023-07-24,SKU0004,2,Toys,71,94,5.428571428571429,5.766666666666667,2.514555329625323,12.3121387283237,10,0.94,23.79,7,0,0
2023-07-31,SKU0004,2,Toys,117,0,6.857142857142857,5.9,2.7335716184331886,19.83050847457627,10,0.94,23.79,7,0,0
2023-08-07,SKU0004,2,Toys,83,94,4.857142857142857,5.866666666666666,2.622624814863961,14.147727272727273,10,0.94,23.79,8,0,0
2023-08-14,SKU0004,2,Toys,46,94,5.285714285714286,5.666666666666667,2.4400866764329785,8.117647058823529,10,0.94,23.79,8,0,0
2023-08-21,SKU0004,2,Toys,110,0,4.285714285714286,5.3,2.4656257511689756,20.754716981132077,10,0.94,23.79,8,0,0
2023-08-28,SKU0004,2,Toys,61,94,7.0,5.266666666666667,2.434427403232469,11.582278481012658,10,0.94,23.79,8,0,0
2023-09-04,SKU0004,2,Toys,118,0,5.285714285714286,5.366666666666666,2.6585364567660172,21.987577639751553,10,0.94,23.79,9,0,0
2023-09-11,SKU0004,2,Toys,80,94,5.428571428571429,5.466666666666667,2.861556525236995,14.634146341463415,10,0.94,23.79,9,0,0
2023-09-18,SKU0004,2,Toys,40,94,5.714285714285714,5.566666666666666,3.058998408689976,7.185628742514971,10,0.94,23.79,9,0,0
2023-09-25,SKU0004,2,Toys,95,0,5.571428571428571,5.533333333333333,2.7759227522459575,17.168674698795183,10,0.94,23.79,9,0,0
2023-10-02,SKU0004,2,Toys,63,94,4.571428571428571,5.266666666666667,2.7283104956950055,11.962025316455696,10,0.94,23.79,10,0,0
2023-10-09,SKU0004,2,Toys,112,0,6.428571428571429,5.466666666666667,2.750966392370873,20.48780487804878,10,0.94,23.79,10,0,0
2023-10-16,SKU0004,2,Toys,77,94,5.0,5.266666666666667,2.531638876755301,14.620253164556962,10,0.94,23.79,10,0,0
2023-10-23,SKU0004,2,Toys,29,94,6.857142857142857,5.466666666666667,2.4876707473310113,5.304878048780488,10,0.94,23.79,10,0,0
2023-10-30,SKU0004,2,Toys,84,94,5.571428571428571,5.8,2.354745758294703,14.482758620689655,10,0.94,23.79,10,0,0
2023-11-06,SKU0004,2,Toys,16,94,9.714285714285714,6.733333333333333,2.8153928290043653,2.376237623762376,10,0.94,23.79,11,0,0
2023-11-13,SKU0004,2,Toys,29,94,11.571428571428571,8.2,3.4581238684661355,3.536585365853659,10,0.94,23.79,11,0,1
2023-11-20,SKU0004,2,Toys,63,94,8.571428571428571,8.766666666666667,4.124638611825397,7.186311787072243,10,0.94,23.79,11,0,1
2023-11-27,SKU0004,2,Toys,0,94,9.0,9.3,4.243859661627165,0.0,10,0.94,23.79,11,0,0
2023-12-04,SKU0004,2,Toys,6,94,12.571428571428571,10.366666666666667,4.1645741872272595,0.5787781350482315,10,0.94,23.79,12,0,1
2023-12-11,SKU0004,2,Toys,45,94,7.857142857142857,9.633333333333333,4.98607255665518,4.671280276816609,10,0.94,23.79,12,0,1
2023-12-18,SKU0004,2,Toys,83,0,8.0,9.566666666666666,5.449981545893046,8.67595818815331,10,0.94,23.79,12,0,0
2023-01-30,SKU0004,3,Toys,302,0,22.285714285714285,19.966666666666665,4.327006876091963,15.125208681135227,10,0.94,23.79,1,0,0
2023-02-06,SKU0004,3,Toys,137,470,23.571428571428573,21.433333333333334,4.6954367674138275,6.391912908242612,10,0.94,23.79,2,0,0
2023-02-13,SKU0004,3,Toys,466,0,20.142857142857142,21.433333333333334,5.308960112043071,21.741835147744947,10,0.94,23.79,2,0,0
2023-02-20,SKU0004,3,Toys,317,0,21.285714285714285,21.7,5.459253454077953,14.608294930875577,10,0.94,23.79,2,0,0
2023-02-27,SKU0004,3,Toys,185,470,18.857142857142858,21.0,5.5646668580768885,8.80952380952381,10,0.94,23.79,2,0,0
2023-03-06,SKU0004,3,Toys,544,0,15.857142857142858,19.566666666666666,5.834991554131129,27.802385008517888,10,0.94,23.79,3,0,0
2023-03-13,SKU0004,3,Toys,416,0,18.285714285714285,18.433333333333334,5.506631321029865,22.567811934900543,10,0.94,23.79,3,0,0
2023-03-20,SKU0004,3,Toys,267,470,21.285714285714285,18.9,5.6406773865654065,14.126984126984128,10,0.94,23.79,3,0,0
2023-03-27,SKU0004,3,Toys,133,470,19.142857142857142,18.533333333333335,5.1510516725551625,7.176258992805755,10,0.94,23.79,3,0,0
2023-04-03,SKU0004,3,Toys,482,0,17.285714285714285,18.966666666666665,4.9652817632543025,25.413005272407734,10,0.94,23.79,4,0,0
2023-04-10,SKU0004,3,Toys,357,0,17.857142857142858,18.733333333333334,4.791755371492778,19.056939501779357,10,0.94,23.79,4,0,0
2023-04-17,SKU0004,3,Toys,222,470,19.285714285714285,18.433333333333334,4.223769629733312,12.043399638336346,10,0.94,23.79,4,0,0
2023-04-24,SKU0004,3,Toys,560,0,18.857142857142858,18.433333333333334,4.320626817020192,30.379746835443036,10,0.94,23.79,4,0,0
2023-05-01,SKU0004,3,Toys,439,0,17.285714285714285,18.066666666666666,4.409498629200326,24.29889298892989,10,0.94,23.79,5,0,0
2023-05-08,SKU0004,3,Toys,302,0,19.571428571428573,18.6,4.165540077580703,16.236559139784944,10,0.94,23.79,5,0,0
2023-05-15,SKU0004,3,Toys,157,470,20.714285714285715,19.266666666666666,4.050826508541047,8.14878892733564,10,0.94,23.79,5,0,0
2023-05-22,SKU0004,3,Toys,512,0,16.428571428571427,18.466666666666665,4.116688770939773,27.725631768953072,10,0.94,23.79,5,0,0
2023-05-29,SKU0004,3,Toys,371,0,20.142857142857142,19.0,3.805621975536938,19.526315789473685,10,0.94,23.79,5,0,0
2023-06-05,SKU0004,3,Toys,224,470,21.0,19.833333333333332,4.017919630968187,11.294117647058824,10,0.94,23.79,6,0,0
2023-06-12,SKU0004,3,Toys,568,0,18.0,19.166666666666668,4.060604111105445,29.63478260869565,10,0.94,23.79,6,0,0
2023-06-19,SKU0004,3,Toys,430,0,19.714285714285715,19.366666666666667,3.614943442428114,22.203098106712563,10,0.94,23.79,6,0,0
2023-06-26,SKU0004,3,Toys,295,470,19.285714285714285,19.6,4.005169073877508,15.051020408163264,10,0.94,23.79,6,0,0
2023-07-03,SKU0004,3,Toys,155,470,20.0,19.533333333333335,4.621787483239561,7.935153583617747,10,0.94,23.79,7,0,0
2023-07-10,SKU0004,3,Toys,485,0,20.0,19.566666666666666,4.523374795462993,24.787052810902896,10,0.94,23.79,7,0,0
2023-07-17,SKU0004,3,Toys,370,0,16.428571428571427,18.933333333333334,4.791755371492779,19.54225352112676,10,0.94,23.79,7,0,0
2023-07-24,SKU0004,3,Toys,225,470,20.714285714285715,18.933333333333334,4.891465708927051,11.883802816901408,10,0.94,23.79,7,0,0
2023-07-31,SKU0004,3,Toys,553,0,20.285714285714285,19.333333333333332,3.9333528150696186,28.60344827586207,10,0.94,23.79,7,0,0
2023-08-07,SKU0004,3,Toys,429,0,17.714285714285715,18.6,4.6579557451888665,23.064516129032256,10,0.94,23.79,8,0,0
2023-08-14,SKU0004,3,Toys,290,0,19.857142857142858,19.333333333333332,5.707426096208182,15.000000000000002,10,0.94,23.79,8,0,0
2023-08-21,SKU0004,3,Toys,154,470,19.428571428571427,19.366666666666667,5.54904983064565,7.951807228915662,10,0.94,23.79,8,0,0
2023-08-28,SKU0004,3,Toys,486,0,19.714285714285715,19.3,5.509552832471353,25.181347150259068,10,0.94,23.79,8,0,0
2023-09-04,SKU0004,3,Toys,358,0,18.285714285714285,19.0,5.2391102166368855,18.842105263157894,10,0.94,23.79,9,0,0
2023-09-11,SKU0004,3,Toys,190,470,24.0,20.4,5.229887583680073,9.313725490196079,10,0.94,23.79,9,0,0
2023-09-18,SKU0004,3,Toys,536,0,17.714285714285715,19.8,5.026824595829992,27.07070707070707,10,0.94,23.79,9,0,0
2023-09-25,SKU0004,3,Toys,395,0,20.142857142857142,19.933333333333334,4.982267406086018,19.816053511705686,10,0.94,23.79,9,0,0
2023-10-02,SKU0004,3,Toys,236,470,22.714285714285715,20.833333333333332,4.821527396664003,11.328000000000001,10,0.94,23.79,10,0,0
2023-10-09,SKU0004,3,Toys,550,0,22.285714285714285,20.566666666666666,3.9626126293866606,26.74230145867099,10,0.94,23.79,10,0,0
2023-10-16,SKU0004,3,Toys,424,0,18.0,20.833333333333332,3.667972599203229,20.352,10,0.94,23.79,10,0,0
2023-10-23,SKU0004,3,Toys,295,470,18.428571428571427,20.333333333333332,4.4360073173452035,14.508196721311476,10,0.94,23.79,10,0,0
2023-10-30,SKU0004,3,Toys,173,470,17.428571428571427,19.166666666666668,5.05884908086696,9.02608695652174,10,0.94,23.79,10,0,0
2023-11-06,SKU0004,3,Toys,412,0,33.0,21.733333333333334,8.764872418110091,18.957055214723926,10,0.94,23.79,11,0,0
2023-11-13,SKU0004,3,Toys,132,470,40.0,26.433333333333334,12.079287868177436,4.993694829760403,10,0.94,23.79,11,0,1
2023-11-20,SKU0004,3,Toys,384,0,31.142857142857142,29.233333333333334,13.302017822906388,13.135689851767388,10,0.94,23.79,11,0,0
2023-11-27,SKU0004,3,Toys,135,470,35.57142857142857,33.8,11.499325317540164,3.9940828402366866,10,0.94,23.79,11,0,1
2023-12-04,SKU0004,3,Toys,362,0,34.714285714285715,35.63333333333333,10.029210211739697,10.159027128157156,10,0.94,23.79,12,0,0
2023-12-11,SKU0004,3,Toys,84,470,39.714285714285715,35.3,9.292748377837022,2.379603399433428,10,0.94,23.79,12,0,1
2023-12-18,SKU0004,3,Toys,338,0,30.857142857142858,35.733333333333334,11.973918015573584,9.458955223880597,10,0.94,23.79,12,0,0
2023-01-30,SKU0004,4,Toys,352,742,37.0,37.03333333333333,5.209297611885445,9.504950495049506,10,0.94,23.79,1,0,0
2023-02-06,SKU0004,4,Toys,67,742,40.714285714285715,37.46666666666667,4.804691194162677,1.788256227758007,10,0.94,23.79,2,0,0
2023-02-13,SKU0004,4,Toys,561,0,35.42857142857143,37.56666666666667,4.840086443609164,14.933451641526174,10,0.94,23.79,2,0,0
2023-02-20,SKU0004,4,Toys,315,742,35.142857142857146,37.06666666666667,5.419844337587395,8.49820143884892,10,0.94,23.79,2,0,0
2023-02-27,SKU0004,4,Toys,823,0,33.42857142857143,36.36666666666667,5.991277184278035,22.630614115490374,10,0.94,23.79,2,0,0
2023-03-06,SKU0004,4,Toys,578,0,35.0,35.1,5.5915576757625605,16.467236467236468,10,0.94,23.79,3,0,0
2023-03-13,SKU0004,4,Toys,321,742,36.714285714285715,34.9,5.352086283516624,9.197707736389685,10,0.94,23.79,3,0,0
2023-03-20,SKU0004,4,Toys,61,742,37.142857142857146,35.5,4.368776361471441,1.7183098591549295,10,0.94,23.79,3,0,0
2023-03-27,SKU0004,4,Toys,528,0,39.285714285714285,36.833333333333336,5.639046956242926,14.334841628959275,10,0.94,23.79,3,0,0
2023-04-03,SKU0004,4,Toys,309,742,31.285714285714285,35.86666666666667,5.787819155322026,8.615241635687733,10,0.94,23.79,4,0,0
2023-04-10,SKU0004,4,Toys,784,0,38.142857142857146,36.36666666666667,6.059949546468772,21.55820348304308,10,0.94,23.79,4,0,0
2023-04-17,SKU0004,4,Toys,509,0,39.285714285714285,36.96666666666667,6.620153833681597,13.769161406672678,10,0.94,23.79,4,0,0
2023-04-24,SKU0004,4,Toys,299,742,30.0,35.03333333333333,6.7440054267032,8.534728829686014,10,0.94,23.79,4,0,0
2023-05-01,SKU0004,4,Toys,824,0,31.0,34.63333333333333,7.126847411232292,23.79210779595765,10,0.94,23.79,5,0,0
2023-05-08,SKU0004,4,Toys,565,0,37.0,34.266666666666666,6.475062685535109,16.488326848249027,10,0.94,23.79,5,0,0
2023-05-15,SKU0004,4,Toys,313,742,36.0,33.766666666666666,6.404111466718929,9.269496544916091,10,0.94,23.79,5,0,0
2023-05-22,SKU0004,4,Toys,89,742,32.0,33.53333333333333,5.550603156621702,2.654075546719682,10,0.94,23.79,5,0,0
2023-05-29,SKU0004,4,Toys,589,0,34.57142857142857,34.56666666666667,5.449981545893034,17.03953712632594,10,0.94,23.79,5,0,0
2023-06-05,SKU0004,4,Toys,346,742,34.714285714285715,34.53333333333333,4.804691194162668,10.019305019305019,10,0.94,23.79,6,0,0
2023-06-12,SKU0004,4,Toys,104,742,34.57142857142857,34.333333333333336,4.922386114220541,3.029126213592233,10,0.94,23.79,6,0,0
2023-06-19,SKU0004,4,Toys,572,0,39.142857142857146,35.6,5.599261034987642,16.06741573033708,10,0.94,23.79,6,0,0
2023-06-26,SKU0004,4,Toys,306,742,38.0,36.43333333333333,5.354233473799385,8.398902104300092,10,0.94,23.79,6,0,0
2023-07-03,SKU0004,4,Toys,66,742,34.285714285714285,36.166666666666664,5.583740763998635,1.8248847926267282,10,0.94,23.79,7,0,0
2023-07-10,SKU0004,4,Toys,563,0,35.0,36.166666666666664,6.59196654940736,15.566820276497698,10,0.94,23.79,7,0,0
2023-07-17,SKU0004,4,Toys,305,742,36.857142857142854,36.266666666666666,6.8779173538533165,8.409926470588236,10,0.94,23.79,7,0,0
2023-07-24,SKU0004,4,Toys,60,742,35.0,35.36666666666667,6.794944029778018,1.6965127238454287,10,0.94,23.79,7,0,0
2023-07-31,SKU0004,4,Toys,583,0,31.285714285714285,34.36666666666667,6.870643865493004,16.96411251212415,10,0.94,23.79,7,0,0
2023-08-07,SKU0004,4,Toys,344,742,34.142857142857146,34.333333333333336,6.369828305667118,10.019417475728154,10,0.94,23.79,8,0,0
2023-08-14,SKU0004,4,Toys,97,742,35.285714285714285,34.36666666666667,6.60450908318589,2.8225024248302617,10,0.94,23.79,8,0,0
2023-08-21,SKU0004,4,Toys,586,0,36.142857142857146,34.06666666666667,5.686847095276726,17.20156555772994,10,0.94,23.79,8,0,0
2023-08-28,SKU0004,4,Toys,333,742,36.142857142857146,35.4,6.145365509176744,9.40677966101695,10,0.94,23.79,8,0,0
2023-09-04,SKU0004,4,Toys,97,742,33.714285714285715,35.333333333333336,6.629783027257046,2.7452830188679243,10,0.94,23.79,9,0,0
2023-09-11,SKU0004,4,Toys,559,0,40.0,36.6,6.682968574332594,15.273224043715846,10,0.94,23.79,9,0,0
2023-09-18,SKU0004,4,Toys,291,742,38.285714285714285,37.03333333333333,6.614943028051532,7.857785778577858,10,0.94,23.79,9,0,0
2023-09-25,SKU0004,4,Toys,809,0,32.0,36.166666666666664,7.192349063933917,22.368663594470046,10,0.94,23.79,9,0,0
2023-10-02,SKU0004,4,Toys,555,0,36.285714285714285,36.3,7.7466344193840735,15.28925619834711,10,0.94,23.79,10,0,0
2023-10-09,SKU0004,4,Toys,320,742,33.57142857142857,35.13333333333333,7.459006744144645,9.108159392789373,10,0.94,23.79,10,0,0
2023-10-16,SKU0004,4,Toys,91,742,32.714285714285715,33.93333333333333,7.570055952662224,2.6817288801571713,10,0.94,23.79,10,0,0
2023-10-23,SKU0004,4,Toys,582,0,35.857142857142854,34.2,8.297901687402247,17.01754385964912,10,0.94,23.79,10,0,0
2023-10-30,SKU0004,4,Toys,356,742,32.285714285714285,33.36666666666667,6.875660887774949,10.66933066933067,10,0.94,23.79,10,0,1
2023-11-06,SKU0004,4,Toys,0,742,50.857142857142854,37.43333333333333,13.843169193986364,0.0,10,0.94,23.79,11,0,1
2023-11-13,SKU0004,4,Toys,371,0,53.0,42.36666666666667,18.863362287291427,8.756884343036978,10,0.94,23.79,11,0,1
2023-11-20,SKU0004,4,Toys,0,742,53.0,46.3,21.828721983851334,0.0,10,0.94,23.79,11,0,1
2023-11-27,SKU0004,4,Toys,404,0,48.285714285714285,50.13333333333333,25.789243057353634,8.058510638297873,10,0.94,23.79,11,0,1
2023-12-04,SKU0004,4,Toys,0,742,57.714285714285715,51.4,27.863707701893336,0.0,10,0.94,23.79,12,0,1
2023-12-11,SKU0004,4,Toys,406,0,48.0,52.333333333333336,28.743015143513183,7.75796178343949,10,0.94,23.79,12,0,1
2023-12-18,SKU0004,4,Toys,0,742,58.0,50.766666666666666,32.01689568330135,0.0,10,0.94,23.79,12,0,1
2023-01-30,SKU0005,1,Toys,453,0,30.0,31.7,10.547593286524231,14.290220820189274,6,0.76,54.81,1,0,0
2023-02-06,SKU0005,1,Toys,216,495,33.857142857142854,31.833333333333332,11.101672236054423,6.785340314136126,6,0.76,54.81,2,0,1
2023-02-13,SKU0005,1,Toys,0,495,30.857142857142858,32.333333333333336,10.809744433271476,0.0,6,0.76,54.81,2,0,0
2023-02-20,SKU0005,1,Toys,280,0,30.714285714285715,31.9,10.97127911946649,8.77742946708464,6,0.76,54.81,2,0,0
2023-02-27,SKU0005,1,Toys,34,495,35.142857142857146,31.866666666666667,10.311471125964964,1.0669456066945606,6,0.76,54.81,2,0,1
2023-03-06,SKU0005,1,Toys,349,0,25.714285714285715,31.366666666666667,9.838290198148684,11.126461211477151,6,0.76,54.81,3,0,0
2023-03-13,SKU0005,1,Toys,128,495,31.571428571428573,30.233333333333334,9.046559007990686,4.233737596471885,6,0.76,54.81,3,0,0
2023-03-20,SKU0005,1,Toys,383,0,34.285714285714285,31.7,8.3010178021568,12.082018927444794,6,0.76,54.81,3,0,0
2023-03-27,SKU0005,1,Toys,154,495,32.714285714285715,31.033333333333335,7.545189530917775,4.962406015037594,6,0.76,54.81,3,0,0
2023-04-03,SKU0005,1,Toys,432,0,31.0,32.06666666666667,4.86318565475796,13.47193347193347,6,0.76,54.81,4,0,0
2023-04-10,SKU0005,1,Toys,211,495,31.571428571428573,32.3,4.617433232345904,6.532507739938081,6,0.76,54.81,4,0,0
2023-04-17,SKU0005,1,Toys,437,0,38.42857142857143,33.3,5.4466060295728465,13.123123123123124,6,0.76,54.81,4,0,0
2023-04-24,SKU0005,1,Toys,203,495,33.42857142857143,33.43333333333333,5.5066313210298645,6.071784646061815,6,0.76,54.81,4,0,1
2023-05-01,SKU0005,1,Toys,0,495,29.0,32.733333333333334,9.081748780908896,0.0,6,0.76,54.81,5,0,1
2023-05-08,SKU0005,1,Toys,294,0,28.714285714285715,32.06666666666667,11.252381612530876,9.168399168399167,6,0.76,54.81,5,0,0
2023-05-15,SKU0005,1,Toys,566,0,31.857142857142858,31.4,10.990905331227268,18.02547770700637,6,0.76,54.81,5,0,0
2023-05-22,SKU0005,1,Toys,356,0,30.0,30.1,10.59716943339116,11.827242524916944,6,0.76,54.81,5,0,0
2023-05-29,SKU0005,1,Toys,139,495,31.0,28.9,10.134781354496418,4.809688581314879,6,0.76,54.81,5,0,0
2023-06-05,SKU0005,1,Toys,370,0,37.714285714285715,32.2,6.525282395791583,11.490683229813664,6,0.76,54.81,6,0,0
2023-06-12,SKU0005,1,Toys,142,495,32.57142857142857,32.3,6.341706503718877,4.396284829721362,6,0.76,54.81,6,0,0
2023-06-19,SKU0005,1,Toys,388,0,35.57142857142857,33.86666666666667,5.888231004963717,11.456692913385826,6,0.76,54.81,6,0,0
2023-06-26,SKU0005,1,Toys,170,495,31.142857142857142,33.96666666666667,5.768423757290902,5.004906771344455,6,0.76,54.81,6,0,0
2023-07-03,SKU0005,1,Toys,418,0,35.285714285714285,33.86666666666667,5.13092942668374,12.34251968503937,6,0.76,54.81,7,0,0
2023-07-10,SKU0005,1,Toys,162,495,36.57142857142857,34.56666666666667,5.531622779502644,4.686595949855351,6,0.76,54.81,7,0,0
2023-07-17,SKU0005,1,Toys,415,0,34.57142857142857,34.4,6.2950445754495234,12.063953488372093,6,0.76,54.81,7,0,0
2023-07-24,SKU0005,1,Toys,156,495,37.0,35.43333333333333,6.382537239154606,4.402634054562559,6,0.76,54.81,7,0,0
2023-07-31,SKU0005,1,Toys,417,0,33.42857142857143,35.5,6.7657861382817455,11.746478873239436,6,0.76,54.81,7,0,0
2023-08-07,SKU0005,1,Toys,175,495,34.57142857142857,34.96666666666667,5.762442808951487,5.004766444232602,6,0.76,54.81,8,0,0
2023-08-14,SKU0005,1,Toys,453,0,31.0,33.8,5.892133856194234,13.402366863905327,6,0.76,54.81,8,0,0
2023-08-21,SKU0005,1,Toys,208,495,35.0,33.2,5.7319431621216514,6.265060240963855,6,0.76,54.81,8,0,1
2023-08-28,SKU0005,1,Toys,0,495,29.714285714285715,32.86666666666667,5.8765068989437435,0.0,6,0.76,54.81,8,0,1
2023-09-04,SKU0005,1,Toys,272,0,31.857142857142858,31.8,8.903312053232861,8.553459119496855,6,0.76,54.81,9,0,0
2023-09-11,SKU0005,1,Toys,541,0,32.285714285714285,32.333333333333336,9.59645528426974,16.731958762886595,6,0.76,54.81,9,0,0
2023-09-18,SKU0005,1,Toys,336,0,29.285714285714285,31.133333333333333,9.280061434596504,10.792291220556745,6,0.76,54.81,9,0,0
2023-09-25,SKU0005,1,Toys,77,495,37.0,32.166666666666664,9.613508216560966,2.393782383419689,6,0.76,54.81,9,0,0
2023-10-02,SKU0005,1,Toys,364,0,29.714285714285715,32.3,6.8135261011487005,11.269349845201239,6,0.76,54.81,10,0,0
2023-10-09,SKU0005,1,Toys,129,495,33.57142857142857,32.233333333333334,5.963586824729903,4.002068252326784,6,0.76,54.81,10,0,0
2023-10-16,SKU0005,1,Toys,401,0,31.857142857142858,32.833333333333336,6.181637621064583,12.213197969543147,6,0.76,54.81,10,0,0
2023-10-23,SKU0005,1,Toys,159,495,34.57142857142857,32.63333333333333,6.019985870835377,4.872318692543412,6,0.76,54.81,10,0,0
2023-10-30,SKU0005,1,Toys,441,0,30.428571428571427,32.2,6.104831325863271,13.695652173913043,6,0.76,54.81,10,0,0
2023-11-06,SKU0005,1,Toys,12,495,61.285714285714285,38.63333333333333,15.601687206137692,0.31061259706643657,6,0.76,54.81,11,0,1
2023-11-13,SKU0005,1,Toys,133,495,53.42857142857143,44.266666666666666,17.56158294124701,3.004518072289157,6,0.76,54.81,11,0,1
2023-11-20,SKU0005,1,Toys,225,0,57.57142857142857,49.46666666666667,19.71299822073176,4.548517520215634,6,0.76,54.81,11,0,1
2023-11-27,SKU0005,1,Toys,385,0,47.857142857142854,53.266666666666666,20.534131944463642,7.227784730913642,6,0.76,54.81,11,0,1
2023-12-04,SKU0005,1,Toys,0,495,55.0,53.96666666666667,21.753292788137507,0.0,6,0.76,54.81,12,0,1
2023-12-11,SKU0005,1,Toys,0,495,70.71428571428571,57.733333333333334,22.089056946406913,0.0,6,0.76,54.81,12,0,1
2023-12-18,SKU0005,1,Toys,23,495,67.42857142857143,60.93333333333333,24.898321967185,0.3774617067833698,6,0.76,54.81,12,0,1
2023-01-30,SKU0005,2,Toys,400,0,26.285714285714285,25.333333333333332,5.548117626312758,15.789473684210527,6,0.76,54.81,1,0,0
2023-02-06,SKU0005,2,Toys,199,360,28.714285714285715,26.066666666666666,6.356822744288129,7.634271099744246,6,0.76,54.81,2,0,0
2023-02-13,SKU0005,2,Toys,410,0,21.285714285714285,25.166666666666668,6.303164685891625,16.29139072847682,6,0.76,54.81,2,0,0
2023-02-20,SKU0005,2,Toys,249,0,23.0,24.733333333333334,5.400723663728225,10.067385444743936,6,0.76,54.81,2,0,0
2023-02-27,SKU0005,2,Toys,423,0,26.571428571428573,25.3,6.237539302619596,16.719367588932805,6,0.76,54.81,2,0,0
2023-03-06,SKU0005,2,Toys,242,0,25.857142857142858,24.4,5.360133812019868,9.918032786885247,6,0.76,54.81,3,0,0
2023-03-13,SKU0005,2,Toys,65,360,25.285714285714285,25.133333333333333,4.761435116413549,2.586206896551724,6,0.76,54.81,3,0,1
2023-03-20,SKU0005,2,Toys,267,0,22.571428571428573,24.9,6.402316391152018,10.72289156626506,6,0.76,54.81,3,0,0
2023-03-27,SKU0005,2,Toys,69,360,28.285714285714285,25.4,5.9166626193931435,2.716535433070866,6,0.76,54.81,3,0,0
2023-04-03,SKU0005,2,Toys,270,0,22.714285714285715,24.766666666666666,6.2349589127498,10.901749663526246,6,0.76,54.81,4,0,0
2023-04-10,SKU0005,2,Toys,448,0,26.0,25.0,6.710773633391361,17.92,6,0.76,54.81,4,0,0
2023-04-17,SKU0005,2,Toys,277,0,24.428571428571427,25.3,5.376513419654426,10.948616600790514,6,0.76,54.81,4,0,0
2023-04-24,SKU0005,2,Toys,119,360,22.571428571428573,24.1,5.121624203586068,4.937759336099584,6,0.76,54.81,4,0,0
2023-05-01,SKU0005,2,Toys,309,0,24.285714285714285,24.133333333333333,4.897102122214964,12.803867403314918,6,0.76,54.81,5,0,0
2023-05-08,SKU0005,2,Toys,147,360,23.142857142857142,23.366666666666667,3.9258939973158906,6.291012838801712,6,0.76,54.81,5,0,0
2023-05-15,SKU0005,2,Toys,338,0,24.142857142857142,23.733333333333334,4.266415222475975,14.241573033707864,6,0.76,54.81,5,0,0
2023-05-22,SKU0005,2,Toys,148,360,27.142857142857142,24.7,4.907067387434937,5.991902834008098,6,0.76,54.81,5,0,0
2023-05-29,SKU0005,2,Toys,333,0,25.0,24.7,5.0797094676626955,13.481781376518219,6,0.76,54.81,5,0,0
2023-06-05,SKU0005,2,Toys,148,360,26.428571428571427,25.433333333333334,6.0039259186620155,5.81913499344692,6,0.76,54.81,6,0,0
2023-06-12,SKU0005,2,Toys,313,0,27.857142857142858,26.7,5.7783782476066445,11.722846441947565,6,0.76,54.81,6,0,0
2023-06-19,SKU0005,2,Toys,132,360,25.857142857142858,26.2,5.1488197509318665,5.038167938931298,6,0.76,54.81,6,0,0
2023-06-26,SKU0005,2,Toys,330,0,23.142857142857142,25.666666666666668,5.560534167675348,12.857142857142856,6,0.76,54.81,6,0,0
2023-07-03,SKU0005,2,Toys,159,360,24.428571428571427,25.066666666666666,4.689925617624498,6.343085106382979,6,0.76,54.81,7,0,0
2023-07-10,SKU0005,2,Toys,348,0,24.428571428571427,24.566666666666666,4.376136962281194,14.165535956580733,6,0.76,54.81,7,0,0
2023-07-17,SKU0005,2,Toys,183,360,23.571428571428573,24.066666666666666,4.645601058571684,7.60387811634349,6,0.76,54.81,7,0,0
2023-07-24,SKU0005,2,Toys,388,0,22.142857142857142,23.9,4.611455002640639,16.234309623430963,6,0.76,54.81,7,0,0
2023-07-31,SKU0005,2,Toys,218,0,24.285714285714285,23.366666666666667,4.604969829047408,9.329529243937232,6,0.76,54.81,7,0,0
2023-08-07,SKU0005,2,Toys,421,0,22.428571428571427,23.133333333333333,4.392260696155076,18.19884726224784,6,0.76,54.81,8,0,0
2023-08-14,SKU0005,2,Toys,262,0,22.714285714285715,23.1,4.301964266672181,11.341991341991342,6,0.76,54.81,8,0,0
2023-08-21,SKU0005,2,Toys,452,0,24.285714285714285,23.333333333333332,4.459266472332025,19.371428571428574,6,0.76,54.81,8,0,0
2023-08-28,SKU0005,2,Toys,278,0,24.857142857142858,23.5,4.768792227634261,11.829787234042554,6,0.76,54.81,8,0,0
2023-09-04,SKU0005,2,Toys,87,360,27.285714285714285,24.533333333333335,5.270171974772565,3.5461956521739126,6,0.76,54.81,9,0,0
2023-09-11,SKU0005,2,Toys,259,0,26.857142857142858,25.733333333333334,5.806852867938444,10.064766839378239,6,0.76,54.81,9,0,0
2023-09-18,SKU0005,2,Toys,413,0,29.428571428571427,26.666666666666668,6.121377652768685,15.487499999999999,6,0.76,54.81,9,0,0
2023-09-25,SKU0005,2,Toys,248,0,23.571428571428573,26.333333333333332,6.036288728117238,9.417721518987342,6,0.76,54.81,9,0,0
2023-10-02,SKU0005,2,Toys,433,0,25.0,25.966666666666665,5.892621530842363,16.675224646983313,6,0.76,54.81,10,0,0
2023-10-09,SKU0005,2,Toys,259,0,24.857142857142858,25.533333333333335,5.257069678936672,10.143603133159269,6,0.76,54.81,10,0,0
2023-10-16,SKU0005,2,Toys,86,360,24.714285714285715,24.733333333333334,5.368704546326528,3.477088948787062,6,0.76,54.81,10,0,0
2023-10-23,SKU0005,2,Toys,282,0,23.428571428571427,24.633333333333333,5.088752528749124,11.447902571041949,6,0.76,54.81,10,0,0
2023-10-30,SKU0005,2,Toys,82,360,28.571428571428573,25.166666666666668,5.693815963822946,3.258278145695364,6,0.76,54.81,10,0,0
2023-11-06,SKU0005,2,Toys,121,360,45.857142857142854,30.0,11.453052597150808,4.033333333333333,6,0.76,54.81,11,0,1
2023-11-13,SKU0005,2,Toys,195,0,40.857142857142854,33.733333333333334,11.791093463181022,5.780632411067193,6,0.76,54.81,11,0,1
2023-11-20,SKU0005,2,Toys,0,360,27.857142857142858,34.93333333333333,16.45041312411399,0.0,6,0.76,54.81,11,0,1
2023-11-27,SKU0005,2,Toys,215,0,20.714285714285715,33.833333333333336,20.754863714707717,6.354679802955665,6,0.76,54.81,11,0,1
2023-12-04,SKU0005,2,Toys,252,0,46.142857142857146,34.53333333333333,21.30846251404926,7.297297297297297,6,0.76,54.81,12,0,1
2023-12-11,SKU0005,2,Toys,311,0,43.0,35.0,25.562634368587045,8.885714285714286,6,0.76,54.81,12,0,1
2023-12-18,SKU0005,2,Toys,0,360,44.42857142857143,36.0,27.441473771622018,0.0,6,0.76,54.81,12,0,1
2023-01-30,SKU0005,3,Toys,17,41,3.4285714285714284,2.533333333333333,2.012603963188903,6.710526315789474,6,0.76,54.81,1,0,1
2023-02-06,SKU0005,3,Toys,0,41,2.4285714285714284,2.566666666666667,2.2388934048232216,0.0,6,0.76,54.81,2,0,1
2023-02-13,SKU0005,3,Toys,20,0,3.0,2.433333333333333,2.4869775775556096,8.219178082191782,6,0.76,54.81,2,0,0
2023-02-20,SKU0005,3,Toys,51,0,1.4285714285714286,2.4,2.4154673996186924,21.25,6,0.76,54.81,2,0,0
2023-02-27,SKU0005,3,Toys,30,0,3.0,2.533333333333333,2.2086559079087507,11.842105263157896,6,0.76,54.81,2,0,0
2023-03-06,SKU0005,3,Toys,9,41,3.0,2.433333333333333,2.1605129233480693,3.6986301369863015,6,0.76,54.81,3,0,0
2023-03-13,SKU0005,3,Toys,35,0,2.142857142857143,2.6666666666666665,1.8997882519635836,13.125,6,0.76,54.81,3,0,0
2023-03-20,SKU0005,3,Toys,12,41,3.2857142857142856,2.8,1.7100110909097874,4.285714285714286,6,0.76,54.81,3,0,1
2023-03-27,SKU0005,3,Toys,36,0,2.4285714285714284,2.8,2.023994002989616,12.857142857142858,6,0.76,54.81,3,0,0
2023-04-03,SKU0005,3,Toys,2,41,4.857142857142857,3.1666666666666665,2.290660698746457,0.6315789473684211,6,0.76,54.81,4,0,1
2023-04-10,SKU0005,3,Toys,22,0,3.0,3.2666666666666666,2.2117762144910826,6.73469387755102,6,0.76,54.81,4,0,0
2023-04-17,SKU0005,3,Toys,34,0,4.142857142857143,3.533333333333333,2.285385854893463,9.622641509433963,6,0.76,54.81,4,0,0
2023-04-24,SKU0005,3,Toys,19,41,2.142857142857143,3.466666666666667,2.1613107985239166,5.480769230769231,6,0.76,54.81,4,0,0
2023-05-01,SKU0005,3,Toys,32,0,4.0,3.433333333333333,2.0956989342432997,9.320388349514564,6,0.76,54.81,5,0,0
2023-05-08,SKU0005,3,Toys,9,41,3.2857142857142856,3.3666666666666667,1.8659070704089993,2.6732673267326734,6,0.76,54.81,5,0,0
2023-05-15,SKU0005,3,Toys,32,0,2.5714285714285716,3.1666666666666665,1.7036134686526483,10.105263157894738,6,0.76,54.81,5,0,0
2023-05-22,SKU0005,3,Toys,13,41,2.7142857142857144,3.066666666666667,1.5070714541175834,4.239130434782608,6,0.76,54.81,5,0,1
2023-05-29,SKU0005,3,Toys,33,0,3.0,2.966666666666667,1.4735210781716315,11.123595505617978,6,0.76,54.81,5,0,0
2023-06-05,SKU0005,3,Toys,10,41,3.2857142857142856,3.0,1.6400168207716008,3.3333333333333335,6,0.76,54.81,6,0,1
2023-06-12,SKU0005,3,Toys,37,0,2.0,2.7333333333333334,1.6801751413906592,13.536585365853659,6,0.76,54.81,6,0,0
2023-06-19,SKU0005,3,Toys,13,41,3.4285714285714284,2.933333333333333,1.7798359733284463,4.4318181818181825,6,0.76,54.81,6,0,0
2023-06-26,SKU0005,3,Toys,25,0,4.142857142857143,3.2666666666666666,1.9106477207072146,7.653061224489796,6,0.76,54.81,6,0,0
2023-07-03,SKU0005,3,Toys,4,41,3.0,3.066666666666667,2.033060090930253,1.3043478260869565,6,0.76,54.81,7,0,1
2023-07-10,SKU0005,3,Toys,27,0,2.5714285714285716,3.2,2.0409598823542088,8.4375,6,0.76,54.81,7,0,0
2023-07-17,SKU0005,3,Toys,41,0,3.857142857142857,3.4,1.8307714597761873,12.058823529411764,6,0.76,54.81,7,0,0
2023-07-24,SKU0005,3,Toys,18,0,3.2857142857142856,3.2666666666666666,2.0160277319749227,5.510204081632653,6,0.76,54.81,7,0,0
2023-07-31,SKU0005,3,Toys,34,0,3.5714285714285716,3.433333333333333,1.8695995022599283,9.902912621359224,6,0.76,54.81,7,0,0
2023-08-07,SKU0005,3,Toys,11,41,3.2857142857142856,3.4,2.0103182112155342,3.235294117647059,6,0.76,54.81,8,0,0
2023-08-14,SKU0005,3,Toys,26,0,3.7142857142857144,3.433333333333333,2.299675139476538,7.572815533980583,6,0.76,54.81,8,0,0
2023-08-21,SKU0005,3,Toys,41,0,3.7142857142857144,3.6666666666666665,2.4116575117588703,11.181818181818182,6,0.76,54.81,8,0,0
2023-08-28,SKU0005,3,Toys,20,41,3.0,3.5,2.177470851778463,5.714285714285714,6,0.76,54.81,8,0,0
2023-09-04,SKU0005,3,Toys,38,0,3.2857142857142856,3.3666666666666667,2.075860159620307,11.287128712871286,6,0.76,54.81,9,0,0
2023-09-11,SKU0005,3,Toys,18,41,2.857142857142857,3.3333333333333335,1.98847252646491,5.3999999999999995,6,0.76,54.81,9,0,0
2023-09-18,SKU0005,3,Toys,45,0,2.0,3.033333333333333,1.8659070704089988,14.835164835164836,6,0.76,54.81,9,0,0
2023-09-25,SKU0005,3,Toys,21,0,3.4285714285714284,2.8666666666666667,1.8888663510036956,7.325581395348837,6,0.76,54.81,9,0,0
2023-10-02,SKU0005,3,Toys,39,0,3.2857142857142856,3.033333333333333,2.1088211011798994,12.857142857142858,6,0.76,54.81,10,0,0
2023-10-09,SKU0005,3,Toys,14,41,3.5714285714285716,3.066666666666667,2.3915560269174234,4.565217391304348,6,0.76,54.81,10,0,0
2023-10-16,SKU0005,3,Toys,34,0,3.0,3.2666666666666666,2.227312178440615,10.408163265306122,6,0.76,54.81,10,0,0
2023-10-23,SKU0005,3,Toys,13,41,3.0,3.2666666666666666,2.227312178440615,3.979591836734694,6,0.76,54.81,10,0,1
2023-10-30,SKU0005,3,Toys,28,0,3.7142857142857144,3.3666666666666667,2.2664469129444433,8.316831683168317,6,0.76,54.81,10,0,1
2023-11-06,SKU0005,3,Toys,0,41,4.0,3.4,2.7240942816232354,0.0,6,0.76,54.81,11,0,0
2023-11-13,SKU0005,3,Toys,6,41,5.0,3.8,2.7717789631732273,1.5789473684210527,6,0.76,54.81,11,0,1
2023-11-20,SKU0005,3,Toys,0,41,0.8571428571428571,3.466666666666667,3.1154048094006623,0.0,6,0.76,54.81,11,0,1
2023-11-27,SKU0005,3,Toys,10,41,4.428571428571429,3.533333333333333,3.2561171432512532,2.8301886792452833,6,0.76,54.81,11,0,1
2023-12-04,SKU0005,3,Toys,11,41,5.714285714285714,3.7333333333333334,3.2156227833900943,2.946428571428571,6,0.76,54.81,12,0,1
2023-12-11,SKU0005,3,Toys,5,41,6.714285714285714,4.5,3.8840966641616568,1.1111111111111112,6,0.76,54.81,12,0,1
2023-12-18,SKU0005,3,Toys,13,41,4.714285714285714,5.033333333333333,3.746109092556345,2.5827814569536423,6,0.76,54.81,12,0,1
2023-01-30,SKU0005,4,Toys,158,262,22.0,19.2,4.894754405448262,8.229166666666668,6,0.76,54.81,1,0,0
2023-02-06,SKU0005,4,Toys,309,0,15.857142857142858,19.166666666666668,5.017784463240746,16.121739130434783,6,0.76,54.81,2,0,0
2023-02-13,SKU0005,4,Toys,171,0,19.714285714285715,19.466666666666665,4.8190236050207425,8.784246575342467,6,0.76,54.81,2,0,0
2023-02-20,SKU0005,4,Toys,304,0,18.428571428571427,18.966666666666665,4.366671053783879,16.028119507908613,6,0.76,54.81,2,0,0
2023-02-27,SKU0005,4,Toys,157,0,21.0,18.6,4.148950843701126,8.440860215053762,6,0.76,54.81,2,0,0
2023-03-06,SKU0005,4,Toys,292,0,18.142857142857142,19.133333333333333,3.794127343520585,15.261324041811847,6,0.76,54.81,3,0,0
2023-03-13,SKU0005,4,Toys,163,262,18.428571428571427,18.9,4.196468137325268,8.624338624338625,6,0.76,54.81,3,0,0
2023-03-20,SKU0005,4,Toys,282,0,20.428571428571427,19.333333333333332,4.451526923879376,14.586206896551724,6,0.76,54.81,3,0,0
2023-03-27,SKU0005,4,Toys,166,0,16.571428571428573,18.766666666666666,4.508102539400266,8.845470692717585,6,0.76,54.81,3,0,0
2023-04-03,SKU0005,4,Toys,281,0,21.0,18.9,5.2479881202556875,14.867724867724869,6,0.76,54.81,4,0,0
2023-04-10,SKU0005,4,Toys,141,262,20.0,19.4,4.846612752470925,7.268041237113403,6,0.76,54.81,4,0,0
2023-04-17,SKU0005,4,Toys,295,0,15.428571428571429,18.4,5.196816001334292,16.032608695652176,6,0.76,54.81,4,0,0
2023-04-24,SKU0005,4,Toys,166,0,18.428571428571427,18.633333333333333,5.068382951901568,8.9087656529517,6,0.76,54.81,4,0,0
2023-05-01,SKU0005,4,Toys,276,0,21.714285714285715,19.2,4.589342977542347,14.375,6,0.76,54.81,5,0,0
2023-05-08,SKU0005,4,Toys,133,262,20.428571428571427,19.0,4.127285155961569,7.0,6,0.76,54.81,5,0,0
2023-05-15,SKU0005,4,Toys,265,0,18.571428571428573,19.333333333333332,3.9421098266103005,13.706896551724139,6,0.76,54.81,5,0,0
2023-05-22,SKU0005,4,Toys,137,262,18.285714285714285,19.766666666666666,3.4309276249749296,6.930860033726813,6,0.76,54.81,5,0,0
2023-05-29,SKU0005,4,Toys,254,0,20.714285714285715,19.7,3.475530224991232,12.893401015228427,6,0.76,54.81,5,0,0
2023-06-05,SKU0005,4,Toys,132,262,17.428571428571427,18.966666666666665,3.7644739828847436,6.959578207381371,6,0.76,54.81,6,0,0
2023-06-12,SKU0005,4,Toys,11,262,17.285714285714285,18.533333333333335,4.321025846696144,0.5935251798561151,6,0.76,54.81,6,0,1
2023-06-19,SKU0005,4,Toys,200,0,10.428571428571429,16.566666666666666,6.414871371480785,12.072434607645876,6,0.76,54.81,6,0,0
2023-06-26,SKU0005,4,Toys,68,262,18.857142857142858,16.066666666666666,6.43767645668215,4.232365145228216,6,0.76,54.81,6,0,0
2023-07-03,SKU0005,4,Toys,193,0,19.571428571428573,16.666666666666668,6.423734724916032,11.579999999999998,6,0.76,54.81,7,0,0
2023-07-10,SKU0005,4,Toys,325,0,18.571428571428573,16.733333333333334,6.263927011803018,19.42231075697211,6,0.76,54.81,7,0,0
2023-07-17,SKU0005,4,Toys,201,0,17.714285714285715,18.466666666666665,4.493162110043045,10.884476534296029,6,0.76,54.81,7,0,0
2023-07-24,SKU0005,4,Toys,310,0,21.857142857142858,19.3,4.3640379909215845,16.06217616580311,6,0.76,54.81,7,0,0
2023-07-31,SKU0005,4,Toys,200,0,15.714285714285714,18.6,4.319961685653852,10.75268817204301,6,0.76,54.81,7,0,0
2023-08-07,SKU0005,4,Toys,56,262,20.571428571428573,19.133333333333333,4.400104491967195,2.926829268292683,6,0.76,54.81,8,0,1
2023-08-14,SKU0005,4,Toys,228,0,12.857142857142858,17.666666666666668,6.171867952491252,12.90566037735849,6,0.76,54.81,8,0,0
2023-08-21,SKU0005,4,Toys,93,262,19.285714285714285,17.2,6.429458066935568,5.406976744186046,6,0.76,54.81,8,0,0
2023-08-28,SKU0005,4,Toys,238,0,16.714285714285715,17.233333333333334,6.5320606313746135,13.81044487427466,6,0.76,54.81,8,0,0
2023-09-04,SKU0005,4,Toys,112,262,18.0,17.0,6.416573368481306,6.588235294117647,6,0.76,54.81,9,0,0
2023-09-11,SKU0005,4,Toys,257,0,16.714285714285715,17.633333333333333,4.737839849212051,14.574669187145558,6,0.76,54.81,9,0,0
2023-09-18,SKU0005,4,Toys,123,262,19.142857142857142,18.0,5.065093524683739,6.833333333333333,6,0.76,54.81,9,0,0
2023-09-25,SKU0005,4,Toys,269,0,16.571428571428573,17.8,4.229616433249455,15.112359550561797,6,0.76,54.81,9,0,0
2023-10-02,SKU0005,4,Toys,143,262,18.0,17.7,4.035617288166926,8.07909604519774,6,0.76,54.81,10,0,0
2023-10-09,SKU0005,4,Toys,255,0,21.428571428571427,18.633333333333333,4.686615816993319,13.68515205724508,6,0.76,54.81,10,0,0
2023-10-16,SKU0005,4,Toys,142,262,16.142857142857142,18.1,4.859047728473784,7.845303867403314,6,0.76,54.81,10,0,0
2023-10-23,SKU0005,4,Toys,239,0,23.571428571428573,19.466666666666665,6.032860208794047,12.277397260273974,6,0.76,54.81,10,0,0
2023-10-30,SKU0005,4,Toys,119,262,17.142857142857142,19.333333333333332,6.115741888812403,6.155172413793104,6,0.76,54.81,10,0,1
2023-11-06,SKU0005,4,Toys,162,0,31.285714285714285,21.833333333333332,7.697215498917871,7.419847328244275,6,0.76,54.81,11,0,1
2023-11-13,SKU0005,4,Toys,192,0,33.142857142857146,25.466666666666665,8.633268983029142,7.539267015706807,6,0.76,54.81,11,0,1
2023-11-20,SKU0005,4,Toys,230,0,32.0,28.466666666666665,11.524287197145792,8.079625292740047,6,0.76,54.81,11,0,1
2023-11-27,SKU0005,4,Toys,0,262,32.857142857142854,31.5,10.159928047532322,0.0,6,0.76,54.81,11,0,1
2023-12-04,SKU0005,4,Toys,181,0,11.571428571428571,27.766666666666666,16.055256596137472,6.518607442977191,6,0.76,54.81,12,0,1
2023-12-11,SKU0005,4,Toys,0,262,25.857142857142858,26.2,19.167861032251977,0.0,6,0.76,54.81,12,0,1
2023-12-18,SKU0005,4,Toys,0,262,37.42857142857143,26.2,20.163811900154876,0.0,6,0.76,54.81,12,0,1
2023-01-30,SKU0006,1,Electronics,215,0,21.857142857142858,22.366666666666667,4.944403547120887,9.61251862891207,6,0.76,302.44,1,0,0
2023-02-06,SKU0006,1,Electronics,444,0,27.857142857142858,23.533333333333335,5.858876750846463,18.86685552407932,6,0.76,302.44,2,0,0
2023-02-13,SKU0006,1,Electronics,240,0,29.142857142857142,25.266666666666666,5.918604992519039,9.49868073878628,6,0.76,302.44,2,0,0
2023-02-20,SKU0006,1,Electronics,60,424,25.714285714285715,25.866666666666667,5.649127691791091,2.319587628865979,6,0.76,302.44,2,0,0
2023-02-27,SKU0006,1,Electronics,284,0,28.571428571428573,27.4,5.462095088756758,10.364963503649635,6,0.76,302.44,2,0,0
2023-03-06,SKU0006,1,Electronics,94,424,27.142857142857142,27.866666666666667,4.7323780807169875,3.373205741626794,6,0.76,302.44,3,0,0
2023-03-13,SKU0006,1,Electronics,337,0,25.857142857142858,27.033333333333335,4.715954822202763,12.466091245376077,6,0.76,302.44,3,0,0
2023-03-20,SKU0006,1,Electronics,126,424,30.142857142857142,27.533333333333335,5.1644229462560585,4.576271186440677,6,0.76,302.44,3,0,0
2023-03-27,SKU0006,1,Electronics,330,0,31.428571428571427,28.566666666666666,5.379932914165337,11.551925320886815,6,0.76,302.44,3,0,0
2023-04-03,SKU0006,1,Electronics,139,424,27.285714285714285,28.8,5.0062030487703195,4.826388888888888,6,0.76,302.44,4,0,0
2023-04-10,SKU0006,1,Electronics,369,0,27.714285714285715,29.033333333333335,5.580034194267577,12.709529276693456,6,0.76,302.44,4,0,0
2023-04-17,SKU0006,1,Electronics,170,0,28.428571428571427,28.8,6.149852815732457,5.902777777777778,6,0.76,302.44,4,0,0
2023-04-24,SKU0006,1,Electronics,399,0,27.857142857142858,27.7,5.954714156838695,14.4043321299639,6,0.76,302.44,4,0,0
2023-05-01,SKU0006,1,Electronics,211,0,26.857142857142858,27.866666666666667,6.709403248726594,7.57177033492823,6,0.76,302.44,5,0,0
2023-05-08,SKU0006,1,Electronics,437,0,28.285714285714285,28.5,7.370724944460792,15.333333333333334,6,0.76,302.44,5,0,0
2023-05-15,SKU0006,1,Electronics,260,0,25.285714285714285,27.366666666666667,7.068547786928512,9.500609013398295,6,0.76,302.44,5,0,0
2023-05-22,SKU0006,1,Electronics,39,424,31.571428571428573,27.9,7.028758658245572,1.3978494623655915,6,0.76,302.44,5,0,0
2023-05-29,SKU0006,1,Electronics,279,0,26.285714285714285,27.633333333333333,7.3460443652412,10.096501809408927,6,0.76,302.44,5,0,0
2023-06-05,SKU0006,1,Electronics,75,424,29.142857142857142,27.8,6.042379070166506,2.697841726618705,6,0.76,302.44,6,0,0
2023-06-12,SKU0006,1,Electronics,299,0,28.571428571428573,28.333333333333332,6.540765184242768,10.552941176470588,6,0.76,302.44,6,0,0
2023-06-19,SKU0006,1,Electronics,116,424,26.142857142857142,27.466666666666665,6.295774901407725,4.223300970873787,6,0.76,302.44,6,0,1
2023-06-26,SKU0006,1,Electronics,0,424,16.571428571428573,24.9,9.426119251204662,0.0,6,0.76,302.44,6,0,1
2023-07-03,SKU0006,1,Electronics,283,0,20.142857142857142,23.533333333333335,11.598850517759658,12.025495750708215,6,0.76,302.44,7,0,0
2023-07-10,SKU0006,1,Electronics,94,424,27.0,23.4,11.580602092619637,4.017094017094017,6,0.76,302.44,7,0,0
2023-07-17,SKU0006,1,Electronics,321,0,28.142857142857142,22.9,11.281201941343811,14.017467248908298,6,0.76,302.44,7,0,0
2023-07-24,SKU0006,1,Electronics,128,424,27.571428571428573,24.0,11.116933340474423,5.333333333333333,6,0.76,302.44,7,0,0
2023-07-31,SKU0006,1,Electronics,346,0,29.428571428571427,27.6,6.009188366791833,12.53623188405797,6,0.76,302.44,7,0,0
2023-08-07,SKU0006,1,Electronics,104,424,34.57142857142857,29.666666666666668,6.814453874610605,3.5056179775280896,6,0.76,302.44,8,0,0
2023-08-14,SKU0006,1,Electronics,332,0,28.0,29.733333333333334,6.4803859683548675,11.16591928251121,6,0.76,302.44,8,0,0
2023-08-21,SKU0006,1,Electronics,161,424,24.428571428571427,28.9,6.471955415216626,5.570934256055364,6,0.76,302.44,8,0,0
2023-08-28,SKU0006,1,Electronics,377,0,29.714285714285715,28.933333333333334,6.252907369753109,13.02995391705069,6,0.76,302.44,8,0,0
2023-09-04,SKU0006,1,Electronics,162,424,30.714285714285715,28.333333333333332,5.535673234658964,5.7176470588235295,6,0.76,302.44,9,0,0
2023-09-11,SKU0006,1,Electronics,400,0,26.571428571428573,27.733333333333334,5.526945488855642,14.423076923076923,6,0.76,302.44,9,0,0
2023-09-18,SKU0006,1,Electronics,208,0,27.428571428571427,28.2,5.791789670404737,7.375886524822695,6,0.76,302.44,9,0,0
2023-09-25,SKU0006,1,Electronics,442,0,27.142857142857142,27.666666666666668,5.658885800733856,15.975903614457831,6,0.76,302.44,9,0,0
2023-10-02,SKU0006,1,Electronics,255,0,26.714285714285715,27.266666666666666,6.005361589121183,9.352078239608803,6,0.76,302.44,10,0,0
2023-10-09,SKU0006,1,Electronics,65,424,27.142857142857142,27.166666666666668,5.7179893580567915,2.392638036809816,6,0.76,302.44,10,0,0
2023-10-16,SKU0006,1,Electronics,306,0,26.142857142857142,26.8,6.127383420858129,11.417910447761194,6,0.76,302.44,10,0,0
2023-10-23,SKU0006,1,Electronics,90,424,30.857142857142858,27.8,6.0022984103505435,3.237410071942446,6,0.76,302.44,10,0,0
2023-10-30,SKU0006,1,Electronics,302,0,30.285714285714285,28.7,4.962966298773215,10.522648083623693,6,0.76,302.44,10,0,1
2023-11-06,SKU0006,1,Electronics,0,424,43.142857142857146,32.1,8.667617100847064,0.0,6,0.76,302.44,11,0,1
2023-11-13,SKU0006,1,Electronics,0,424,0.0,26.0,16.402270658619827,0.0,6,0.76,302.44,11,0,1
2023-11-20,SKU0006,1,Electronics,102,424,46.0,29.766666666666666,20.803983924393822,3.4266517357222845,6,0.76,302.44,11,0,1
2023-11-27,SKU0006,1,Electronics,230,0,42.285714285714285,32.9,22.76014362720574,6.990881458966566,6,0.76,302.44,11,0,1
2023-12-04,SKU0006,1,Electronics,355,0,42.714285714285715,33.766666666666666,26.51958720921436,10.513326752221126,6,0.76,302.44,12,0,1
2023-12-11,SKU0006,1,Electronics,0,424,50.714285714285715,42.4,24.052528722174582,0.0,6,0.76,302.44,12,0,1
2023-12-18,SKU0006,1,Electronics,70,424,50.57142857142857,46.86666666666667,22.027777656989038,1.4935988620199145,6,0.76,302.44,12,0,1
2023-01-30,SKU0006,2,Electronics,249,0,20.0,17.166666666666668,4.488170914851565,14.504854368932039,6,0.76,302.44,1,0,0
2023-02-06,SKU0006,2,Electronics,99,254,21.428571428571427,18.533333333333335,4.847561301800385,5.341726618705035,6,0.76,302.44,2,0,0
2023-02-13,SKU0006,2,Electronics,210,0,20.428571428571427,19.4,4.9660919207680045,10.824742268041238,6,0.76,302.44,2,0,0
2023-02-20,SKU0006,2,Electronics,329,0,19.285714285714285,20.233333333333334,4.215597747391953,16.260296540362436,6,0.76,302.44,2,0,0
2023-02-27,SKU0006,2,Electronics,173,254,22.285714285714285,20.9,4.333908007871149,8.277511961722489,6,0.76,302.44,2,0,0
2023-03-06,SKU0006,2,Electronics,284,0,20.428571428571427,20.833333333333332,4.169539239683971,13.632000000000001,6,0.76,302.44,3,0,0
2023-03-13,SKU0006,2,Electronics,110,254,24.857142857142858,21.566666666666666,4.797149536772952,5.1004636785162285,6,0.76,302.44,3,0,1
2023-03-20,SKU0006,2,Electronics,0,254,15.714285714285714,20.933333333333334,7.143520494649069,0.0,6,0.76,302.44,3,0,0
2023-03-27,SKU0006,2,Electronics,108,254,20.857142857142858,20.366666666666667,7.23250961992439,5.30278232405892,6,0.76,302.44,3,0,0
2023-04-03,SKU0006,2,Electronics,221,0,20.142857142857142,20.366666666666667,7.508539200106785,10.851063829787234,6,0.76,302.44,4,0,0
2023-04-10,SKU0006,2,Electronics,62,254,22.714285714285715,20.333333333333332,7.4154235042326775,3.0491803278688527,6,0.76,302.44,4,0,0
2023-04-17,SKU0006,2,Electronics,187,254,18.428571428571427,19.266666666666666,6.867882941049157,9.705882352941178,6,0.76,302.44,4,0,0
2023-04-24,SKU0006,2,Electronics,310,0,18.714285714285715,20.066666666666666,4.94754089619684,15.448504983388705,6,0.76,302.44,4,0,0
2023-05-01,SKU0006,2,Electronics,149,254,23.0,20.366666666666667,4.802896635568376,7.315875613747954,6,0.76,302.44,5,0,0
2023-05-08,SKU0006,2,Electronics,258,0,20.714285714285715,20.533333333333335,5.157741642480235,12.564935064935064,6,0.76,302.44,5,0,0
2023-05-15,SKU0006,2,Electronics,114,254,20.571428571428573,20.633333333333333,4.723261098256041,5.525040387722132,6,0.76,302.44,5,0,0
2023-05-22,SKU0006,2,Electronics,207,0,23.0,21.266666666666666,5.514453318534747,9.733542319749217,6,0.76,302.44,5,0,0
2023-05-29,SKU0006,2,Electronics,332,0,18.428571428571427,20.8,5.2548827868419945,15.961538461538462,6,0.76,302.44,5,0,0
2023-06-05,SKU0006,2,Electronics,185,0,21.0,20.766666666666666,5.443650735796093,8.908507223113965,6,0.76,302.44,6,0,0
2023-06-12,SKU0006,2,Electronics,281,0,22.571428571428573,21.3,5.730438991428388,13.192488262910798,6,0.76,302.44,6,0,0
2023-06-19,SKU0006,2,Electronics,131,254,21.428571428571427,20.866666666666667,4.8900555904980205,6.277955271565495,6,0.76,302.44,6,0,0
2023-06-26,SKU0006,2,Electronics,237,0,21.142857142857142,21.133333333333333,5.103976362860991,11.214511041009464,6,0.76,302.44,6,0,0
2023-07-03,SKU0006,2,Electronics,119,254,16.857142857142858,20.733333333333334,4.72654523780927,5.739549839228296,6,0.76,302.44,7,0,0
2023-07-10,SKU0006,2,Electronics,236,0,19.571428571428573,19.5,4.384533946844802,12.102564102564102,6,0.76,302.44,7,0,0
2023-07-17,SKU0006,2,Electronics,78,254,22.571428571428573,20.1,4.497892226672246,3.880597014925373,6,0.76,302.44,7,0,0
2023-07-24,SKU0006,2,Electronics,183,254,21.285714285714285,19.9,4.212870264091804,9.195979899497488,6,0.76,302.44,7,0,0
2023-07-31,SKU0006,2,Electronics,272,0,23.571428571428573,21.333333333333332,4.670769953018777,12.75,6,0.76,302.44,7,0,0
2023-08-07,SKU0006,2,Electronics,122,254,21.428571428571427,22.033333333333335,4.106205004652101,5.537065052950076,6,0.76,302.44,8,0,0
2023-08-14,SKU0006,2,Electronics,222,0,22.0,22.233333333333334,3.9100518854775466,9.985007496251873,6,0.76,302.44,8,0,0
2023-08-21,SKU0006,2,Electronics,330,0,20.857142857142858,21.9,4.301964266672168,15.068493150684933,6,0.76,302.44,8,0,0
2023-08-28,SKU0006,2,Electronics,181,0,21.285714285714285,21.2,4.0206364224310756,8.537735849056604,6,0.76,302.44,8,0,0
2023-09-04,SKU0006,2,Electronics,281,0,22.0,21.533333333333335,3.729965640345897,13.049535603715169,6,0.76,302.44,9,0,0
2023-09-11,SKU0006,2,Electronics,137,254,20.571428571428573,21.066666666666666,4.135075643166965,6.503164556962026,6,0.76,302.44,9,0,0
2023-09-18,SKU0006,2,Electronics,256,0,19.285714285714285,20.766666666666666,4.485096649351386,12.327447833065811,6,0.76,302.44,9,0,0
2023-09-25,SKU0006,2,Electronics,113,254,20.428571428571427,20.866666666666667,5.151051672555166,5.415335463258786,6,0.76,302.44,9,0,0
2023-10-02,SKU0006,2,Electronics,232,0,19.285714285714285,20.1,4.8732202763746475,11.54228855721393,6,0.76,302.44,10,0,0
2023-10-09,SKU0006,2,Electronics,104,254,18.285714285714285,19.533333333333335,4.3289987162226655,5.324232081911262,6,0.76,302.44,10,0,1
2023-10-16,SKU0006,2,Electronics,225,0,19.0,19.3,5.120277470929711,11.6580310880829,6,0.76,302.44,10,0,0
2023-10-23,SKU0006,2,Electronics,76,254,21.285714285714285,19.0,5.10577766038058,4.0,6,0.76,302.44,10,0,0
2023-10-30,SKU0006,2,Electronics,197,0,19.0,19.2,5.467143236866382,10.260416666666668,6,0.76,302.44,10,0,1
2023-11-06,SKU0006,2,Electronics,0,254,28.142857142857142,21.5,9.511336248991478,0.0,6,0.76,302.44,11,0,1
2023-11-13,SKU0006,2,Electronics,164,0,12.857142857142858,20.066666666666666,14.529241225016284,8.172757475083056,6,0.76,302.44,11,0,1
2023-11-20,SKU0006,2,Electronics,185,0,33.285714285714285,23.266666666666666,16.317820453964313,7.951289398280803,6,0.76,302.44,11,0,0
2023-11-27,SKU0006,2,Electronics,189,0,35.714285714285715,26.6,17.139589179480915,7.105263157894736,6,0.76,302.44,11,0,1
2023-12-04,SKU0006,2,Electronics,158,0,40.714285714285715,29.3,17.94080304203531,5.392491467576792,6,0.76,302.44,12,0,1
2023-12-11,SKU0006,2,Electronics,163,0,35.57142857142857,36.9,13.422446459774656,4.417344173441735,6,0.76,302.44,12,0,1
2023-12-18,SKU0006,2,Electronics,186,0,33.0,36.13333333333333,12.69736147810824,5.14760147601476,6,0.76,302.44,12,0,1
2023-01-30,SKU0006,3,Electronics,421,0,31.142857142857142,27.566666666666666,5.302460933757361,15.272067714631197,6,0.76,302.44,1,0,0
2023-02-06,SKU0006,3,Electronics,191,407,32.857142857142854,28.7,6.37424775818752,6.655052264808362,6,0.76,302.44,2,0,0
2023-02-13,SKU0006,3,Electronics,388,0,30.0,29.7,6.988414057172253,13.063973063973064,6,0.76,302.44,2,0,0
2023-02-20,SKU0006,3,Electronics,157,407,33.0,31.2,7.293833011524187,5.032051282051282,6,0.76,302.44,2,0,0
2023-02-27,SKU0006,3,Electronics,352,0,30.285714285714285,31.5,6.9319350933149275,11.174603174603174,6,0.76,302.44,2,0,0
2023-03-06,SKU0006,3,Electronics,148,407,29.142857142857142,30.833333333333332,6.602420315534939,4.8,6,0.76,302.44,3,0,0
2023-03-13,SKU0006,3,Electronics,353,0,28.857142857142858,30.566666666666666,6.279047442216787,11.548527808069792,6,0.76,302.44,3,0,0
2023-03-20,SKU0006,3,Electronics,148,407,29.285714285714285,30.066666666666666,5.871810701950481,4.92239467849224,6,0.76,302.44,3,0,0
2023-03-27,SKU0006,3,Electronics,349,0,29.428571428571427,29.366666666666667,5.886766768652016,11.88422247446084,6,0.76,302.44,3,0,0
2023-04-03,SKU0006,3,Electronics,146,407,29.0,28.933333333333334,5.842373946721767,5.046082949308755,6,0.76,302.44,4,0,0
2023-04-10,SKU0006,3,Electronics,340,0,30.428571428571427,29.833333333333332,6.475861456917941,11.396648044692737,6,0.76,302.44,4,0,0
2023-04-17,SKU0006,3,Electronics,102,407,34.0,30.633333333333333,6.630563159799619,3.3297062023939064,6,0.76,302.44,4,0,1
2023-04-24,SKU0006,3,Electronics,316,0,27.571428571428573,30.266666666666666,8.951722366859537,10.440528634361234,6,0.76,302.44,4,0,0
2023-05-01,SKU0006,3,Electronics,80,407,33.714285714285715,31.066666666666666,8.52150761039518,2.575107296137339,6,0.76,302.44,5,0,1
2023-05-08,SKU0006,3,Electronics,244,0,34.714285714285715,32.1,8.631737748085497,7.601246105919003,6,0.76,302.44,5,0,0
2023-05-15,SKU0006,3,Electronics,405,0,35.142857142857146,32.46666666666667,8.685037999771284,12.474332648870636,6,0.76,302.44,5,0,0
2023-05-22,SKU0006,3,Electronics,196,407,29.857142857142858,33.13333333333333,6.196402367410506,5.915492957746479,6,0.76,302.44,5,0,0
2023-05-29,SKU0006,3,Electronics,367,0,33.714285714285715,33.166666666666664,6.893691935802403,11.06532663316583,6,0.76,302.44,5,0,0
2023-06-05,SKU0006,3,Electronics,144,407,31.857142857142858,32.7,6.449538876860722,4.403669724770642,6,0.76,302.44,6,0,0
2023-06-12,SKU0006,3,Electronics,301,0,35.714285714285715,32.53333333333333,6.6058142275722025,9.25204918032787,6,0.76,302.44,6,0,0
2023-06-19,SKU0006,3,Electronics,92,407,29.857142857142858,33.03333333333333,6.467336142617694,2.7850655903128154,6,0.76,302.44,6,0,0
2023-06-26,SKU0006,3,Electronics,294,0,29.285714285714285,31.666666666666668,6.076145178473353,9.284210526315789,6,0.76,302.44,6,0,0
2023-07-03,SKU0006,3,Electronics,63,407,33.0,32.06666666666667,5.842373946721765,1.9646569646569645,6,0.76,302.44,7,0,0
2023-07-10,SKU0006,3,Electronics,216,0,36.285714285714285,31.933333333333334,6.580710229636062,6.764091858037578,6,0.76,302.44,7,0,0
2023-07-17,SKU0006,3,Electronics,401,0,31.714285714285715,32.233333333333334,6.673071635871385,12.440537745604964,6,0.76,302.44,7,0,0
2023-07-24,SKU0006,3,Electronics,195,407,29.428571428571427,32.8,7.165049269508389,5.945121951219512,6,0.76,302.44,7,0,0
2023-07-31,SKU0006,3,Electronics,378,0,32.0,32.333333333333336,7.585527660292158,11.690721649484535,6,0.76,302.44,7,0,0
2023-08-07,SKU0006,3,Electronics,158,407,31.428571428571427,31.4,7.591283567809628,5.031847133757962,6,0.76,302.44,8,0,0
2023-08-14,SKU0006,3,Electronics,371,0,27.714285714285715,30.166666666666668,6.752181426989977,12.298342541436464,6,0.76,302.44,8,0,0
2023-08-21,SKU0006,3,Electronics,133,407,34.0,31.0,6.705633246858884,4.290322580645161,6,0.76,302.44,8,0,0
2023-08-28,SKU0006,3,Electronics,326,0,30.571428571428573,31.366666666666667,6.359805534509802,10.393198724760893,6,0.76,302.44,8,0,0
2023-09-04,SKU0006,3,Electronics,104,407,31.714285714285715,31.033333333333335,5.945054933381141,3.351235230934479,6,0.76,302.44,9,0,0
2023-09-11,SKU0006,3,Electronics,264,0,35.285714285714285,32.666666666666664,6.171867952491243,8.081632653061225,6,0.76,302.44,9,0,0
2023-09-18,SKU0006,3,Electronics,454,0,31.0,32.03333333333333,5.275076945562891,14.17273673257024,6,0.76,302.44,9,0,0
2023-09-25,SKU0006,3,Electronics,217,0,33.857142857142854,32.8,5.5048567897686524,6.615853658536586,6,0.76,302.44,9,0,0
2023-10-02,SKU0006,3,Electronics,392,0,33.142857142857146,33.06666666666667,5.613612355530162,11.854838709677418,6,0.76,302.44,10,0,0
2023-10-09,SKU0006,3,Electronics,194,407,28.285714285714285,32.3,6.092109084992505,6.006191950464397,6,0.76,302.44,10,0,0
2023-10-16,SKU0006,3,Electronics,407,0,27.714285714285715,30.766666666666666,5.852693652371155,13.228602383531962,6,0.76,302.44,10,0,0
2023-10-23,SKU0006,3,Electronics,187,407,31.428571428571427,30.5,6.235327605252785,6.131147540983607,6,0.76,302.44,10,0,0
2023-10-30,SKU0006,3,Electronics,380,0,30.571428571428573,29.866666666666667,5.975428614454078,12.723214285714285,6,0.76,302.44,10,0,0
2023-11-06,SKU0006,3,Electronics,25,407,50.714285714285715,34.766666666666666,12.001963440903394,0.7190795781399808,6,0.76,302.44,11,0,1
2023-11-13,SKU0006,3,Electronics,47,407,55.0,41.06666666666667,15.5006859321714,1.1444805194805194,6,0.76,302.44,11,0,1
2023-11-20,SKU0006,3,Electronics,83,407,53.0,45.766666666666666,18.93852729469624,1.8135469774217043,6,0.76,302.44,11,0,1
2023-11-27,SKU0006,3,Electronics,304,0,26.571428571428573,45.166666666666664,22.549689704009825,6.730627306273063,6,0.76,302.44,11,0,1
2023-12-04,SKU0006,3,Electronics,0,407,43.42857142857143,45.36666666666667,25.40768731531156,0.0,6,0.76,302.44,12,0,1
2023-12-11,SKU0006,3,Electronics,225,0,26.0,38.3,29.06490952191734,5.87467362924282,6,0.76,302.44,12,0,1
2023-12-18,SKU0006,3,Electronics,0,407,32.142857142857146,34.1,30.06011218920491,0.0,6,0.76,302.44,12,0,1
2023-01-30,SKU0006,4,Electronics,14,58,3.857142857142857,3.2,1.864366398797596,4.375,6,0.76,302.44,1,0,0
2023-02-06,SKU0006,4,Electronics,48,0,3.4285714285714284,3.1,1.9713464679126613,15.483870967741934,6,0.76,302.44,2,0,0
2023-02-13,SKU0006,4,Electronics,14,58,4.857142857142857,3.7666666666666666,2.095698934243301,3.7168141592920354,6,0.76,302.44,2,0,0
2023-02-20,SKU0006,4,Electronics,53,0,2.7142857142857144,3.566666666666667,2.1283526628524854,14.85981308411215,6,0.76,302.44,2,0,0
2023-02-27,SKU0006,4,Electronics,23,58,4.285714285714286,3.8,2.0068847019439238,6.052631578947369,6,0.76,302.44,2,0,0
2023-03-06,SKU0006,4,Electronics,56,0,3.5714285714285716,3.7333333333333334,2.0833218390487516,15.0,6,0.76,302.44,3,0,0
2023-03-13,SKU0006,4,Electronics,33,0,3.2857142857142856,3.533333333333333,1.9250317208910563,9.339622641509434,6,0.76,302.44,3,0,0
2023-03-20,SKU0006,4,Electronics,67,0,3.4285714285714284,3.6,2.0443361623831797,18.61111111111111,6,0.76,302.44,3,0,0
2023-03-27,SKU0006,4,Electronics,33,0,4.857142857142857,3.8666666666666667,2.4030631792939117,8.53448275862069,6,0.76,302.44,3,0,0
2023-04-03,SKU0006,4,Electronics,4,58,4.142857142857143,3.966666666666667,2.645534081185243,1.0084033613445378,6,0.76,302.44,4,0,1
2023-04-10,SKU0006,4,Electronics,48,0,2.0,3.566666666666667,2.7876987584414668,13.457943925233645,6,0.76,302.44,4,0,0
2023-04-17,SKU0006,4,Electronics,27,58,3.0,3.6,2.672981029900306,7.5,6,0.76,302.44,4,0,0
2023-04-24,SKU0006,4,Electronics,60,0,3.5714285714285716,3.1666666666666665,2.3205726601992818,18.947368421052634,6,0.76,302.44,4,0,0
2023-05-01,SKU0006,4,Electronics,38,0,3.142857142857143,2.8666666666666667,1.7952683659406274,13.255813953488373,6,0.76,302.44,5,0,0
2023-05-08,SKU0006,4,Electronics,15,58,3.2857142857142856,3.2666666666666666,1.5297809925141168,4.591836734693878,6,0.76,302.44,5,0,0
2023-05-15,SKU0006,4,Electronics,47,0,3.7142857142857144,3.3333333333333335,1.5829551877538377,14.1,6,0.76,302.44,5,0,0
2023-05-22,SKU0006,4,Electronics,14,58,4.714285714285714,3.7666666666666666,1.5905612397739586,3.7168141592920354,6,0.76,302.44,5,0,0
2023-05-29,SKU0006,4,Electronics,51,0,3.0,3.7,1.5789564428051426,13.783783783783782,6,0.76,302.44,5,0,0
2023-06-05,SKU0006,4,Electronics,30,58,3.0,3.533333333333333,1.6131642354623166,8.49056603773585,6,0.76,302.44,6,0,0
2023-06-12,SKU0006,4,Electronics,9,58,3.0,3.566666666666667,1.5905612397739586,2.5233644859813085,6,0.76,302.44,6,0,0
2023-06-19,SKU0006,4,Electronics,45,0,3.142857142857143,3.2333333333333334,1.5013403972802948,13.917525773195877,6,0.76,302.44,6,0,0
2023-06-26,SKU0006,4,Electronics,29,58,2.2857142857142856,2.8333333333333335,1.261726603899795,10.235294117647058,6,0.76,302.44,6,0,0
2023-07-03,SKU0006,4,Electronics,62,0,3.5714285714285716,3.0,1.6815428055498784,20.666666666666668,6,0.76,302.44,7,0,0
2023-07-10,SKU0006,4,Electronics,25,58,5.285714285714286,3.566666666666667,2.0625283000496637,7.009345794392523,6,0.76,302.44,7,0,0
2023-07-17,SKU0006,4,Electronics,61,0,3.142857142857143,3.6,2.175094131930531,16.944444444444443,6,0.76,302.44,7,0,0
2023-07-24,SKU0006,4,Electronics,32,0,4.142857142857143,3.9,2.1391264733450255,8.205128205128206,6,0.76,302.44,7,0,0
2023-07-31,SKU0006,4,Electronics,63,0,3.857142857142857,4.033333333333333,2.1732437750393157,15.619834710743802,6,0.76,302.44,7,0,0
2023-08-07,SKU0006,4,Electronics,31,0,4.571428571428571,4.0,2.274294130736712,7.75,6,0.76,302.44,8,0,0
2023-08-14,SKU0006,4,Electronics,70,0,2.7142857142857144,3.7666666666666666,2.314621192413096,18.58407079646018,6,0.76,302.44,8,0,0
2023-08-21,SKU0006,4,Electronics,54,0,2.2857142857142856,3.3666666666666667,2.3265089035206636,16.03960396039604,6,0.76,302.44,8,0,0
2023-08-28,SKU0006,4,Electronics,15,58,5.571428571428571,3.8,2.4410286130349186,3.947368421052632,6,0.76,302.44,8,0,0
2023-09-04,SKU0006,4,Electronics,36,0,5.285714285714286,4.0,2.5188941196896115,9.0,6,0.76,302.44,9,0,0
2023-09-11,SKU0006,4,Electronics,69,0,3.5714285714285716,4.133333333333334,2.161310798523919,16.693548387096772,6,0.76,302.44,9,0,0
2023-09-18,SKU0006,4,Electronics,49,0,2.857142857142857,4.166666666666667,2.1827431860143234,11.76,6,0.76,302.44,9,0,0
2023-09-25,SKU0006,4,Electronics,15,58,4.857142857142857,4.233333333333333,2.079179767539866,3.543307086614173,6,0.76,302.44,9,0,0
2023-10-02,SKU0006,4,Electronics,47,0,3.7142857142857144,3.7333333333333334,1.9286109586656053,12.589285714285714,6,0.76,302.44,10,0,0
2023-10-09,SKU0006,4,Electronics,18,58,4.142857142857143,3.8333333333333335,1.8210139906170395,4.695652173913043,6,0.76,302.44,10,0,1
2023-10-16,SKU0006,4,Electronics,56,0,2.857142857142857,3.8,1.749876842957026,14.73684210526316,6,0.76,302.44,10,0,0
2023-10-23,SKU0006,4,Electronics,21,58,5.0,3.966666666666667,1.9561280074701657,5.294117647058823,6,0.76,302.44,10,0,0
2023-10-30,SKU0006,4,Electronics,57,0,3.142857142857143,3.7333333333333334,1.9815238534040414,15.267857142857142,6,0.76,302.44,10,0,0
2023-11-06,SKU0006,4,Electronics,19,58,5.428571428571429,4.0,2.5051670740622316,4.75,6,0.76,302.44,11,0,1
2023-11-13,SKU0006,4,Electronics,44,0,4.714285714285714,4.433333333333334,2.8367457476449336,9.924812030075188,6,0.76,302.44,11,0,1
2023-11-20,SKU0006,4,Electronics,0,58,6.285714285714286,4.8,2.929045978612762,0.0,6,0.76,302.44,11,0,0
2023-11-27,SKU0006,4,Electronics,14,58,6.285714285714286,5.4,3.01261714609831,2.5925925925925926,6,0.76,302.44,11,0,1
2023-12-04,SKU0006,4,Electronics,0,58,2.0,4.9,3.2626411978957943,0.0,6,0.76,302.44,12,0,1
2023-12-11,SKU0006,4,Electronics,1,58,8.142857142857142,5.766666666666667,4.031627833581091,0.17341040462427745,6,0.76,302.44,12,0,1
2023-12-18,SKU0006,4,Electronics,27,0,4.571428571428571,5.2,4.342254300912501,5.1923076923076925,6,0.76,302.44,12,0,1
2023-01-30,SKU0007,1,Electronics,1189,0,25.857142857142858,26.6,7.327793100527466,44.69924812030075,19,0.86,336.99,1,0,0
2023-02-06,SKU0007,1,Electronics,927,0,37.42857142857143,28.6,8.139304384409575,32.41258741258741,19,0.86,336.99,2,0,0
2023-02-13,SKU0007,1,Electronics,723,1643,29.142857142857142,29.866666666666667,7.619092774907237,24.207589285714285,19,0.86,336.99,2,0,0
2023-02-20,SKU0007,1,Electronics,480,1643,34.714285714285715,30.933333333333334,7.838601798849047,15.517241379310345,19,0.86,336.99,2,0,0
2023-02-27,SKU0007,1,Electronics,285,1643,27.857142857142858,31.933333333333334,6.66402246412021,8.924843423799583,19,0.86,336.99,2,0,0
2023-03-06,SKU0007,1,Electronics,1701,0,32.42857142857143,31.866666666666667,6.831637019618067,53.37866108786611,19,0.86,336.99,3,0,0
2023-03-13,SKU0007,1,Electronics,1472,0,32.714285714285715,31.566666666666666,6.328279895578383,46.63146779303062,19,0.86,336.99,3,0,0
2023-03-20,SKU0007,1,Electronics,1231,0,34.42857142857143,32.03333333333333,6.150320055217382,38.42872008324662,19,0.86,336.99,3,0,0
2023-03-27,SKU0007,1,Electronics,976,0,36.42857142857143,33.53333333333333,6.896942517663456,29.105367793240557,19,0.86,336.99,3,0,0
2023-04-03,SKU0007,1,Electronics,745,1643,33.0,34.1,6.7484353231208125,21.8475073313783,19,0.86,336.99,4,0,0
2023-04-10,SKU0007,1,Electronics,507,1643,34.0,34.0,6.746646676632046,14.911764705882353,19,0.86,336.99,4,0,0
2023-04-17,SKU0007,1,Electronics,295,1643,30.285714285714285,33.166666666666664,6.3522102226424755,8.894472361809045,19,0.86,336.99,4,0,0
2023-04-24,SKU0007,1,Electronics,1717,0,31.571428571428573,32.1,4.998965410203764,53.48909657320872,19,0.86,336.99,4,0,0
2023-05-01,SKU0007,1,Electronics,1489,0,32.57142857142857,32.46666666666667,4.376530930829307,45.86242299794661,19,0.86,336.99,5,0,0
2023-05-08,SKU0007,1,Electronics,1271,0,31.142857142857142,31.766666666666666,5.164089086368857,40.01049317943337,19,0.86,336.99,5,0,0
2023-05-15,SKU0007,1,Electronics,1044,0,32.42857142857143,31.433333333333334,5.049297208409354,33.213149522799576,19,0.86,336.99,5,0,0
2023-05-22,SKU0007,1,Electronics,821,0,31.857142857142858,31.866666666666667,4.882998890120645,25.763598326359833,19,0.86,336.99,5,0,0
2023-05-29,SKU0007,1,Electronics,601,1643,31.428571428571427,31.533333333333335,5.531934458268159,19.059196617336152,19,0.86,336.99,5,0,0
2023-06-05,SKU0007,1,Electronics,355,1643,35.142857142857146,32.4,5.3084188177674445,10.956790123456791,19,0.86,336.99,6,0,0
2023-06-12,SKU0007,1,Electronics,1751,0,35.285714285714285,33.2,5.554743235631422,52.74096385542168,19,0.86,336.99,6,0,0
2023-06-19,SKU0007,1,Electronics,1527,0,32.0,33.46666666666667,5.946504817136687,45.62749003984064,19,0.86,336.99,6,0,0
2023-06-26,SKU0007,1,Electronics,1297,0,32.857142857142854,33.4,6.228964600958971,38.83233532934132,19,0.86,336.99,6,0,0
2023-07-03,SKU0007,1,Electronics,1077,0,31.428571428571427,32.86666666666667,5.992715884985774,32.76876267748479,19,0.86,336.99,7,0,0
2023-07-10,SKU0007,1,Electronics,849,0,32.57142857142857,32.6,5.910831670288256,26.042944785276074,19,0.86,336.99,7,0,0
2023-07-17,SKU0007,1,Electronics,604,1643,35.0,33.0,5.5646668580768806,18.303030303030305,19,0.86,336.99,7,0,0
2023-07-24,SKU0007,1,Electronics,392,1643,30.285714285714285,32.5,5.69785198486054,12.061538461538461,19,0.86,336.99,7,0,0
2023-07-31,SKU0007,1,Electronics,1811,0,32.0,32.4,5.816741592904103,55.89506172839506,19,0.86,336.99,7,0,0
2023-08-07,SKU0007,1,Electronics,1558,0,36.142857142857146,33.666666666666664,6.255112851228915,46.27722772277228,19,0.86,336.99,8,0,0
2023-08-14,SKU0007,1,Electronics,1324,0,33.42857142857143,32.9,6.733088649247134,40.243161094224924,19,0.86,336.99,8,0,0
2023-08-21,SKU0007,1,Electronics,1099,0,32.142857142857146,33.166666666666664,6.275751546330071,33.1356783919598,19,0.86,336.99,8,0,0
2023-08-28,SKU0007,1,Electronics,878,0,31.571428571428573,33.63333333333333,5.973985750495759,26.105054509415265,19,0.86,336.99,8,0,0
2023-09-04,SKU0007,1,Electronics,669,1643,29.857142857142858,31.8,4.957752549777718,21.037735849056602,19,0.86,336.99,9,0,0
2023-09-11,SKU0007,1,Electronics,436,1643,33.285714285714285,31.866666666666667,4.783112053834837,13.682008368200837,19,0.86,336.99,9,0,0
2023-09-18,SKU0007,1,Electronics,198,1643,34.0,32.3,5.233512699173825,6.130030959752323,19,0.86,336.99,9,0,1
2023-09-25,SKU0007,1,Electronics,0,1643,28.285714285714285,31.8,7.897620767870746,0.0,19,0.86,336.99,9,0,1
2023-10-02,SKU0007,1,Electronics,0,1643,0.0,24.1,15.530503910824573,0.0,19,0.86,336.99,10,0,1
2023-10-09,SKU0007,1,Electronics,0,1643,0.0,16.433333333333334,17.169908186313506,0.0,19,0.86,336.99,10,0,1
2023-10-16,SKU0007,1,Electronics,0,1643,0.0,8.566666666666666,14.597315136537972,0.0,19,0.86,336.99,10,0,1
2023-10-23,SKU0007,1,Electronics,0,1643,0.0,0.9333333333333333,5.112077203381333,0.0,19,0.86,336.99,10,0,1
2023-10-30,SKU0007,1,Electronics,1518,0,17.857142857142858,4.166666666666667,11.070567793223878,364.32,19,0.86,336.99,10,0,0
2023-11-06,SKU0007,1,Electronics,1141,0,53.857142857142854,16.733333333333334,23.884684651875542,68.18725099601593,19,0.86,336.99,11,0,0
2023-11-13,SKU0007,1,Electronics,718,1643,60.42857142857143,30.833333333333332,28.373230867933557,23.28648648648649,19,0.86,336.99,11,0,0
2023-11-20,SKU0007,1,Electronics,250,1643,66.85714285714286,46.43333333333333,25.485199671551555,5.384063173007897,19,0.86,336.99,11,0,1
2023-11-27,SKU0007,1,Electronics,0,1643,35.714285714285715,52.6,21.89567741941714,0.0,19,0.86,336.99,11,0,1
2023-12-04,SKU0007,1,Electronics,1376,0,38.142857142857146,50.5,27.21783137627955,27.247524752475247,19,0.86,336.99,12,0,0
2023-12-11,SKU0007,1,Electronics,881,0,70.71428571428571,53.2,28.12459961400833,16.56015037593985,19,0.86,336.99,12,0,0
2023-12-18,SKU0007,1,Electronics,438,1643,63.285714285714285,53.333333333333336,28.199209249531314,8.2125,19,0.86,336.99,12,0,1
2023-01-30,SKU0007,2,Electronics,171,369,6.571428571428571,6.4,2.7114063026280357,26.71875,19,0.86,336.99,1,0,0
2023-02-06,SKU0007,2,Electronics,105,369,9.428571428571429,6.966666666666667,3.478835847029105,15.07177033492823,19,0.86,336.99,2,0,0
2023-02-13,SKU0007,2,Electronics,426,0,6.857142857142857,7.2,3.3466401061363023,59.166666666666664,19,0.86,336.99,2,0,0
2023-02-20,SKU0007,2,Electronics,367,0,8.428571428571429,7.633333333333334,3.3268327418062396,48.07860262008733,19,0.86,336.99,2,0,0
2023-02-27,SKU0007,2,Electronics,311,0,8.0,8.166666666666666,3.563060804820845,38.08163265306123,19,0.86,336.99,2,0,0
2023-03-06,SKU0007,2,Electronics,253,0,8.285714285714286,8.2,3.35692798809289,30.853658536585368,19,0.86,336.99,3,0,0
2023-03-13,SKU0007,2,Electronics,194,369,8.428571428571429,8.266666666666667,3.3002960508094574,23.46774193548387,19,0.86,336.99,3,0,0
2023-03-20,SKU0007,2,Electronics,140,369,7.714285714285714,8.066666666666666,3.00497671496324,17.355371900826448,19,0.86,336.99,3,0,0
2023-03-27,SKU0007,2,Electronics,79,369,8.714285714285714,8.266666666666667,2.651393040926082,9.556451612903224,19,0.86,336.99,3,0,0
2023-04-03,SKU0007,2,Electronics,391,0,8.142857142857142,8.1,3.0777286743804178,48.27160493827161,19,0.86,336.99,4,0,0
2023-04-10,SKU0007,2,Electronics,338,0,7.571428571428571,8.1,2.8929164379984043,41.7283950617284,19,0.86,336.99,4,0,0
2023-04-17,SKU0007,2,Electronics,285,0,7.571428571428571,7.933333333333334,2.9117281671784245,35.924369747899156,19,0.86,336.99,4,0,0
2023-04-24,SKU0007,2,Electronics,229,0,8.0,7.8,2.796549598196394,29.35897435897436,19,0.86,336.99,4,0,0
2023-05-01,SKU0007,2,Electronics,182,369,6.714285714285714,7.4,2.5134122979149978,24.594594594594593,19,0.86,336.99,5,0,0
2023-05-08,SKU0007,2,Electronics,133,369,7.0,7.433333333333334,2.416656757807669,17.892376681614348,19,0.86,336.99,5,0,0
2023-05-15,SKU0007,2,Electronics,77,369,8.0,7.266666666666667,2.2117762144910844,10.596330275229358,19,0.86,336.99,5,0,0
2023-05-22,SKU0007,2,Electronics,386,0,8.571428571428571,7.533333333333333,2.208655907908752,51.23893805309734,19,0.86,336.99,5,0,0
2023-05-29,SKU0007,2,Electronics,329,0,8.142857142857142,7.933333333333334,2.0499509385774846,41.470588235294116,19,0.86,336.99,5,0,0
2023-06-05,SKU0007,2,Electronics,273,0,8.0,8.066666666666666,2.4485510611074814,33.84297520661157,19,0.86,336.99,6,0,0
2023-06-12,SKU0007,2,Electronics,231,0,6.0,7.733333333333333,2.49044149711948,29.870689655172413,19,0.86,336.99,6,0,0
2023-06-19,SKU0007,2,Electronics,176,369,7.857142857142857,7.7,2.5209467296619157,22.857142857142858,19,0.86,336.99,6,0,0
2023-06-26,SKU0007,2,Electronics,129,369,6.714285714285714,7.166666666666667,2.4925175381852247,18.0,19,0.86,336.99,6,0,0
2023-07-03,SKU0007,2,Electronics,68,369,8.714285714285714,7.233333333333333,2.459090571081436,9.400921658986174,19,0.86,336.99,7,0,0
2023-07-10,SKU0007,2,Electronics,389,0,6.857142857142857,7.366666666666666,2.355965770685918,52.8054298642534,19,0.86,336.99,7,0,0
2023-07-17,SKU0007,2,Electronics,345,0,6.285714285714286,7.033333333333333,2.6714755490543833,49.052132701421804,19,0.86,336.99,7,0,0
2023-07-24,SKU0007,2,Electronics,281,0,9.142857142857142,7.6,2.823546315027161,36.973684210526315,19,0.86,336.99,7,0,0
2023-07-31,SKU0007,2,Electronics,215,369,9.428571428571429,8.066666666666666,3.106537415297567,26.65289256198347,19,0.86,336.99,7,0,0
2023-08-07,SKU0007,2,Electronics,151,369,9.142857142857142,8.366666666666667,3.1675437381878946,18.04780876494024,19,0.86,336.99,8,0,0
2023-08-14,SKU0007,2,Electronics,103,369,6.857142857142857,8.533333333333333,2.956387979453555,12.0703125,19,0.86,336.99,8,0,0
2023-08-21,SKU0007,2,Electronics,37,369,9.428571428571429,8.8,2.8332995265055465,4.204545454545454,19,0.86,336.99,8,0,1
2023-08-28,SKU0007,2,Electronics,0,369,5.285714285714286,7.9,3.915926807107189,0.0,19,0.86,336.99,8,0,1
2023-09-04,SKU0007,2,Electronics,0,369,0.0,5.766666666666667,4.847205617554366,0.0,19,0.86,336.99,9,0,1
2023-09-11,SKU0007,2,Electronics,0,369,0.0,3.8333333333333335,4.864249123989223,0.0,19,0.86,336.99,9,0,1
2023-09-18,SKU0007,2,Electronics,0,369,0.0,1.8333333333333333,3.9920898798994306,0.0,19,0.86,336.99,9,0,1
2023-09-25,SKU0007,2,Electronics,355,0,2.0,0.4666666666666667,2.556038601690787,760.7142857142857,19,0.86,336.99,9,0,0
2023-10-02,SKU0007,2,Electronics,299,0,8.0,2.3333333333333335,4.396968652757645,128.14285714285714,19,0.86,336.99,10,0,0
2023-10-09,SKU0007,2,Electronics,235,0,9.142857142857142,4.466666666666667,5.0564628043676985,52.61194029850746,19,0.86,336.99,10,0,0
2023-10-16,SKU0007,2,Electronics,181,369,7.714285714285714,6.266666666666667,4.791755371492778,28.882978723404257,19,0.86,336.99,10,0,0
2023-10-23,SKU0007,2,Electronics,139,369,6.0,7.666666666666667,3.427408122296148,18.130434782608695,19,0.86,336.99,10,0,0
2023-10-30,SKU0007,2,Electronics,71,369,9.714285714285714,8.2,3.0331501776206196,8.658536585365855,19,0.86,336.99,10,0,0
2023-11-06,SKU0007,2,Electronics,341,0,14.142857142857142,9.2,4.205087231044041,37.06521739130435,19,0.86,336.99,11,0,0
2023-11-13,SKU0007,2,Electronics,253,0,12.571428571428571,10.333333333333334,4.365486372028641,24.483870967741932,19,0.86,336.99,11,0,0
2023-11-20,SKU0007,2,Electronics,167,369,12.285714285714286,11.833333333333334,3.7608081792241803,14.112676056338028,19,0.86,336.99,11,0,0
2023-11-27,SKU0007,2,Electronics,59,369,15.428571428571429,13.4,3.864961970638611,4.402985074626866,19,0.86,336.99,11,0,1
2023-12-04,SKU0007,2,Electronics,348,0,11.428571428571429,13.133333333333333,5.12420445185082,26.497461928934012,19,0.86,336.99,12,0,0
2023-12-11,SKU0007,2,Electronics,261,0,12.428571428571429,13.2,5.162196805824911,19.772727272727273,19,0.86,336.99,12,0,0
2023-12-18,SKU0007,2,Electronics,169,369,13.142857142857142,13.0,5.2325242803858565,13.0,19,0.86,336.99,12,0,0
2023-01-30,SKU0007,3,Electronics,152,398,9.857142857142858,9.533333333333333,3.202728721632198,15.944055944055945,19,0.86,336.99,1,0,0
2023-02-06,SKU0007,3,Electronics,474,0,10.857142857142858,9.266666666666667,3.161550616208852,51.15107913669064,19,0.86,336.99,2,0,0
2023-02-13,SKU0007,3,Electronics,391,0,11.857142857142858,9.766666666666667,3.4907101671815104,40.034129692832764,19,0.86,336.99,2,0,0
2023-02-20,SKU0007,3,Electronics,320,0,10.142857142857142,10.4,3.606507528305486,30.769230769230766,19,0.86,336.99,2,0,0
2023-02-27,SKU0007,3,Electronics,239,398,11.571428571428571,10.866666666666667,3.794127343520587,21.993865030674847,19,0.86,336.99,2,0,0
2023-03-06,SKU0007,3,Electronics,152,398,12.428571428571429,11.666666666666666,3.7630997249913403,13.028571428571428,19,0.86,336.99,3,0,0
2023-03-13,SKU0007,3,Electronics,470,0,11.428571428571429,11.2,3.74534193457641,41.964285714285715,19,0.86,336.99,3,0,0
2023-03-20,SKU0007,3,Electronics,392,0,11.142857142857142,11.4,3.654001113564561,34.3859649122807,19,0.86,336.99,3,0,0
2023-03-27,SKU0007,3,Electronics,327,0,9.285714285714286,11.433333333333334,3.6829835481701476,28.600583090379008,19,0.86,336.99,3,0,0
2023-04-03,SKU0007,3,Electronics,253,398,10.571428571428571,10.666666666666666,3.506971709996054,23.71875,19,0.86,336.99,4,0,0
2023-04-10,SKU0007,3,Electronics,182,398,10.142857142857142,10.3,3.4154819925420936,17.669902912621357,19,0.86,336.99,4,0,0
2023-04-17,SKU0007,3,Electronics,498,0,11.714285714285714,10.366666666666667,3.438958676926665,48.038585209003216,19,0.86,336.99,4,0,0
2023-04-24,SKU0007,3,Electronics,425,0,10.428571428571429,10.533333333333333,3.1593684804723723,40.348101265822784,19,0.86,336.99,4,0,0
2023-05-01,SKU0007,3,Electronics,347,0,11.142857142857142,11.0,2.6781362536479474,31.545454545454547,19,0.86,336.99,5,0,0
2023-05-08,SKU0007,3,Electronics,276,398,10.142857142857142,10.866666666666667,2.674700541837489,25.398773006134967,19,0.86,336.99,5,0,0
2023-05-15,SKU0007,3,Electronics,203,398,10.428571428571429,10.666666666666666,2.7709494617441583,19.03125,19,0.86,336.99,5,0,0
2023-05-22,SKU0007,3,Electronics,132,398,10.142857142857142,10.333333333333334,3.1876197295521145,12.774193548387096,19,0.86,336.99,5,0,0
2023-05-29,SKU0007,3,Electronics,472,0,8.285714285714286,9.766666666666667,3.500574665466479,48.32764505119454,19,0.86,336.99,5,0,0
2023-06-05,SKU0007,3,Electronics,399,0,10.428571428571429,10.166666666666666,3.6015641557268006,39.24590163934427,19,0.86,336.99,6,0,0
2023-06-12,SKU0007,3,Electronics,338,0,8.714285714285714,9.533333333333333,3.471393770900052,35.45454545454545,19,0.86,336.99,6,0,0
2023-06-19,SKU0007,3,Electronics,280,398,8.285714285714286,8.8,2.987329565186018,31.818181818181817,19,0.86,336.99,6,0,0
2023-06-26,SKU0007,3,Electronics,214,398,9.428571428571429,9.266666666666667,2.715642215697451,23.093525179856112,19,0.86,336.99,6,0,0
2023-07-03,SKU0007,3,Electronics,140,398,10.571428571428571,9.233333333333333,2.514555329625325,15.16245487364621,19,0.86,336.99,7,0,0
2023-07-10,SKU0007,3,Electronics,462,0,10.857142857142858,9.733333333333333,2.740920224698434,47.465753424657535,19,0.86,336.99,7,0,0
2023-07-17,SKU0007,3,Electronics,403,0,8.428571428571429,9.766666666666667,2.9441155024818606,41.262798634812285,19,0.86,336.99,7,0,0
2023-07-24,SKU0007,3,Electronics,326,0,11.0,10.166666666666666,2.8172294207599413,32.0655737704918,19,0.86,336.99,7,0,0
2023-07-31,SKU0007,3,Electronics,263,398,9.0,9.733333333333333,3.172438780511288,27.020547945205482,19,0.86,336.99,7,0,0
2023-08-07,SKU0007,3,Electronics,189,398,10.571428571428571,9.7,3.1529952918367674,19.48453608247423,19,0.86,336.99,8,0,0
2023-08-14,SKU0007,3,Electronics,125,398,9.142857142857142,9.833333333333334,3.0522273758720835,12.711864406779661,19,0.86,336.99,8,0,0
2023-08-21,SKU0007,3,Electronics,41,398,12.0,10.3,3.4556300887601985,3.9805825242718442,19,0.86,336.99,8,0,1
2023-08-28,SKU0007,3,Electronics,0,398,5.857142857142857,9.3,4.511670689865685,0.0,19,0.86,336.99,8,0,1
2023-09-04,SKU0007,3,Electronics,0,398,0.0,7.1,5.809326627249409,0.0,19,0.86,336.99,9,0,1
2023-09-11,SKU0007,3,Electronics,0,398,0.0,4.8,6.093523979009082,0.0,19,0.86,336.99,9,0,1
2023-09-18,SKU0007,3,Electronics,0,398,0.0,1.9333333333333333,4.118363696934741,0.0,19,0.86,336.99,9,0,1
2023-09-25,SKU0007,3,Electronics,345,0,7.571428571428571,1.7666666666666666,4.091061183751168,195.28301886792454,19,0.86,336.99,9,0,0
2023-10-02,SKU0007,3,Electronics,272,398,10.428571428571429,4.2,5.454514106492997,64.76190476190476,19,0.86,336.99,10,0,0
2023-10-09,SKU0007,3,Electronics,193,398,11.285714285714286,6.833333333333333,5.7360525494955805,28.243902439024392,19,0.86,336.99,10,0,0
2023-10-16,SKU0007,3,Electronics,118,398,10.714285714285714,9.333333333333334,4.858929450228606,12.642857142857142,19,0.86,336.99,10,0,0
2023-10-23,SKU0007,3,Electronics,440,0,10.857142857142858,10.766666666666667,3.223655382169207,40.866873065015476,19,0.86,336.99,10,0,0
2023-10-30,SKU0007,3,Electronics,379,0,8.714285714285714,10.233333333333333,3.6642102534665213,37.03583061889251,19,0.86,336.99,10,0,0
2023-11-06,SKU0007,3,Electronics,268,398,15.857142857142858,11.4,4.68747413785969,23.50877192982456,19,0.86,336.99,11,0,0
2023-11-13,SKU0007,3,Electronics,152,398,16.571428571428573,12.633333333333333,5.288134625375186,12.031662269129288,19,0.86,336.99,11,0,0
2023-11-20,SKU0007,3,Electronics,11,398,20.142857142857142,14.966666666666667,6.299881407385893,0.734966592427617,19,0.86,336.99,11,0,1
2023-11-27,SKU0007,3,Electronics,325,0,12.0,15.433333333333334,6.542610115728798,21.05831533477322,19,0.86,336.99,11,0,0
2023-12-04,SKU0007,3,Electronics,201,398,17.714285714285715,16.533333333333335,5.667410363639206,12.157258064516128,19,0.86,336.99,12,0,0
2023-12-11,SKU0007,3,Electronics,83,398,16.857142857142858,16.5,5.494511367939265,5.03030303030303,19,0.86,336.99,12,0,1
2023-12-18,SKU0007,3,Electronics,363,0,16.857142857142858,16.1,6.007753610816265,22.546583850931675,19,0.86,336.99,12,0,0
2023-01-30,SKU0007,4,Electronics,854,0,9.714285714285714,11.266666666666667,3.4931789033163927,75.79881656804733,19,0.86,336.99,1,0,0
2023-02-06,SKU0007,4,Electronics,754,0,14.285714285714286,11.566666666666666,3.607304212034372,65.18731988472622,19,0.86,336.99,2,0,0
2023-02-13,SKU0007,4,Electronics,665,0,12.714285714285714,11.8,3.585411052277424,56.35593220338983,19,0.86,336.99,2,0,0
2023-02-20,SKU0007,4,Electronics,580,0,12.142857142857142,12.133333333333333,3.720709362597345,47.8021978021978,19,0.86,336.99,2,0,0
2023-02-27,SKU0007,4,Electronics,467,0,16.142857142857142,13.333333333333334,4.220911270569779,35.025,19,0.86,336.99,2,0,0
2023-03-06,SKU0007,4,Electronics,377,655,12.857142857142858,13.433333333333334,3.6642102534665217,28.064516129032256,19,0.86,336.99,3,0,0
2023-03-13,SKU0007,4,Electronics,285,655,13.142857142857142,13.566666666666666,3.710965422611222,21.007371007371006,19,0.86,336.99,3,0,0
2023-03-20,SKU0007,4,Electronics,172,655,16.142857142857142,14.133333333333333,4.040598567243372,12.169811320754718,19,0.86,336.99,3,0,0
2023-03-27,SKU0007,4,Electronics,721,0,15.142857142857142,14.433333333333334,3.480817713414907,49.95381062355658,19,0.86,336.99,3,0,0
2023-04-03,SKU0007,4,Electronics,632,0,12.714285714285714,14.166666666666666,4.086000770784382,44.61176470588236,19,0.86,336.99,4,0,0
2023-04-10,SKU0007,4,Electronics,540,0,13.142857142857142,14.233333333333333,4.2563002659613876,37.93911007025761,19,0.86,336.99,4,0,0
2023-04-17,SKU0007,4,Electronics,433,0,15.285714285714286,14.2,4.40532593024899,30.492957746478876,19,0.86,336.99,4,0,0
2023-04-24,SKU0007,4,Electronics,340,655,13.285714285714286,13.5,4.439245042991446,25.185185185185187,19,0.86,336.99,4,0,0
2023-05-01,SKU0007,4,Electronics,242,655,14.0,13.566666666666666,4.344503728123403,17.83783783783784,19,0.86,336.99,5,0,0
2023-05-08,SKU0007,4,Electronics,793,0,14.857142857142858,14.1,3.994392621387274,56.24113475177305,19,0.86,336.99,5,0,0
2023-05-15,SKU0007,4,Electronics,691,0,14.571428571428571,14.4,4.2312466574122185,47.98611111111111,19,0.86,336.99,5,0,0
2023-05-22,SKU0007,4,Electronics,591,0,14.285714285714286,14.333333333333334,3.5363465789479376,41.23255813953488,19,0.86,336.99,5,0,0
2023-05-29,SKU0007,4,Electronics,481,0,15.714285714285714,14.533333333333333,3.530491157911596,33.096330275229356,19,0.86,336.99,5,0,0
2023-06-05,SKU0007,4,Electronics,381,655,14.285714285714286,14.566666666666666,3.5977323637146146,26.155606407322654,19,0.86,336.99,6,0,0
2023-06-12,SKU0007,4,Electronics,284,655,13.857142857142858,14.733333333333333,3.805017860607258,19.276018099547514,19,0.86,336.99,6,0,0
2023-06-19,SKU0007,4,Electronics,164,655,17.142857142857142,15.2,3.726882768804756,10.789473684210527,19,0.86,336.99,6,0,0
2023-06-26,SKU0007,4,Electronics,719,0,14.285714285714286,14.9,3.4073956077312495,48.25503355704698,19,0.86,336.99,6,0,0
2023-07-03,SKU0007,4,Electronics,603,0,16.571428571428573,15.4,3.489886867052799,39.15584415584416,19,0.86,336.99,7,0,0
2023-07-10,SKU0007,4,Electronics,494,0,15.571428571428571,15.533333333333333,3.43143011639144,31.80257510729614,19,0.86,336.99,7,0,0
2023-07-17,SKU0007,4,Electronics,397,655,13.857142857142858,15.333333333333334,3.427408122296149,25.891304347826086,19,0.86,336.99,7,0,0
2023-07-24,SKU0007,4,Electronics,294,655,14.714285714285714,15.066666666666666,3.859009461375873,19.513274336283185,19,0.86,336.99,7,0,0
2023-07-31,SKU0007,4,Electronics,201,655,13.285714285714286,14.4,3.548676295222747,13.958333333333332,19,0.86,336.99,7,0,0
2023-08-07,SKU0007,4,Electronics,113,655,12.571428571428571,13.666666666666666,3.21990932977219,8.26829268292683,19,0.86,336.99,8,0,0
2023-08-14,SKU0007,4,Electronics,16,655,13.857142857142858,13.5,3.4416315296973417,1.1851851851851851,19,0.86,336.99,8,0,1
2023-08-21,SKU0007,4,Electronics,0,655,2.2857142857142856,11.133333333333333,6.339440491646432,0.0,19,0.86,336.99,8,0,1
2023-08-28,SKU0007,4,Electronics,0,655,0.0,7.466666666666667,6.906934712767787,0.0,19,0.86,336.99,8,0,1
2023-09-04,SKU0007,4,Electronics,0,655,0.0,4.566666666666666,6.745027968722617,0.0,19,0.86,336.99,9,0,1
2023-09-11,SKU0007,4,Electronics,634,0,3.0,2.1333333333333333,5.600082101204377,297.1875,19,0.86,336.99,9,0,0
2023-09-18,SKU0007,4,Electronics,527,0,15.285714285714286,4.266666666666667,7.3528475991340745,123.515625,19,0.86,336.99,9,0,0
2023-09-25,SKU0007,4,Electronics,430,0,13.857142857142858,7.5,7.89478221402569,57.333333333333336,19,0.86,336.99,9,0,0
2023-10-02,SKU0007,4,Electronics,326,655,14.857142857142858,10.966666666666667,7.165450311105328,29.726443768996962,19,0.86,336.99,10,0,0
2023-10-09,SKU0007,4,Electronics,219,655,15.285714285714286,14.533333333333333,4.272876228533635,15.068807339449542,19,0.86,336.99,10,0,0
2023-10-16,SKU0007,4,Electronics,118,655,14.428571428571429,14.566666666666666,3.024991688028858,8.100686498855836,19,0.86,336.99,10,0,0
2023-10-23,SKU0007,4,Electronics,659,0,16.285714285714285,15.166666666666666,3.677361622923036,43.45054945054945,19,0.86,336.99,10,0,0
2023-10-30,SKU0007,4,Electronics,548,0,15.857142857142858,15.4,3.71019099796484,35.58441558441558,19,0.86,336.99,10,0,0
2023-11-06,SKU0007,4,Electronics,372,655,25.142857142857142,17.833333333333332,5.983214067264579,20.85981308411215,19,0.86,336.99,11,0,0
2023-11-13,SKU0007,4,Electronics,197,655,25.0,20.133333333333333,6.366579406033787,9.78476821192053,19,0.86,336.99,11,0,0
2023-11-20,SKU0007,4,Electronics,11,655,26.571428571428573,22.433333333333334,6.876663852997813,0.4903417533432392,19,0.86,336.99,11,0,1
2023-11-27,SKU0007,4,Electronics,577,0,12.714285714285714,21.966666666666665,8.438349786921435,26.267071320182097,19,0.86,336.99,11,0,0
2023-12-04,SKU0007,4,Electronics,377,655,28.571428571428573,23.4,8.668611629679067,16.11111111111111,19,0.86,336.99,12,0,0
2023-12-11,SKU0007,4,Electronics,202,655,25.0,23.6,8.845805551902508,8.559322033898304,19,0.86,336.99,12,0,0
2023-12-18,SKU0007,4,Electronics,5,655,28.142857142857142,23.933333333333334,8.677888402511122,0.20891364902506965,19,0.86,336.99,12,0,1
2023-01-30,SKU0008,1,Apparel,118,212,5.714285714285714,4.666666666666667,2.5234532077995864,25.285714285714285,19,0.86,18.91,1,0,0
2023-02-06,SKU0008,1,Apparel,91,212,3.857142857142857,4.3,2.731047544378379,21.16279069767442,19,0.86,18.91,2,0,0
2023-02-13,SKU0008,1,Apparel,48,212,6.142857142857143,4.566666666666666,2.5008044682673107,10.51094890510949,19,0.86,18.91,2,0,0
2023-02-20,SKU0008,1,Apparel,219,0,5.857142857142857,5.166666666666667,2.5741866252486814,42.387096774193544,19,0.86,18.91,2,0,0
2023-02-27,SKU0008,1,Apparel,184,0,5.0,5.366666666666666,2.539119224609512,34.28571428571429,19,0.86,18.91,2,0,0
2023-03-06,SKU0008,1,Apparel,152,0,4.571428571428571,5.366666666666666,2.2966742571984735,28.32298136645963,19,0.86,18.91,3,0,0
2023-03-13,SKU0008,1,Apparel,109,212,6.142857142857143,5.633333333333334,2.092405534197477,19.3491124260355,19,0.86,18.91,3,0,0
2023-03-20,SKU0008,1,Apparel,60,212,7.0,5.5,2.359865571858147,10.909090909090908,19,0.86,18.91,3,0,0
2023-03-27,SKU0008,1,Apparel,16,212,6.285714285714286,5.933333333333334,2.2884015402012396,2.696629213483146,19,0.86,18.91,3,0,0
2023-04-03,SKU0008,1,Apparel,187,0,5.857142857142857,6.3,2.4233063762354634,29.682539682539684,19,0.86,18.91,4,0,0
2023-04-10,SKU0008,1,Apparel,134,0,7.571428571428571,6.733333333333333,2.598850320527474,19.9009900990099,19,0.86,18.91,4,0,0
2023-04-17,SKU0008,1,Apparel,80,212,7.714285714285714,6.8,2.6050349127318295,11.764705882352942,19,0.86,18.91,4,0,0
2023-04-24,SKU0008,1,Apparel,37,212,6.142857142857143,6.8,2.6050349127318295,5.4411764705882355,19,0.86,18.91,4,0,0
2023-05-01,SKU0008,1,Apparel,216,0,4.714285714285714,6.466666666666667,2.6487906587767545,33.402061855670105,19,0.86,18.91,5,0,0
2023-05-08,SKU0008,1,Apparel,173,0,6.142857142857143,6.233333333333333,2.500804468267311,27.754010695187166,19,0.86,18.91,5,0,0
2023-05-15,SKU0008,1,Apparel,140,0,4.714285714285714,5.5,2.1455647918117196,25.454545454545453,19,0.86,18.91,5,0,0
2023-05-22,SKU0008,1,Apparel,113,212,3.857142857142857,4.866666666666666,2.2242136670701416,23.21917808219178,19,0.86,18.91,5,0,0
2023-05-29,SKU0008,1,Apparel,61,212,7.428571428571429,5.5,2.6359582436125506,11.090909090909092,19,0.86,18.91,5,0,0
2023-06-05,SKU0008,1,Apparel,233,0,5.714285714285714,5.433333333333334,2.4730733822559707,42.88343558282208,19,0.86,18.91,6,0,0
2023-06-12,SKU0008,1,Apparel,201,0,4.571428571428571,5.333333333333333,2.509751098159465,37.6875,19,0.86,18.91,6,0,0
2023-06-19,SKU0008,1,Apparel,166,0,5.0,5.566666666666666,2.4730733822559707,29.820359281437128,19,0.86,18.91,6,0,0
2023-06-26,SKU0008,1,Apparel,132,0,4.857142857142857,5.3,2.3657032197927803,24.90566037735849,19,0.86,18.91,6,0,0
2023-07-03,SKU0008,1,Apparel,93,212,5.571428571428571,5.133333333333334,2.255007199825394,18.116883116883116,19,0.86,18.91,7,0,0
2023-07-10,SKU0008,1,Apparel,57,212,5.142857142857143,5.166666666666667,2.0524725767134906,11.032258064516128,19,0.86,18.91,7,0,0
2023-07-17,SKU0008,1,Apparel,228,0,5.857142857142857,5.166666666666667,2.3501039350945994,44.12903225806451,19,0.86,18.91,7,0,0
2023-07-24,SKU0008,1,Apparel,192,0,5.142857142857143,5.466666666666667,2.1929877797878508,35.1219512195122,19,0.86,18.91,7,0,0
2023-07-31,SKU0008,1,Apparel,152,0,5.714285714285714,5.633333333333334,2.326508903520663,26.98224852071006,19,0.86,18.91,7,0,0
2023-08-07,SKU0008,1,Apparel,110,212,6.0,5.7,2.1679483388678795,19.298245614035086,19,0.86,18.91,8,0,0
2023-08-14,SKU0008,1,Apparel,77,212,4.714285714285714,5.266666666666667,1.8925139881655546,14.620253164556962,19,0.86,18.91,8,0,0
2023-08-21,SKU0008,1,Apparel,44,212,4.714285714285714,5.233333333333333,1.735696885450024,8.40764331210191,19,0.86,18.91,8,0,0
2023-08-28,SKU0008,1,Apparel,12,212,4.571428571428571,5.0,1.4142135623730927,2.4,19,0.86,18.91,8,0,1
2023-09-04,SKU0008,1,Apparel,0,212,1.7142857142857142,3.966666666666667,1.9205482933595874,0.0,19,0.86,18.91,9,0,1
2023-09-11,SKU0008,1,Apparel,0,212,0.0,2.8666666666666667,2.4315928273789797,0.0,19,0.86,18.91,9,0,1
2023-09-18,SKU0008,1,Apparel,0,212,0.0,1.7,2.2916640543349738,0.0,19,0.86,18.91,9,0,1
2023-09-25,SKU0008,1,Apparel,0,212,0.0,0.7,1.5789564428051308,0.0,19,0.86,18.91,9,0,1
2023-10-02,SKU0008,1,Apparel,196,0,2.2857142857142856,0.5333333333333333,1.5024883574816095,367.5,19,0.86,18.91,10,0,0
2023-10-09,SKU0008,1,Apparel,160,0,5.142857142857143,1.7333333333333334,2.5179813114988465,92.3076923076923,19,0.86,18.91,10,0,0
2023-10-16,SKU0008,1,Apparel,112,212,6.857142857142857,3.3333333333333335,3.1767835971290985,33.6,19,0.86,18.91,10,0,0
2023-10-23,SKU0008,1,Apparel,68,212,6.285714285714286,4.8,2.9290459786127614,14.166666666666668,19,0.86,18.91,10,0,0
2023-10-30,SKU0008,1,Apparel,35,212,4.714285714285714,5.666666666666667,2.2488822255440204,6.1764705882352935,19,0.86,18.91,10,0,0
2023-11-06,SKU0008,1,Apparel,194,0,7.571428571428571,6.266666666666667,2.318342650187451,30.95744680851064,19,0.86,18.91,11,0,0
2023-11-13,SKU0008,1,Apparel,139,0,7.857142857142857,6.733333333333333,2.5042492623171735,20.643564356435643,19,0.86,18.91,11,0,0
2023-11-20,SKU0008,1,Apparel,79,212,8.571428571428571,7.133333333333334,3.0141429082351734,11.074766355140186,19,0.86,18.91,11,0,0
2023-11-27,SKU0008,1,Apparel,6,212,10.428571428571429,8.2,3.2206231994915946,0.7317073170731708,19,0.86,18.91,11,0,1
2023-12-04,SKU0008,1,Apparel,193,0,3.5714285714285716,7.533333333333333,4.099901877154974,25.61946902654867,19,0.86,18.91,12,0,0
2023-12-11,SKU0008,1,Apparel,139,0,7.714285714285714,7.433333333333334,4.272472701902935,18.699551569506728,19,0.86,18.91,12,0,0
2023-12-18,SKU0008,1,Apparel,74,212,9.285714285714286,7.8,4.205087231044046,9.487179487179487,19,0.86,18.91,12,0,0
2023-01-30,SKU0008,2,Apparel,378,1432,34.42857142857143,32.333333333333336,6.8397082682964125,11.690721649484535,19,0.86,18.91,1,0,0
2023-02-06,SKU0008,2,Apparel,1580,0,32.857142857142854,32.166666666666664,6.0462774716653405,49.11917098445596,19,0.86,18.91,2,0,0
2023-02-13,SKU0008,2,Apparel,1357,0,31.857142857142858,32.86666666666667,5.805665089069191,41.28803245436105,19,0.86,18.91,2,0,0
2023-02-20,SKU0008,2,Apparel,1125,0,33.142857142857146,33.0,5.595564746081153,34.09090909090909,19,0.86,18.91,2,0,0
2023-02-27,SKU0008,2,Apparel,904,0,31.571428571428573,32.36666666666667,4.8243872816843965,27.92996910401648,19,0.86,18.91,2,0,0
2023-03-06,SKU0008,2,Apparel,609,1432,42.142857142857146,34.3,6.853893934761874,17.75510204081633,19,0.86,18.91,3,0,0
2023-03-13,SKU0008,2,Apparel,309,1432,42.857142857142854,36.8,8.10449002841572,8.396739130434783,19,0.86,18.91,3,0,0
2023-03-20,SKU0008,2,Apparel,1484,0,36.714285714285715,37.833333333333336,8.162501870236197,39.22466960352423,19,0.86,18.91,3,0,0
2023-03-27,SKU0008,2,Apparel,1168,0,45.142857142857146,41.0,7.732600044504831,28.48780487804878,19,0.86,18.91,3,0,0
2023-04-03,SKU0008,2,Apparel,827,0,48.714285714285715,42.7,9.34824342710512,19.36768149882904,19,0.86,18.91,4,0,0
2023-04-10,SKU0008,2,Apparel,531,1432,42.285714285714285,43.1,9.440740765792524,12.320185614849187,19,0.86,18.91,4,0,0
2023-04-17,SKU0008,2,Apparel,230,1432,43.0,44.333333333333336,9.121151369144734,5.1879699248120295,19,0.86,18.91,4,0,0
2023-04-24,SKU0008,2,Apparel,1388,0,39.142857142857146,43.3,9.036897545141228,32.055427251732105,19,0.86,18.91,4,0,0
2023-05-01,SKU0008,2,Apparel,1132,0,36.57142857142857,40.7,8.538553539782031,27.81326781326781,19,0.86,18.91,5,0,0
2023-05-08,SKU0008,2,Apparel,878,0,36.285714285714285,38.86666666666667,8.050415852755611,22.590051457975985,19,0.86,18.91,5,0,0
2023-05-15,SKU0008,2,Apparel,651,1432,32.42857142857143,36.2,7.4296702484026715,17.98342541436464,19,0.86,18.91,5,0,0
2023-05-22,SKU0008,2,Apparel,425,1432,32.285714285714285,34.266666666666666,6.4910194371402845,12.40272373540856,19,0.86,18.91,5,0,0
2023-05-29,SKU0008,2,Apparel,1640,0,31.0,33.06666666666667,6.335087476375752,49.596774193548384,19,0.86,18.91,5,0,0
2023-06-05,SKU0008,2,Apparel,1428,0,30.285714285714285,31.5,5.841291779664143,45.333333333333336,19,0.86,18.91,6,0,0
2023-06-12,SKU0008,2,Apparel,1216,0,30.285714285714285,30.733333333333334,6.208633218090842,39.566160520607376,19,0.86,18.91,6,0,0
2023-06-19,SKU0008,2,Apparel,1002,0,30.571428571428573,30.7,6.659967898856011,32.63843648208469,19,0.86,18.91,6,0,0
2023-06-26,SKU0008,2,Apparel,790,1432,30.285714285714285,30.533333333333335,6.3882075265522085,25.873362445414845,19,0.86,18.91,6,0,0
2023-07-03,SKU0008,2,Apparel,567,1432,31.857142857142858,30.466666666666665,5.823456334356802,18.61050328227571,19,0.86,18.91,7,0,0
2023-07-10,SKU0008,2,Apparel,316,1432,35.857142857142854,32.13333333333333,5.847093786414406,9.83402489626556,19,0.86,18.91,7,0,0
2023-07-17,SKU0008,2,Apparel,1516,0,33.142857142857146,32.63333333333333,4.7740919579526375,46.45556690500511,19,0.86,18.91,7,0,0
2023-07-24,SKU0008,2,Apparel,1281,0,33.57142857142857,33.333333333333336,4.685512030558169,38.43,19,0.86,18.91,7,0,0
2023-07-31,SKU0008,2,Apparel,1044,0,33.857142857142854,34.2,4.581823157682485,30.52631578947368,19,0.86,18.91,7,0,0
2023-08-07,SKU0008,2,Apparel,830,0,30.571428571428573,33.166666666666664,4.6467143255194925,25.025125628140707,19,0.86,18.91,8,0,0
2023-08-14,SKU0008,2,Apparel,625,1432,29.285714285714285,32.0,5.413902920037049,19.53125,19,0.86,18.91,8,0,0
2023-08-21,SKU0008,2,Apparel,397,1432,32.57142857142857,31.733333333333334,5.085024214727721,12.510504201680671,19,0.86,18.91,8,0,0
2023-08-28,SKU0008,2,Apparel,165,1432,33.142857142857146,31.166666666666668,4.713029140389473,5.294117647058823,19,0.86,18.91,8,0,1
2023-09-04,SKU0008,2,Apparel,0,1432,23.571428571428573,29.766666666666666,8.240703574470942,0.0,19,0.86,18.91,9,0,1
2023-09-11,SKU0008,2,Apparel,0,1432,0.0,22.9,14.997356088830163,0.0,19,0.86,18.91,9,0,1
2023-09-18,SKU0008,2,Apparel,0,1432,0.0,15.366666666666667,16.340099466487672,0.0,19,0.86,18.91,9,0,1
2023-09-25,SKU0008,2,Apparel,0,1432,0.0,7.533333333333333,13.340974821781188,0.0,19,0.86,18.91,9,0,1
2023-10-02,SKU0008,2,Apparel,0,1432,0.0,0.43333333333333335,2.373464415855006,0.0,19,0.86,18.91,10,0,0
2023-10-09,SKU0008,2,Apparel,1207,0,32.142857142857146,7.5,14.006771761273585,160.93333333333334,19,0.86,18.91,10,0,0
2023-10-16,SKU0008,2,Apparel,991,0,30.857142857142858,14.7,16.64880652241138,67.41496598639456,19,0.86,18.91,10,0,0
2023-10-23,SKU0008,2,Apparel,766,1432,32.142857142857146,22.2,15.781700445944224,34.5045045045045,19,0.86,18.91,10,0,0
2023-10-30,SKU0008,2,Apparel,551,1432,30.714285714285715,29.366666666666667,10.012004289105016,18.762769580022702,19,0.86,18.91,10,0,0
2023-11-06,SKU0008,2,Apparel,251,1432,42.857142857142854,33.93333333333333,8.862681672991638,7.396856581532417,19,0.86,18.91,11,0,0
2023-11-13,SKU0008,2,Apparel,1366,0,45.285714285714285,37.03333333333333,9.799659858042716,36.885688568856885,19,0.86,18.91,11,0,0
2023-11-20,SKU0008,2,Apparel,1041,0,46.42857142857143,40.5,10.585448697997252,25.703703703703702,19,0.86,18.91,11,0,0
2023-11-27,SKU0008,2,Apparel,735,1432,43.714285714285715,43.766666666666666,9.576131726880934,16.793602437166793,19,0.86,18.91,11,0,0
2023-12-04,SKU0008,2,Apparel,410,1432,46.42857142857143,44.766666666666666,9.152664331647756,9.158600148920328,19,0.86,18.91,12,0,0
2023-12-11,SKU0008,2,Apparel,68,1432,48.857142857142854,46.53333333333333,9.445792105787014,1.4613180515759312,19,0.86,18.91,12,0,1
2023-12-18,SKU0008,2,Apparel,1186,0,44.857142857142854,45.8,10.85770027088678,25.89519650655022,19,0.86,18.91,12,0,0
2023-01-30,SKU0008,3,Apparel,363,1306,28.0,28.533333333333335,6.657810209191096,12.72196261682243,19,0.86,18.91,1,0,0
2023-02-06,SKU0008,3,Apparel,1469,0,28.571428571428573,28.833333333333332,5.931118015984863,50.94797687861272,19,0.86,18.91,2,0,0
2023-02-13,SKU0008,3,Apparel,1275,0,27.714285714285715,28.266666666666666,5.582814352273771,45.1061320754717,19,0.86,18.91,2,0,0
2023-02-20,SKU0008,3,Apparel,1092,0,26.142857142857142,28.033333333333335,5.196041818029627,38.95362663495838,19,0.86,18.91,2,0,0
2023-02-27,SKU0008,3,Apparel,893,0,28.428571428571427,27.533333333333335,4.43134083649581,32.43341404358353,19,0.86,18.91,2,0,0
2023-03-06,SKU0008,3,Apparel,633,1306,37.142857142857146,29.533333333333335,6.765701193791975,21.4334085778781,19,0.86,18.91,3,0,0
2023-03-13,SKU0008,3,Apparel,372,1306,37.285714285714285,31.833333333333332,7.7106434873171095,11.68586387434555,19,0.86,18.91,3,0,0
2023-03-20,SKU0008,3,Apparel,111,1306,37.285714285714285,34.46666666666667,7.394001918299461,3.220502901353965,19,0.86,18.91,3,0,0
2023-03-27,SKU0008,3,Apparel,1147,0,38.57142857142857,37.03333333333333,6.57310787424311,30.972097209720975,19,0.86,18.91,3,0,0
2023-04-03,SKU0008,3,Apparel,912,0,33.57142857142857,37.13333333333333,6.049983376057713,24.560143626570916,19,0.86,18.91,4,0,0
2023-04-10,SKU0008,3,Apparel,662,1306,35.714285714285715,36.36666666666667,5.821975807133738,18.203483043079743,19,0.86,18.91,4,0,0
2023-04-17,SKU0008,3,Apparel,391,1306,38.714285714285715,36.53333333333333,6.31218489597061,10.702554744525548,19,0.86,18.91,4,0,0
2023-04-24,SKU0008,3,Apparel,1421,0,39.42857142857143,36.6,6.305990583673532,38.82513661202186,19,0.86,18.91,4,0,0
2023-05-01,SKU0008,3,Apparel,1164,0,36.714285714285715,37.56666666666667,7.2191475919268315,30.984915705412597,19,0.86,18.91,5,0,0
2023-05-08,SKU0008,3,Apparel,1004,0,22.857142857142858,34.8,9.499183267977338,28.85057471264368,19,0.86,18.91,5,0,0
2023-05-15,SKU0008,3,Apparel,812,1306,27.428571428571427,32.13333333333333,9.522145995930538,25.269709543568464,19,0.86,18.91,5,0,0
2023-05-22,SKU0008,3,Apparel,617,1306,27.857142857142858,29.266666666666666,8.123755430762943,21.082004555808656,19,0.86,18.91,5,0,0
2023-05-29,SKU0008,3,Apparel,412,1306,29.285714285714285,26.766666666666666,4.538595661073194,15.39227895392279,19,0.86,18.91,5,0,0
2023-06-05,SKU0008,3,Apparel,1493,0,32.142857142857146,28.766666666666666,5.130593387294195,51.90034762456547,19,0.86,18.91,6,0,0
2023-06-12,SKU0008,3,Apparel,1287,0,29.428571428571427,29.7,5.160526570298656,43.333333333333336,19,0.86,18.91,6,0,0
2023-06-19,SKU0008,3,Apparel,1110,0,25.285714285714285,28.8,6.008040589421621,38.541666666666664,19,0.86,18.91,6,0,0
2023-06-26,SKU0008,3,Apparel,882,0,32.57142857142857,29.8,6.238921215325152,29.59731543624161,19,0.86,18.91,6,0,0
2023-07-03,SKU0008,3,Apparel,705,1306,25.285714285714285,28.266666666666666,5.735150741086781,24.941037735849058,19,0.86,18.91,7,0,0
2023-07-10,SKU0008,3,Apparel,497,1306,29.714285714285715,28.333333333333332,5.996167358280245,17.541176470588237,19,0.86,18.91,7,0,0
2023-07-17,SKU0008,3,Apparel,1607,0,28.0,28.766666666666666,5.399127217675413,55.86326767091541,19,0.86,18.91,7,0,0
2023-07-24,SKU0008,3,Apparel,1403,0,29.142857142857142,28.666666666666668,5.5107001453493885,48.94186046511628,19,0.86,18.91,7,0,0
2023-07-31,SKU0008,3,Apparel,1226,0,25.285714285714285,27.966666666666665,5.054757631444204,43.837902264600714,19,0.86,18.91,7,0,0
2023-08-07,SKU0008,3,Apparel,997,0,32.714285714285715,28.733333333333334,5.871810701950463,34.698375870069604,19,0.86,18.91,8,0,0
2023-08-14,SKU0008,3,Apparel,794,1306,29.0,28.533333333333335,6.112357936200206,27.827102803738317,19,0.86,18.91,8,0,0
2023-08-21,SKU0008,3,Apparel,585,1306,29.857142857142858,29.533333333333335,5.946504817136674,19.808126410835214,19,0.86,18.91,8,0,0
2023-08-28,SKU0008,3,Apparel,405,1306,25.714285714285715,29.0,5.70541182895072,13.96551724137931,19,0.86,18.91,8,0,0
2023-09-04,SKU0008,3,Apparel,220,1306,26.428571428571427,27.866666666666667,4.470079327640848,7.894736842105263,19,0.86,18.91,9,0,0
2023-09-11,SKU0008,3,Apparel,14,1306,29.428571428571427,27.833333333333332,4.2351837751383545,0.5029940119760479,19,0.86,18.91,9,0,1
2023-09-18,SKU0008,3,Apparel,0,1306,2.0,21.433333333333334,11.699346675933572,0.0,19,0.86,18.91,9,0,1
2023-09-25,SKU0008,3,Apparel,0,1306,0.0,15.1,14.037756967893946,0.0,19,0.86,18.91,9,0,1
2023-10-02,SKU0008,3,Apparel,0,1306,0.0,9.066666666666666,13.480339025035125,0.0,19,0.86,18.91,10,0,1
2023-10-09,SKU0008,3,Apparel,0,1306,0.0,2.1,6.635068796254835,0.0,19,0.86,18.91,10,0,1
2023-10-16,SKU0008,3,Apparel,1253,0,7.571428571428571,1.7666666666666666,6.734795562180631,709.2452830188679,19,0.86,18.91,10,0,0
2023-10-23,SKU0008,3,Apparel,1047,0,29.428571428571427,8.633333333333333,13.58874618897953,121.27413127413128,19,0.86,18.91,10,0,0
2023-10-30,SKU0008,3,Apparel,839,1306,29.714285714285715,15.566666666666666,15.246669129361653,53.897216274089935,19,0.86,18.91,10,0,0
2023-11-06,SKU0008,3,Apparel,578,1306,37.285714285714285,24.266666666666666,14.635651637374211,23.81868131868132,19,0.86,18.91,11,0,0
2023-11-13,SKU0008,3,Apparel,321,1306,36.714285714285715,32.833333333333336,6.903688835704403,9.776649746192893,19,0.86,18.91,11,0,0
2023-11-20,SKU0008,3,Apparel,1321,0,43.714285714285715,36.333333333333336,8.762511580329127,36.35779816513761,19,0.86,18.91,11,0,0
2023-11-27,SKU0008,3,Apparel,1042,0,39.857142857142854,38.666666666666664,8.035839261936363,26.948275862068968,19,0.86,18.91,11,0,0
2023-12-04,SKU0008,3,Apparel,753,1306,41.285714285714285,40.266666666666666,7.803329675400645,18.700331125827816,19,0.86,18.91,12,0,0
2023-12-11,SKU0008,3,Apparel,459,1306,42.0,41.03333333333333,8.965386824869304,11.186027619821283,19,0.86,18.91,12,0,0
2023-12-18,SKU0008,3,Apparel,125,1306,47.714285714285715,42.733333333333334,8.606065757132688,2.925117004680187,19,0.86,18.91,12,0,0
2023-01-30,SKU0008,4,Apparel,138,0,4.0,3.5,2.046864717663039,39.42857142857143,19,0.86,18.91,1,0,0
2023-02-06,SKU0008,4,Apparel,120,0,2.5714285714285716,3.533333333333333,1.775956921917237,33.9622641509434,19,0.86,18.91,2,0,0
2023-02-13,SKU0008,4,Apparel,96,0,3.4285714285714284,3.433333333333333,1.9061304607327731,27.96116504854369,19,0.86,18.91,2,0,0
2023-02-20,SKU0008,4,Apparel,69,127,3.857142857142857,3.533333333333333,1.9780403631273353,19.528301886792452,19,0.86,18.91,2,0,0
2023-02-27,SKU0008,4,Apparel,42,127,3.857142857142857,3.3666666666666667,1.8473342085721574,12.475247524752476,19,0.86,18.91,2,0,0
2023-03-06,SKU0008,4,Apparel,137,0,4.571428571428571,3.7666666666666666,2.045741301158181,36.3716814159292,19,0.86,18.91,3,0,0
2023-03-13,SKU0008,4,Apparel,110,0,3.857142857142857,4.2,1.864366398797597,26.19047619047619,19,0.86,18.91,3,0,0
2023-03-20,SKU0008,4,Apparel,71,127,5.571428571428571,4.366666666666666,1.790460032069073,16.259541984732827,19,0.86,18.91,3,0,0
2023-03-27,SKU0008,4,Apparel,41,127,4.285714285714286,4.433333333333334,1.8134237638032762,9.248120300751879,19,0.86,18.91,3,0,0
2023-04-03,SKU0008,4,Apparel,135,0,4.714285714285714,4.466666666666667,1.7564331673207416,30.223880597014926,19,0.86,18.91,4,0,0
2023-04-10,SKU0008,4,Apparel,107,0,4.0,4.6,1.849510652895089,23.260869565217394,19,0.86,18.91,4,0,0
2023-04-17,SKU0008,4,Apparel,75,127,4.571428571428571,4.466666666666667,1.9605300714142453,16.791044776119403,19,0.86,18.91,4,0,0
2023-04-24,SKU0008,4,Apparel,52,127,3.2857142857142856,4.233333333333333,1.9241358711314327,12.283464566929133,19,0.86,18.91,4,0,0
2023-05-01,SKU0008,4,Apparel,150,0,4.142857142857143,4.066666666666666,1.981523853404041,36.885245901639344,19,0.86,18.91,5,0,0
2023-05-08,SKU0008,4,Apparel,120,0,4.285714285714286,4.2,2.107458021016037,28.57142857142857,19,0.86,18.91,5,0,0
2023-05-15,SKU0008,4,Apparel,97,127,3.2857142857142856,3.8,2.219039866932202,25.526315789473685,19,0.86,18.91,5,0,0
2023-05-22,SKU0008,4,Apparel,67,127,4.285714285714286,3.933333333333333,2.434427403232472,17.033898305084747,19,0.86,18.91,5,0,0
2023-05-29,SKU0008,4,Apparel,44,127,3.2857142857142856,3.7,2.365703219792781,11.891891891891891,19,0.86,18.91,5,0,0
2023-06-05,SKU0008,4,Apparel,138,0,4.714285714285714,3.7666666666666666,2.582211473128029,36.63716814159292,19,0.86,18.91,6,0,0
2023-06-12,SKU0008,4,Apparel,117,0,3.0,3.6666666666666665,2.454177765718516,31.90909090909091,19,0.86,18.91,6,0,0
2023-06-19,SKU0008,4,Apparel,90,127,3.857142857142857,3.9,2.4403221946687905,23.076923076923077,19,0.86,18.91,6,0,0
2023-06-26,SKU0008,4,Apparel,66,127,3.4285714285714284,3.7,2.3363691253000183,17.83783783783784,19,0.86,18.91,6,0,0
2023-07-03,SKU0008,4,Apparel,46,127,2.857142857142857,3.3,1.8411016192523957,13.93939393939394,19,0.86,18.91,7,0,0
2023-07-10,SKU0008,4,Apparel,152,0,3.0,3.3666666666666667,1.7904600320690718,45.148514851485146,19,0.86,18.91,7,0,0
2023-07-17,SKU0008,4,Apparel,122,0,4.285714285714286,3.4,1.9226418606016908,35.88235294117647,19,0.86,18.91,7,0,0
2023-07-24,SKU0008,4,Apparel,88,127,4.857142857142857,3.7,2.2151515866242963,23.783783783783782,19,0.86,18.91,7,0,0
2023-07-31,SKU0008,4,Apparel,64,127,3.4285714285714284,3.7333333333333334,2.033060090930254,17.142857142857142,19,0.86,18.91,7,0,0
2023-08-07,SKU0008,4,Apparel,38,127,3.7142857142857144,3.966666666666667,1.956128007470164,9.579831932773109,19,0.86,18.91,8,0,0
2023-08-14,SKU0008,4,Apparel,10,127,4.0,4.166666666666667,1.821013990617037,2.4,19,0.86,18.91,8,0,1
2023-08-21,SKU0008,4,Apparel,0,127,1.4285714285714286,3.2,1.8457780342511771,0.0,19,0.86,18.91,8,0,1
2023-08-28,SKU0008,4,Apparel,0,127,0.0,2.3,2.135900036405554,0.0,19,0.86,18.91,8,0,1
2023-09-04,SKU0008,4,Apparel,0,127,0.0,1.4666666666666666,2.080008841714189,0.0,19,0.86,18.91,9,0,1
2023-09-11,SKU0008,4,Apparel,0,127,0.0,0.6666666666666666,1.6045911141715112,0.0,19,0.86,18.91,9,0,1
2023-09-18,SKU0008,4,Apparel,115,0,1.7142857142857142,0.4,1.3025174563659188,287.5,19,0.86,18.91,9,0,0
2023-09-25,SKU0008,4,Apparel,89,127,3.7142857142857144,1.2666666666666666,2.1644993581113336,70.26315789473685,19,0.86,18.91,9,0,0
2023-10-02,SKU0008,4,Apparel,62,127,3.857142857142857,2.1666666666666665,2.520034664968655,28.615384615384617,19,0.86,18.91,10,0,0
2023-10-09,SKU0008,4,Apparel,31,127,4.428571428571429,3.2,2.469119625319504,9.6875,19,0.86,18.91,10,0,0
2023-10-16,SKU0008,4,Apparel,137,0,3.0,3.8333333333333335,2.1022702561481124,35.73913043478261,19,0.86,18.91,10,0,0
2023-10-23,SKU0008,4,Apparel,116,0,3.0,3.466666666666667,1.888866351003696,33.46153846153846,19,0.86,18.91,10,0,0
2023-10-30,SKU0008,4,Apparel,92,127,3.4285714285714284,3.6,1.886430674489568,25.555555555555554,19,0.86,18.91,10,0,0
2023-11-06,SKU0008,4,Apparel,58,127,4.857142857142857,3.6,1.811838464292457,16.11111111111111,19,0.86,18.91,11,0,0
2023-11-13,SKU0008,4,Apparel,20,127,5.428571428571429,4.166666666666667,2.4786444200246898,4.8,19,0.86,18.91,11,0,0
2023-11-20,SKU0008,4,Apparel,106,0,5.857142857142857,4.8,2.551537737833049,22.083333333333336,19,0.86,18.91,11,0,0
2023-11-27,SKU0008,4,Apparel,88,127,2.5714285714285716,4.566666666666666,2.7377732372953325,19.27007299270073,19,0.86,18.91,11,0,0
2023-12-04,SKU0008,4,Apparel,40,127,6.857142857142857,5.3,2.9728657948993833,7.547169811320755,19,0.86,18.91,12,0,1
2023-12-11,SKU0008,4,Apparel,0,127,5.714285714285714,5.033333333333333,2.6455340811852395,0.0,19,0.86,18.91,12,0,1
2023-12-18,SKU0008,4,Apparel,123,0,0.5714285714285714,4.033333333333333,3.1675437381878915,30.49586776859504,19,0.86,18.91,12,0,0
2023-01-30,SKU0009,1,Grocery,244,0,37.0,33.4,6.521053437216603,7.3053892215568865,6,0.76,10.64,1,0,1
2023-02-06,SKU0009,1,Grocery,0,427,34.857142857142854,33.6,6.985699678629192,0.0,6,0.76,10.64,2,0,1
2023-02-13,SKU0009,1,Grocery,289,0,19.714285714285715,31.033333333333335,11.972622025309224,9.312567132116003,6,0.76,10.64,2,0,0
2023-02-20,SKU0009,1,Grocery,31,427,36.857142857142854,31.933333333333334,12.01703771327605,0.9707724425887265,6,0.76,10.64,2,0,1
2023-02-27,SKU0009,1,Grocery,269,0,27.0,30.3,13.193911866646207,8.877887788778878,6,0.76,10.64,2,0,0
2023-03-06,SKU0009,1,Grocery,467,0,32.714285714285715,29.366666666666667,12.593055922660882,15.902383654937571,6,0.76,10.64,3,0,0
2023-03-13,SKU0009,1,Grocery,235,0,33.142857142857146,32.5,7.8025194869880075,7.230769230769231,6,0.76,10.64,3,0,0
2023-03-20,SKU0009,1,Grocery,428,0,33.42857142857143,31.933333333333334,7.781203405436824,13.402922755741127,6,0.76,10.64,3,0,0
2023-03-27,SKU0009,1,Grocery,203,427,32.142857142857146,32.6,4.5908454634158105,6.226993865030675,6,0.76,10.64,3,0,0
2023-04-03,SKU0009,1,Grocery,404,0,32.285714285714285,33.06666666666667,4.711931541371833,12.21774193548387,6,0.76,10.64,4,0,0
2023-04-10,SKU0009,1,Grocery,156,427,35.42857142857143,33.233333333333334,4.710101641288052,4.69408224674022,6,0.76,10.64,4,0,0
2023-04-17,SKU0009,1,Grocery,348,0,33.57142857142857,33.36666666666667,5.2291182967035255,10.429570429570429,6,0.76,10.64,4,0,0
2023-04-24,SKU0009,1,Grocery,118,427,32.857142857142854,33.1,5.254554674526303,3.564954682779456,6,0.76,10.64,4,0,0
2023-05-01,SKU0009,1,Grocery,335,0,30.0,33.166666666666664,5.233073424983105,10.100502512562814,6,0.76,10.64,5,0,0
2023-05-08,SKU0009,1,Grocery,101,427,33.42857142857143,32.733333333333334,5.662540756241136,3.085539714867617,6,0.76,10.64,5,0,0
2023-05-15,SKU0009,1,Grocery,292,0,33.714285714285715,32.4,5.269299501962215,9.012345679012347,6,0.76,10.64,5,0,0
2023-05-22,SKU0009,1,Grocery,486,0,33.285714285714285,32.46666666666667,5.600082101204395,14.969199178644763,6,0.76,10.64,5,0,0
2023-05-29,SKU0009,1,Grocery,249,0,33.857142857142854,33.53333333333333,5.618524369614689,7.42544731610338,6,0.76,10.64,5,0,0
2023-06-05,SKU0009,1,Grocery,455,0,31.571428571428573,33.36666666666667,5.898470481657816,13.636363636363637,6,0.76,10.64,6,0,0
2023-06-12,SKU0009,1,Grocery,197,427,36.857142857142854,33.733333333333334,6.313277379013847,5.839920948616601,6,0.76,10.64,6,0,1
2023-06-19,SKU0009,1,Grocery,0,427,28.142857142857142,32.3,8.498072803836779,0.0,6,0.76,10.64,6,0,1
2023-06-26,SKU0009,1,Grocery,257,0,24.285714285714285,30.333333333333332,11.718930554164618,8.472527472527473,6,0.76,10.64,6,0,0
2023-07-03,SKU0009,1,Grocery,467,0,31.0,29.733333333333334,12.025643099394836,15.70627802690583,6,0.76,10.64,7,0,0
2023-07-10,SKU0009,1,Grocery,245,0,31.714285714285715,29.3,11.240781663825373,8.361774744027304,6,0.76,10.64,7,0,0
2023-07-17,SKU0009,1,Grocery,461,0,30.142857142857142,28.633333333333333,10.59434895994355,16.10011641443539,6,0.76,10.64,7,0,0
2023-07-24,SKU0009,1,Grocery,222,427,34.142857142857146,31.633333333333333,5.9912771842780295,7.0179135932560595,6,0.76,10.64,7,0,0
2023-07-31,SKU0009,1,Grocery,423,0,32.285714285714285,32.03333333333333,6.031431083875549,13.20499479708637,6,0.76,10.64,7,0,0
2023-08-07,SKU0009,1,Grocery,189,427,33.42857142857143,32.43333333333333,5.805368106380052,5.827338129496403,6,0.76,10.64,8,0,1
2023-08-14,SKU0009,1,Grocery,389,0,32.42857142857143,32.56666666666667,9.339140229693795,11.94472876151484,6,0.76,10.64,8,0,0
2023-08-21,SKU0009,1,Grocery,153,427,33.714285714285715,33.06666666666667,9.142297807192804,4.627016129032258,6,0.76,10.64,8,0,1
2023-08-28,SKU0009,1,Grocery,0,427,21.857142857142858,30.4,11.248294889939283,0.0,6,0.76,10.64,8,0,0
2023-09-04,SKU0009,1,Grocery,155,427,38.857142857142854,31.966666666666665,12.047272787199406,4.848800834202295,6,0.76,10.64,9,0,0
2023-09-11,SKU0009,1,Grocery,333,0,35.57142857142857,31.6,11.713829139245975,10.537974683544304,6,0.76,10.64,9,0,0
2023-09-18,SKU0009,1,Grocery,107,427,32.285714285714285,32.333333333333336,9.931952384144797,3.3092783505154637,6,0.76,10.64,9,0,0
2023-09-25,SKU0009,1,Grocery,303,0,33.0,32.96666666666667,9.915099364217129,9.191102123356925,6,0.76,10.64,9,0,0
2023-10-02,SKU0009,1,Grocery,54,427,35.57142857142857,34.63333333333333,6.83542160409637,1.5591915303176132,6,0.76,10.64,10,0,1
2023-10-09,SKU0009,1,Grocery,282,0,28.428571428571427,32.43333333333333,10.122298135316404,8.694758478931142,6,0.76,10.64,10,0,0
2023-10-16,SKU0009,1,Grocery,440,0,38.42857142857143,33.7,10.49843994978828,13.056379821958457,6,0.76,10.64,10,0,0
2023-10-23,SKU0009,1,Grocery,232,0,29.714285714285715,33.03333333333333,10.270424002708088,7.023208879919274,6,0.76,10.64,10,0,0
2023-10-30,SKU0009,1,Grocery,429,0,32.857142857142854,32.233333333333334,10.646946569996857,13.309203722854187,6,0.76,10.64,10,0,0
2023-11-06,SKU0009,1,Grocery,154,427,39.285714285714285,34.733333333333334,7.8209856215156375,4.433781190019194,6,0.76,10.64,11,0,0
2023-11-13,SKU0009,1,Grocery,281,0,42.857142857142854,36.46666666666667,10.13948693979628,7.705667276051188,6,0.76,10.64,11,0,1
2023-11-20,SKU0009,1,Grocery,382,0,46.57142857142857,39.7,10.292782874924818,9.622166246851386,6,0.76,10.64,11,0,0
2023-11-27,SKU0009,1,Grocery,69,427,44.714285714285715,42.5,9.394605935836594,1.6235294117647059,6,0.76,10.64,11,0,0
2023-12-04,SKU0009,1,Grocery,179,427,45.285714285714285,44.63333333333333,8.519686465549396,4.010455563853622,6,0.76,10.64,12,0,1
2023-12-11,SKU0009,1,Grocery,273,0,47.57142857142857,46.4,8.664632829437544,5.883620689655173,6,0.76,10.64,12,0,1
2023-12-18,SKU0009,1,Grocery,373,0,46.714285714285715,45.86666666666667,8.649230913919466,8.132267441860465,6,0.76,10.64,12,0,0
2023-01-30,SKU0009,2,Grocery,309,0,18.0,19.333333333333332,3.698399778220336,15.982758620689657,6,0.76,10.64,1,0,0
2023-02-06,SKU0009,2,Grocery,169,273,20.0,19.433333333333334,4.231925732134113,8.69639794168096,6,0.76,10.64,2,0,0
2023-02-13,SKU0009,2,Grocery,290,0,21.714285714285715,19.7,4.669416267143256,14.720812182741117,6,0.76,10.64,2,0,0
2023-02-20,SKU0009,2,Grocery,147,273,20.428571428571427,20.2,5.162196805824913,7.2772277227722775,6,0.76,10.64,2,0,0
2023-02-27,SKU0009,2,Grocery,274,0,20.857142857142858,20.5,5.049752469181036,13.365853658536585,6,0.76,10.64,2,0,0
2023-03-06,SKU0009,2,Grocery,143,273,18.714285714285715,20.0,4.856563280402274,7.15,6,0.76,10.64,3,0,0
2023-03-13,SKU0009,2,Grocery,2,273,20.142857142857142,20.366666666666667,5.436044031521787,0.09819967266775777,6,0.76,10.64,3,0,0
2023-03-20,SKU0009,2,Grocery,149,273,18.0,19.4,5.028196358605104,7.680412371134021,6,0.76,10.64,3,0,1
2023-03-27,SKU0009,2,Grocery,0,273,21.285714285714285,19.433333333333334,5.468930005247719,0.0,6,0.76,10.64,3,0,1
2023-04-03,SKU0009,2,Grocery,147,273,18.0,19.366666666666667,6.195010970090385,7.590361445783133,6,0.76,10.64,4,0,1
2023-04-10,SKU0009,2,Grocery,0,273,21.0,19.366666666666667,7.256309185013117,0.0,6,0.76,10.64,4,0,0
2023-04-17,SKU0009,2,Grocery,143,273,18.571428571428573,19.633333333333333,7.184673982157091,7.283531409168082,6,0.76,10.64,4,0,0
2023-04-24,SKU0009,2,Grocery,282,0,19.142857142857142,19.033333333333335,7.0441138711611595,14.816112084063047,6,0.76,10.64,4,0,0
2023-05-01,SKU0009,2,Grocery,163,273,17.0,19.033333333333335,6.0599495464687765,8.563922942206654,6,0.76,10.64,5,0,0
2023-05-08,SKU0009,2,Grocery,295,0,20.142857142857142,18.333333333333332,5.121511989390565,16.090909090909093,6,0.76,10.64,5,0,0
2023-05-15,SKU0009,2,Grocery,162,273,19.0,18.8,4.172157301891211,8.617021276595745,6,0.76,10.64,5,0,0
2023-05-22,SKU0009,2,Grocery,322,0,16.142857142857142,18.1,3.735662245679225,17.790055248618785,6,0.76,10.64,5,0,0
2023-05-29,SKU0009,2,Grocery,176,273,20.857142857142858,18.9,4.490219255840104,9.312169312169313,6,0.76,10.64,5,0,0
2023-06-05,SKU0009,2,Grocery,297,0,21.714285714285715,19.466666666666665,4.644116287514129,15.256849315068495,6,0.76,10.64,6,0,0
2023-06-12,SKU0009,2,Grocery,154,273,20.428571428571427,19.633333333333333,5.678048069984743,7.8438030560271645,6,0.76,10.64,6,0,0
2023-06-19,SKU0009,2,Grocery,286,0,20.142857142857142,20.466666666666665,5.7339481092472555,13.973941368078178,6,0.76,10.64,6,0,0
2023-06-26,SKU0009,2,Grocery,164,273,17.428571428571427,19.733333333333334,5.057826528796958,8.31081081081081,6,0.76,10.64,6,0,0
2023-07-03,SKU0009,2,Grocery,6,273,22.571428571428573,20.166666666666668,5.783945278830506,0.2975206611570248,6,0.76,10.64,7,0,1
2023-07-10,SKU0009,2,Grocery,151,273,18.285714285714285,19.8,6.030954633646601,7.626262626262626,6,0.76,10.64,7,0,0
2023-07-17,SKU0009,2,Grocery,20,273,18.714285714285715,19.066666666666666,5.2518196080408455,1.048951048951049,6,0.76,10.64,7,0,1
2023-07-24,SKU0009,2,Grocery,198,0,13.571428571428571,18.166666666666668,7.134584700637785,10.899082568807339,6,0.76,10.64,7,0,0
2023-07-31,SKU0009,2,Grocery,74,273,17.714285714285715,17.633333333333333,7.467092557640348,4.196597353497165,6,0.76,10.64,7,0,0
2023-08-07,SKU0009,2,Grocery,210,0,19.571428571428573,17.8,6.493498074334,11.797752808988763,6,0.76,10.64,8,0,0
2023-08-14,SKU0009,2,Grocery,350,0,19.0,17.433333333333334,6.31737250779934,20.076481835564053,6,0.76,10.64,8,0,0
2023-08-21,SKU0009,2,Grocery,205,0,20.714285714285715,19.366666666666667,4.460426246318905,10.585197934595525,6,0.76,10.64,8,0,0
2023-08-28,SKU0009,2,Grocery,343,0,19.285714285714285,19.766666666666666,3.5591875606595917,17.352445193929174,6,0.76,10.64,8,0,0
2023-09-04,SKU0009,2,Grocery,211,0,18.857142857142858,19.3,3.9053455849554486,10.932642487046632,6,0.76,10.64,9,0,0
2023-09-11,SKU0009,2,Grocery,338,0,20.857142857142858,19.8,4.420953244064772,17.07070707070707,6,0.76,10.64,9,0,0
2023-09-18,SKU0009,2,Grocery,214,0,17.714285714285715,19.466666666666665,5.184415195520145,10.993150684931507,6,0.76,10.64,9,0,0
2023-09-25,SKU0009,2,Grocery,358,0,18.428571428571427,18.933333333333334,5.2386714118103965,18.908450704225352,6,0.76,10.64,9,0,0
2023-10-02,SKU0009,2,Grocery,216,0,20.285714285714285,19.1,5.767626655859349,11.308900523560208,6,0.76,10.64,10,0,0
2023-10-09,SKU0009,2,Grocery,368,0,17.285714285714285,18.466666666666665,5.243934646304497,19.92779783393502,6,0.76,10.64,10,0,0
2023-10-16,SKU0009,2,Grocery,228,0,20.0,18.7,5.36367089941594,12.192513368983958,6,0.76,10.64,10,0,0
2023-10-23,SKU0009,2,Grocery,89,273,19.857142857142858,19.233333333333334,6.0211313711382966,4.62738301559792,6,0.76,10.64,10,0,1
2023-10-30,SKU0009,2,Grocery,0,273,12.714285714285714,17.433333333333334,6.790883002527954,0.0,6,0.76,10.64,10,0,0
2023-11-06,SKU0009,2,Grocery,102,273,24.428571428571427,19.033333333333335,7.63604579624159,5.359019264448336,6,0.76,10.64,11,0,0
2023-11-13,SKU0009,2,Grocery,207,0,24.0,20.0,7.768193328323315,10.35,6,0.76,10.64,11,0,0
2023-11-20,SKU0009,2,Grocery,27,273,25.714285714285715,21.666666666666668,8.583598366625743,1.2461538461538462,6,0.76,10.64,11,0,1
2023-11-27,SKU0009,2,Grocery,200,0,14.285714285714286,20.633333333333333,10.685095430917594,9.693053311793214,6,0.76,10.64,11,0,0
2023-12-04,SKU0009,2,Grocery,273,0,28.571428571428573,23.166666666666668,9.759463429757883,11.784172661870503,6,0.76,10.64,12,0,0
2023-12-11,SKU0009,2,Grocery,50,273,31.857142857142858,25.166666666666668,10.319326806876804,1.9867549668874172,6,0.76,10.64,12,0,0
2023-12-18,SKU0009,2,Grocery,104,273,31.285714285714285,26.566666666666666,10.672825090026473,3.9146800501882058,6,0.76,10.64,12,0,0
2023-01-30,SKU0009,3,Grocery,147,384,32.285714285714285,32.833333333333336,5.0724634111515545,4.477157360406091,6,0.76,10.64,1,0,0
2023-02-06,SKU0009,3,Grocery,286,0,35.0,33.233333333333334,5.197368918805064,8.605817452357071,6,0.76,10.64,2,0,0
2023-02-13,SKU0009,3,Grocery,422,0,35.42857142857143,33.666666666666664,5.90927577879769,12.534653465346535,6,0.76,10.64,2,0,0
2023-02-20,SKU0009,3,Grocery,197,384,32.142857142857146,33.233333333333334,6.425613258446733,5.9277833500501504,6,0.76,10.64,2,0,0
2023-02-27,SKU0009,3,Grocery,324,0,36.714285714285715,34.36666666666667,6.630563159799623,9.427740058195926,6,0.76,10.64,2,0,0
2023-03-06,SKU0009,3,Grocery,77,384,35.285714285714285,35.1,6.686837302002216,2.1937321937321936,6,0.76,10.64,3,0,0
2023-03-13,SKU0009,3,Grocery,202,384,37.0,35.3,7.507008219909785,5.722379603399434,6,0.76,10.64,3,0,0
2023-03-20,SKU0009,3,Grocery,353,0,33.285714285714285,35.06666666666667,7.153168255532232,10.066539923954371,6,0.76,10.64,3,0,0
2023-03-27,SKU0009,3,Grocery,98,384,36.42857142857143,35.4,7.015254314951687,2.768361581920904,6,0.76,10.64,3,0,0
2023-04-03,SKU0009,3,Grocery,234,0,35.42857142857143,35.2,6.989647517135118,6.6477272727272725,6,0.76,10.64,4,0,0
2023-04-10,SKU0009,3,Grocery,19,384,30.714285714285715,34.5,6.1574177301404776,0.5507246376811594,6,0.76,10.64,4,0,1
2023-04-17,SKU0009,3,Grocery,171,384,33.142857142857146,33.666666666666664,6.804325872172254,5.079207920792079,6,0.76,10.64,4,0,1
2023-04-24,SKU0009,3,Grocery,305,0,35.714285714285715,34.333333333333336,6.949737446458872,8.883495145631068,6,0.76,10.64,4,0,0
2023-05-01,SKU0009,3,Grocery,66,384,34.142857142857146,33.86666666666667,6.605814227572212,1.9488188976377951,6,0.76,10.64,5,0,0
2023-05-08,SKU0009,3,Grocery,192,384,36.857142857142854,34.63333333333333,6.677204315524905,5.543792107795958,6,0.76,10.64,5,0,0
2023-05-15,SKU0009,3,Grocery,326,0,35.714285714285715,35.333333333333336,5.491895805660366,9.226415094339622,6,0.76,10.64,5,0,0
2023-05-22,SKU0009,3,Grocery,86,384,34.285714285714285,35.53333333333333,5.550603156621709,2.4202626641651035,6,0.76,10.64,5,0,0
2023-05-29,SKU0009,3,Grocery,221,384,35.57142857142857,35.46666666666667,5.793773907562673,6.231203007518797,6,0.76,10.64,5,0,1
2023-06-05,SKU0009,3,Grocery,0,384,31.571428571428573,34.06666666666667,8.772737288909884,0.0,6,0.76,10.64,6,0,1
2023-06-12,SKU0009,3,Grocery,290,0,13.428571428571429,29.266666666666666,14.493597476682318,9.908883826879272,6,0.76,10.64,6,0,0
2023-06-19,SKU0009,3,Grocery,429,0,35.0,28.966666666666665,14.54240726961676,14.810126582278482,6,0.76,10.64,6,0,0
2023-06-26,SKU0009,3,Grocery,201,384,32.57142857142857,28.533333333333335,13.979623924035703,7.044392523364485,6,0.76,10.64,6,0,1
2023-07-03,SKU0009,3,Grocery,0,384,28.714285714285715,26.566666666666666,15.158207821764954,0.0,6,0.76,10.64,7,0,1
2023-07-10,SKU0009,3,Grocery,255,0,18.428571428571427,28.866666666666667,13.405437222501801,8.833718244803695,6,0.76,10.64,7,0,0
2023-07-17,SKU0009,3,Grocery,407,0,33.142857142857146,28.566666666666666,13.379560668353836,14.247374562427071,6,0.76,10.64,7,0,0
2023-07-24,SKU0009,3,Grocery,148,384,37.0,29.9,13.799925037277658,4.949832775919733,6,0.76,10.64,7,0,0
2023-07-31,SKU0009,3,Grocery,271,0,37.285714285714285,29.633333333333333,13.740158442426656,9.145106861642295,6,0.76,10.64,7,0,0
2023-08-07,SKU0009,3,Grocery,406,0,35.57142857142857,35.5,5.853086424242779,11.43661971830986,6,0.76,10.64,8,0,0
2023-08-14,SKU0009,3,Grocery,191,384,30.714285714285715,35.43333333333333,5.858582465558291,5.390404515522108,6,0.76,10.64,8,0,0
2023-08-21,SKU0009,3,Grocery,340,0,33.57142857142857,34.5,6.68889970849801,9.855072463768115,6,0.76,10.64,8,0,0
2023-08-28,SKU0009,3,Grocery,102,384,34.0,33.6,6.300519956649442,3.0357142857142856,6,0.76,10.64,8,0,0
2023-09-04,SKU0009,3,Grocery,199,384,41.0,34.9,7.111670835251408,5.702005730659026,6,0.76,10.64,9,0,0
2023-09-11,SKU0009,3,Grocery,357,0,32.285714285714285,34.86666666666667,6.323101232417699,10.239005736137667,6,0.76,10.64,9,0,0
2023-09-18,SKU0009,3,Grocery,132,384,32.142857142857146,34.5,6.9020236912432225,3.8260869565217392,6,0.76,10.64,9,0,1
2023-09-25,SKU0009,3,Grocery,347,0,24.142857142857142,32.8,10.955710210063817,10.579268292682928,6,0.76,10.64,9,0,0
2023-10-02,SKU0009,3,Grocery,103,384,34.857142857142854,31.433333333333334,11.091106512794882,3.2767762460233296,6,0.76,10.64,10,0,0
2023-10-09,SKU0009,3,Grocery,242,0,35.0,31.333333333333332,11.043279539543763,7.723404255319149,6,0.76,10.64,10,0,0
2023-10-16,SKU0009,3,Grocery,356,0,38.57142857142857,32.6,11.403568709414824,10.920245398773005,6,0.76,10.64,10,0,0
2023-10-23,SKU0009,3,Grocery,104,384,36.0,34.93333333333333,9.497489081361163,2.9770992366412217,6,0.76,10.64,10,0,0
2023-10-30,SKU0009,3,Grocery,250,0,34.0,35.833333333333336,5.9716764430291756,6.976744186046512,6,0.76,10.64,10,0,0
2023-11-06,SKU0009,3,Grocery,345,0,41.285714285714285,37.2,6.310363670595537,9.274193548387096,6,0.76,10.64,11,0,0
2023-11-13,SKU0009,3,Grocery,50,384,42.142857142857146,38.46666666666667,6.5376012332549704,1.2998266897746966,6,0.76,10.64,11,0,1
2023-11-20,SKU0009,3,Grocery,255,0,25.571428571428573,35.53333333333333,13.584304668746688,7.176360225140713,6,0.76,10.64,11,0,0
2023-11-27,SKU0009,3,Grocery,306,0,47.57142857142857,38.5,14.975266965555392,7.9480519480519485,6,0.76,10.64,11,0,1
2023-12-04,SKU0009,3,Grocery,326,0,52.0,41.96666666666667,15.722777971034123,7.768069896743447,6,0.76,10.64,12,0,0
2023-12-11,SKU0009,3,Grocery,354,0,50.857142857142854,43.766666666666666,16.422615469241606,8.088347296268088,6,0.76,10.64,12,0,1
2023-12-18,SKU0009,3,Grocery,0,384,50.57142857142857,49.93333333333333,11.950857228908108,0.0,6,0.76,10.64,12,0,1
2023-01-30,SKU0009,4,Grocery,51,0,5.714285714285714,5.3,1.967844961653089,9.622641509433963,6,0.76,10.64,1,0,1
2023-02-06,SKU0009,4,Grocery,0,67,7.285714285714286,5.733333333333333,2.5988503205274727,0.0,6,0.76,10.64,2,0,0
2023-02-13,SKU0009,4,Grocery,26,67,5.857142857142857,6.233333333333333,2.4308836669612246,4.171122994652406,6,0.76,10.64,2,0,0
2023-02-20,SKU0009,4,Grocery,55,0,5.428571428571429,6.133333333333334,2.674700541837487,8.967391304347826,6,0.76,10.64,2,0,0
2023-02-27,SKU0009,4,Grocery,14,67,5.857142857142857,5.933333333333334,2.803118132431777,2.359550561797753,6,0.76,10.64,2,0,0
2023-03-06,SKU0009,4,Grocery,46,0,5.0,5.633333333333334,2.3412836640190133,8.165680473372781,6,0.76,10.64,3,0,0
2023-03-13,SKU0009,4,Grocery,3,67,6.142857142857143,5.633333333333334,2.385058856113709,0.5325443786982248,6,0.76,10.64,3,0,1
2023-03-20,SKU0009,4,Grocery,36,0,4.857142857142857,5.6,2.5134122979149964,6.428571428571429,6,0.76,10.64,3,0,0
2023-03-27,SKU0009,4,Grocery,65,0,5.428571428571429,5.5,2.2399199493085336,11.818181818181818,6,0.76,10.64,3,0,0
2023-04-03,SKU0009,4,Grocery,33,67,4.571428571428571,5.266666666666667,2.1803722132942687,6.265822784810126,6,0.76,10.64,4,0,0
2023-04-10,SKU0009,4,Grocery,58,0,6.0,5.333333333333333,2.4400866764329803,10.875,6,0.76,10.64,4,0,0
2023-04-17,SKU0009,4,Grocery,16,67,6.0,5.633333333333334,2.7099221687936987,2.8402366863905324,6,0.76,10.64,4,0,0
2023-04-24,SKU0009,4,Grocery,50,0,4.714285714285714,5.3,2.8665731072676914,9.433962264150944,6,0.76,10.64,4,0,0
2023-05-01,SKU0009,4,Grocery,16,67,4.857142857142857,5.366666666666666,2.988291327409573,2.9813664596273295,6,0.76,10.64,5,0,0
2023-05-08,SKU0009,4,Grocery,41,0,6.0,5.4,2.749294580370604,7.592592592592592,6,0.76,10.64,5,0,0
2023-05-15,SKU0009,4,Grocery,67,0,5.857142857142857,5.6,2.6600492606276154,11.964285714285715,6,0.76,10.64,5,0,0
2023-05-22,SKU0009,4,Grocery,32,67,5.0,5.2,2.3400559969721924,6.153846153846153,6,0.76,10.64,5,0,0
2023-05-29,SKU0009,4,Grocery,51,0,6.857142857142857,5.833333333333333,2.5741866252486827,8.742857142857144,6,0.76,10.64,5,0,0
2023-06-05,SKU0009,4,Grocery,10,67,5.857142857142857,5.966666666666667,2.539119224609513,1.675977653631285,6,0.76,10.64,6,0,0
2023-06-12,SKU0009,4,Grocery,33,67,6.285714285714286,5.966666666666667,2.5928726358514282,5.5307262569832405,6,0.76,10.64,6,0,0
2023-06-19,SKU0009,4,Grocery,67,0,4.714285714285714,5.866666666666666,2.635740206617795,11.420454545454547,6,0.76,10.64,6,0,0
2023-06-26,SKU0009,4,Grocery,22,67,6.428571428571429,6.0,2.4774848202325614,3.6666666666666665,6,0.76,10.64,6,0,1
2023-07-03,SKU0009,4,Grocery,0,67,3.142857142857143,5.233333333333333,2.9790455927491553,0.0,6,0.76,10.64,7,0,1
2023-07-10,SKU0009,4,Grocery,50,0,2.4285714285714284,4.166666666666667,3.0181443640586254,12.0,6,0.76,10.64,7,0,0
2023-07-17,SKU0009,4,Grocery,5,67,6.428571428571429,4.533333333333333,3.421366266045888,1.1029411764705883,6,0.76,10.64,7,0,0
2023-07-24,SKU0009,4,Grocery,42,0,4.285714285714286,4.366666666666666,3.4788358470291056,9.618320610687023,6,0.76,10.64,7,0,0
2023-07-31,SKU0009,4,Grocery,72,0,5.285714285714286,4.3,3.2179453714743365,16.74418604651163,6,0.76,10.64,7,0,0
2023-08-07,SKU0009,4,Grocery,35,0,5.285714285714286,5.2,2.8695788469078,6.730769230769231,6,0.76,10.64,8,0,0
2023-08-14,SKU0009,4,Grocery,74,0,4.0,4.933333333333334,2.7156422156974527,15.0,6,0.76,10.64,8,0,0
2023-08-21,SKU0009,4,Grocery,41,0,4.714285714285714,4.833333333333333,2.3501039350946034,8.482758620689655,6,0.76,10.64,8,0,0
2023-08-28,SKU0009,4,Grocery,67,0,5.857142857142857,5.0,2.703764935712093,13.4,6,0.76,10.64,8,0,0
2023-09-04,SKU0009,4,Grocery,26,67,5.857142857142857,5.066666666666666,2.6252531350307,5.131578947368421,6,0.76,10.64,9,0,0
2023-09-11,SKU0009,4,Grocery,46,0,6.714285714285714,5.666666666666667,2.630501896955231,8.117647058823529,6,0.76,10.64,9,0,0
2023-09-18,SKU0009,4,Grocery,8,67,5.428571428571429,5.666666666666667,2.617360256564558,1.4117647058823528,6,0.76,10.64,9,0,0
2023-09-25,SKU0009,4,Grocery,33,0,6.0,5.766666666666667,2.1922014338187066,5.722543352601156,6,0.76,10.64,9,0,1
2023-10-02,SKU0009,4,Grocery,60,0,5.714285714285714,5.933333333333334,1.998850244228063,10.112359550561797,6,0.76,10.64,10,0,0
2023-10-09,SKU0009,4,Grocery,17,67,6.142857142857143,5.933333333333334,2.347901973712048,2.8651685393258424,6,0.76,10.64,10,0,0
2023-10-16,SKU0009,4,Grocery,46,0,5.428571428571429,5.766666666666667,2.284631311587292,7.976878612716763,6,0.76,10.64,10,0,0
2023-10-23,SKU0009,4,Grocery,79,0,4.857142857142857,5.7,2.614943791840041,13.859649122807017,6,0.76,10.64,10,0,0
2023-10-30,SKU0009,4,Grocery,46,0,4.714285714285714,5.166666666666667,2.6008398289960044,8.903225806451612,6,0.76,10.64,10,0,0
2023-11-06,SKU0009,4,Grocery,67,0,6.571428571428571,5.466666666666667,2.5014938065819448,12.25609756097561,6,0.76,10.64,11,0,0
2023-11-13,SKU0009,4,Grocery,13,67,7.714285714285714,5.866666666666666,2.7883171705668945,2.2159090909090913,6,0.76,10.64,11,0,0
2023-11-20,SKU0009,4,Grocery,39,0,5.857142857142857,6.2,2.412610547761993,6.290322580645161,6,0.76,10.64,11,0,1
2023-11-27,SKU0009,4,Grocery,50,0,8.0,6.966666666666667,2.2966742571984753,7.177033492822966,6,0.76,10.64,11,0,1
2023-12-04,SKU0009,4,Grocery,0,67,7.142857142857143,7.2,2.2499042125204456,0.0,6,0.76,10.64,12,0,0
2023-12-11,SKU0009,4,Grocery,8,67,8.428571428571429,7.5,2.460025231157404,1.0666666666666667,6,0.76,10.64,12,0,1
2023-12-18,SKU0009,4,Grocery,0,67,1.1428571428571428,6.133333333333334,3.5499716689819825,0.0,6,0.76,10.64,12,0,1
2023-01-30,SKU0010,1,Grocery,223,396,20.428571428571427,22.7,6.109066185201502,9.823788546255507,9,0.77,3.68,1,0,0
2023-02-06,SKU0010,1,Grocery,63,396,22.857142857142858,22.7,4.997585623975394,2.775330396475771,9,0.77,3.68,2,0,0
2023-02-13,SKU0010,1,Grocery,294,0,23.571428571428573,22.766666666666666,4.695436767413828,12.913616398243047,9,0.77,3.68,2,0,0
2023-02-20,SKU0010,1,Grocery,135,396,22.714285714285715,22.2,4.122269211038487,6.081081081081082,9,0.77,3.68,2,0,0
2023-02-27,SKU0010,1,Grocery,380,0,21.571428571428573,22.266666666666666,4.479326714595841,17.065868263473053,9,0.77,3.68,2,0,0
2023-03-06,SKU0010,1,Grocery,214,396,23.714285714285715,22.8,4.737233297014709,9.385964912280702,9,0.77,3.68,3,0,0
2023-03-13,SKU0010,1,Grocery,50,396,23.428571428571427,23.033333333333335,4.619921878226899,2.170767004341534,9,0.77,3.68,3,0,0
2023-03-20,SKU0010,1,Grocery,280,0,23.714285714285715,23.0,4.891935658076325,12.173913043478262,9,0.77,3.68,3,0,0
2023-03-27,SKU0010,1,Grocery,140,396,20.0,22.1,5.067475736974734,6.334841628959276,9,0.77,3.68,3,0,0
2023-04-03,SKU0010,1,Grocery,395,0,20.142857142857142,21.733333333333334,4.704607670500629,18.17484662576687,9,0.77,3.68,4,0,0
2023-04-10,SKU0010,1,Grocery,236,0,22.714285714285715,21.566666666666666,4.81866581429809,10.942812982998454,9,0.77,3.68,4,0,0
2023-04-17,SKU0010,1,Grocery,68,396,24.0,21.766666666666666,6.382537239154616,3.124042879019908,9,0.77,3.68,4,0,0
2023-04-24,SKU0010,1,Grocery,296,0,24.0,22.333333333333332,6.707347146758283,13.253731343283583,9,0.77,3.68,4,0,0
2023-05-01,SKU0010,1,Grocery,152,396,20.571428571428573,22.266666666666666,6.533380248482742,6.826347305389222,9,0.77,3.68,5,0,0
2023-05-08,SKU0010,1,Grocery,402,0,20.857142857142858,22.133333333333333,6.279322022119213,18.162650602409638,9,0.77,3.68,5,0,0
2023-05-15,SKU0010,1,Grocery,245,0,22.428571428571427,22.533333333333335,6.015688302025505,10.872781065088757,9,0.77,3.68,5,0,0
2023-05-22,SKU0010,1,Grocery,81,396,23.428571428571427,21.933333333333334,4.777341154423365,3.6930091185410334,9,0.77,3.68,5,0,0
2023-05-29,SKU0010,1,Grocery,317,0,22.857142857142858,22.033333333333335,5.135967379135139,14.387291981845687,9,0.77,3.68,5,0,0
2023-06-05,SKU0010,1,Grocery,152,396,23.571428571428573,22.966666666666665,4.737839849212053,6.618287373004355,9,0.77,3.68,6,0,0
2023-06-12,SKU0010,1,Grocery,384,0,23.428571428571427,23.166666666666668,4.086000770784392,16.575539568345324,9,0.77,3.68,6,0,0
2023-06-19,SKU0010,1,Grocery,207,396,25.285714285714285,23.733333333333334,4.306637486111606,8.72191011235955,9,0.77,3.68,6,0,0
2023-06-26,SKU0010,1,Grocery,52,396,22.142857142857142,23.233333333333334,4.8329567827953825,2.2381635581061694,9,0.77,3.68,6,0,0
2023-07-03,SKU0010,1,Grocery,296,0,21.714285714285715,23.233333333333334,4.889702997350548,12.740315638450502,9,0.77,3.68,7,0,0
2023-07-10,SKU0010,1,Grocery,124,396,24.571428571428573,23.166666666666668,5.052028157655815,5.35251798561151,9,0.77,3.68,7,0,0
2023-07-17,SKU0010,1,Grocery,369,0,21.571428571428573,22.966666666666665,4.766863592106156,16.066763425253992,9,0.77,3.68,7,0,0
2023-07-24,SKU0010,1,Grocery,200,396,24.142857142857142,23.1,4.451656026616435,8.658008658008658,9,0.77,3.68,7,0,0
2023-07-31,SKU0010,1,Grocery,442,0,22.0,22.966666666666665,4.334968745330072,19.245283018867926,9,0.77,3.68,7,0,0
2023-08-07,SKU0010,1,Grocery,284,0,22.571428571428573,22.566666666666666,4.568885273639318,12.58493353028065,9,0.77,3.68,8,0,0
2023-08-14,SKU0010,1,Grocery,114,396,24.285714285714285,23.0,5.024079946651417,4.956521739130435,9,0.77,3.68,8,0,0
2023-08-21,SKU0010,1,Grocery,344,0,23.714285714285715,22.933333333333334,4.78455369109686,15.0,9,0.77,3.68,8,0,0
2023-08-28,SKU0010,1,Grocery,184,396,22.857142857142858,23.133333333333333,4.384402867637417,7.953890489913545,9,0.77,3.68,8,0,0
2023-09-04,SKU0010,1,Grocery,412,0,24.0,23.4,4.874988947821256,17.60683760683761,9,0.77,3.68,9,0,0
2023-09-11,SKU0010,1,Grocery,262,0,21.428571428571427,23.133333333333333,4.688454883583971,11.325648414985592,9,0.77,3.68,9,0,0
2023-09-18,SKU0010,1,Grocery,83,396,25.571428571428573,23.6,4.605843365057954,3.516949152542373,9,0.77,3.68,9,0,1
2023-09-25,SKU0010,1,Grocery,0,396,11.857142857142858,20.833333333333332,8.338044645223908,0.0,9,0.77,3.68,9,0,0
2023-10-02,SKU0010,1,Grocery,248,0,21.142857142857142,20.4,8.118093881932015,12.15686274509804,9,0.77,3.68,10,0,0
2023-10-09,SKU0010,1,Grocery,55,396,27.571428571428573,21.533333333333335,8.768019213000178,2.5541795665634672,9,0.77,3.68,10,0,0
2023-10-16,SKU0010,1,Grocery,295,0,22.285714285714285,21.033333333333335,8.604262509554976,14.025356576862123,9,0.77,3.68,10,0,0
2023-10-23,SKU0010,1,Grocery,153,396,20.285714285714285,21.3,7.931386798771329,7.183098591549296,9,0.77,3.68,10,0,0
2023-10-30,SKU0010,1,Grocery,368,0,25.857142857142858,23.7,5.421222663976632,15.527426160337553,9,0.77,3.68,10,0,0
2023-11-06,SKU0010,1,Grocery,156,396,30.285714285714285,24.833333333333332,5.983214067264584,6.281879194630873,9,0.77,3.68,11,0,1
2023-11-13,SKU0010,1,Grocery,0,396,22.285714285714285,24.3,7.616452246786975,0.0,9,0.77,3.68,11,0,1
2023-11-20,SKU0010,1,Grocery,275,0,17.285714285714285,23.366666666666667,10.95282465011159,11.768901569186875,9,0.77,3.68,11,0,0
2023-11-27,SKU0010,1,Grocery,61,396,30.571428571428573,25.1,11.78938739597669,2.4302788844621515,9,0.77,3.68,11,0,1
2023-12-04,SKU0010,1,Grocery,367,0,12.857142857142858,21.566666666666666,14.1900483179011,17.017001545595054,9,0.77,3.68,12,0,0
2023-12-11,SKU0010,1,Grocery,125,396,34.57142857142857,23.133333333333333,15.230942492025976,5.403458213256484,9,0.77,3.68,12,0,1
2023-12-18,SKU0010,1,Grocery,329,0,27.428571428571427,26.533333333333335,13.680424810235461,12.399497487437186,9,0.77,3.68,12,0,0
2023-01-30,SKU0010,2,Grocery,121,0,7.571428571428571,6.866666666666666,3.350072910512117,17.62135922330097,9,0.77,3.68,1,0,0
2023-02-06,SKU0010,2,Grocery,58,112,9.0,7.3,3.385058447007255,7.945205479452055,9,0.77,3.68,2,0,1
2023-02-13,SKU0010,2,Grocery,0,112,8.285714285714286,7.533333333333333,3.62684752760655,0.0,9,0.77,3.68,2,0,1
2023-02-20,SKU0010,2,Grocery,96,0,2.2857142857142856,6.633333333333334,4.246567241117622,14.472361809045225,9,0.77,3.68,2,0,0
2023-02-27,SKU0010,2,Grocery,33,112,9.0,7.033333333333333,4.205770529537535,4.691943127962086,9,0.77,3.68,2,0,0
2023-03-06,SKU0010,2,Grocery,84,0,8.714285714285714,7.3,4.069652192204788,11.506849315068493,9,0.77,3.68,3,0,0
2023-03-13,SKU0010,2,Grocery,12,112,10.285714285714286,7.366666666666666,4.3508487743739455,1.6289592760180995,9,0.77,3.68,3,0,0
2023-03-20,SKU0010,2,Grocery,76,112,6.857142857142857,8.666666666666666,2.832488041589431,8.76923076923077,9,0.77,3.68,3,0,0
2023-03-27,SKU0010,2,Grocery,132,0,8.0,8.466666666666667,3.0026807945605856,15.590551181102361,9,0.77,3.68,3,0,0
2023-04-03,SKU0010,2,Grocery,80,112,7.428571428571429,8.2,3.25258517871978,9.756097560975611,9,0.77,3.68,4,0,0
2023-04-10,SKU0010,2,Grocery,23,112,8.142857142857142,7.8,2.7467849544889558,2.948717948717949,9,0.77,3.68,4,0,1
2023-04-17,SKU0010,2,Grocery,76,0,8.428571428571429,7.833333333333333,2.804962761241942,9.702127659574469,9,0.77,3.68,4,0,0
2023-04-24,SKU0010,2,Grocery,26,112,7.142857142857143,7.8,2.4830459603840014,3.3333333333333335,9,0.77,3.68,4,0,0
2023-05-01,SKU0010,2,Grocery,81,112,8.142857142857142,7.833333333333333,2.364731279234176,10.340425531914894,9,0.77,3.68,5,0,0
2023-05-08,SKU0010,2,Grocery,35,112,6.571428571428571,7.7,2.6149437918400382,4.545454545454545,9,0.77,3.68,5,0,0
2023-05-15,SKU0010,2,Grocery,96,0,7.285714285714286,7.5,2.7386127875258306,12.8,9,0.77,3.68,5,0,0
2023-05-22,SKU0010,2,Grocery,48,112,6.857142857142857,7.266666666666667,2.6643668243529537,6.605504587155964,9,0.77,3.68,5,0,0
2023-05-29,SKU0010,2,Grocery,126,0,4.857142857142857,6.366666666666666,2.965122935560768,19.790575916230367,9,0.77,3.68,5,0,0
2023-06-05,SKU0010,2,Grocery,73,112,7.571428571428571,6.733333333333333,3.352130905736738,10.841584158415841,9,0.77,3.68,6,0,0
2023-06-12,SKU0010,2,Grocery,15,112,8.285714285714286,6.866666666666666,3.39099551381488,2.1844660194174756,9,0.77,3.68,6,0,0
2023-06-19,SKU0010,2,Grocery,80,0,6.714285714285714,7.0,3.4139672543527864,11.428571428571429,9,0.77,3.68,6,0,0
2023-06-26,SKU0010,2,Grocery,44,112,5.142857142857143,6.866666666666666,3.3500729105121168,6.407766990291263,9,0.77,3.68,6,0,0
2023-07-03,SKU0010,2,Grocery,110,0,6.571428571428571,6.766666666666667,3.3392476267332554,16.256157635467982,9,0.77,3.68,7,0,0
2023-07-10,SKU0010,2,Grocery,75,112,5.0,5.966666666666667,3.090400412995649,12.569832402234637,9,0.77,3.68,7,0,0
2023-07-17,SKU0010,2,Grocery,144,0,6.142857142857143,5.833333333333333,2.9487967544153624,24.685714285714287,9,0.77,3.68,7,0,0
2023-07-24,SKU0010,2,Grocery,97,0,6.714285714285714,6.033333333333333,3.022710970171545,16.07734806629834,9,0.77,3.68,7,0,0
2023-07-31,SKU0010,2,Grocery,52,112,6.428571428571429,6.1,2.5910988216292092,8.524590163934427,9,0.77,3.68,7,0,0
2023-08-07,SKU0010,2,Grocery,107,0,8.142857142857142,6.766666666666667,2.9087659823763548,15.812807881773399,9,0.77,3.68,8,0,0
2023-08-14,SKU0010,2,Grocery,61,112,6.571428571428571,6.966666666666667,2.606137759787172,8.75598086124402,9,0.77,3.68,8,0,0
2023-08-21,SKU0010,2,Grocery,112,0,8.714285714285714,7.3,2.7686670513767635,15.342465753424658,9,0.77,3.68,8,0,0
2023-08-28,SKU0010,2,Grocery,54,112,8.285714285714286,7.633333333333334,3.0112814700645325,7.074235807860261,9,0.77,3.68,8,0,0
2023-09-04,SKU0010,2,Grocery,114,0,7.428571428571429,7.733333333333333,2.911728167178423,14.741379310344827,9,0.77,3.68,9,0,0
2023-09-11,SKU0010,2,Grocery,66,112,6.857142857142857,7.6,3.0580588839868708,8.68421052631579,9,0.77,3.68,9,0,0
2023-09-18,SKU0010,2,Grocery,16,112,7.142857142857143,7.433333333333334,2.812329177443288,2.1524663677130045,9,0.77,3.68,9,0,0
2023-09-25,SKU0010,2,Grocery,79,112,7.0,7.066666666666666,2.3770937534400436,11.179245283018869,9,0.77,3.68,9,0,0
2023-10-02,SKU0010,2,Grocery,43,112,5.142857142857143,6.6,2.4011491501735813,6.515151515151516,9,0.77,3.68,10,0,0
2023-10-09,SKU0010,2,Grocery,104,0,7.285714285714286,6.566666666666666,2.5418338931232083,15.837563451776651,9,0.77,3.68,10,0,0
2023-10-16,SKU0010,2,Grocery,45,112,8.428571428571429,6.866666666666666,2.7509663923708736,6.553398058252427,9,0.77,3.68,10,0,0
2023-10-23,SKU0010,2,Grocery,103,0,7.714285714285714,7.166666666666667,2.8777785174335935,14.372093023255813,9,0.77,3.68,10,0,0
2023-10-30,SKU0010,2,Grocery,51,112,7.428571428571429,7.5,2.7511752974395085,6.8,9,0.77,3.68,10,0,0
2023-11-06,SKU0010,2,Grocery,99,0,9.142857142857142,8.1,2.496204014650766,12.222222222222223,9,0.77,3.68,11,0,0
2023-11-13,SKU0010,2,Grocery,21,112,11.142857142857142,8.9,2.8929164379983994,2.359550561797753,9,0.77,3.68,11,0,1
2023-11-20,SKU0010,2,Grocery,0,112,3.0,7.666666666666667,4.138409933973335,0.0,9,0.77,3.68,11,0,1
2023-11-27,SKU0010,2,Grocery,57,112,7.857142857142857,7.833333333333333,4.3556014932287,7.276595744680852,9,0.77,3.68,11,0,0
2023-12-04,SKU0010,2,Grocery,97,0,10.285714285714286,8.0,4.828078792603346,12.125,9,0.77,3.68,12,0,0
2023-12-11,SKU0010,2,Grocery,15,112,11.714285714285714,8.5,5.283350556554831,1.7647058823529411,9,0.77,3.68,12,0,1
2023-12-18,SKU0010,2,Grocery,49,112,11.142857142857142,9.566666666666666,5.269844814395964,5.121951219512195,9,0.77,3.68,12,0,1
2023-01-30,SKU0010,3,Grocery,266,0,20.285714285714285,19.166666666666668,4.800023946300422,13.878260869565217,9,0.77,3.68,1,0,0
2023-02-06,SKU0010,3,Grocery,148,390,16.857142857142858,18.533333333333335,5.029110659250651,7.985611510791366,9,0.77,3.68,2,0,0
2023-02-13,SKU0010,3,Grocery,30,390,16.857142857142858,18.033333333333335,5.2092976118854475,1.66358595194085,9,0.77,3.68,2,0,1
2023-02-20,SKU0010,3,Grocery,358,0,8.857142857142858,15.8,7.558507424270924,22.658227848101266,9,0.77,3.68,2,0,0
2023-02-27,SKU0010,3,Grocery,211,0,21.0,15.7,7.287921041246834,13.439490445859873,9,0.77,3.68,2,0,0
2023-03-06,SKU0010,3,Grocery,73,390,19.714285714285715,16.766666666666666,7.568917078890908,4.353876739562624,9,0.77,3.68,3,0,0
2023-03-13,SKU0010,3,Grocery,313,0,21.428571428571427,17.766666666666666,8.097182708577842,17.617260787992496,9,0.77,3.68,3,0,0
2023-03-20,SKU0010,3,Grocery,181,390,18.857142857142858,19.966666666666665,5.03425050637327,9.065108514190317,9,0.77,3.68,3,0,0
2023-03-27,SKU0010,3,Grocery,38,390,20.428571428571427,19.833333333333332,4.705706977800416,1.915966386554622,9,0.77,3.68,3,0,1
2023-04-03,SKU0010,3,Grocery,361,0,9.571428571428571,17.5,8.22842005197378,20.62857142857143,9,0.77,3.68,4,0,0
2023-04-10,SKU0010,3,Grocery,203,0,22.571428571428573,17.766666666666666,8.348790262701222,11.425891181988744,9,0.77,3.68,4,0,0
2023-04-17,SKU0010,3,Grocery,67,390,19.428571428571427,18.033333333333335,8.33556292012737,3.715341959334565,9,0.77,3.68,4,0,1
2023-04-24,SKU0010,3,Grocery,0,390,9.571428571428571,15.733333333333333,10.106103766206509,0.0,9,0.77,3.68,4,0,1
2023-05-01,SKU0010,3,Grocery,263,0,18.142857142857142,17.233333333333334,9.44560957428821,15.261121856866536,9,0.77,3.68,5,0,0
2023-05-08,SKU0010,3,Grocery,115,390,21.142857142857142,17.233333333333334,8.475861601339272,6.67311411992263,9,0.77,3.68,5,0,0
2023-05-15,SKU0010,3,Grocery,362,0,20.428571428571427,17.366666666666667,8.454679721633596,20.844529750479847,9,0.77,3.68,5,0,0
2023-05-22,SKU0010,3,Grocery,228,0,19.142857142857142,18.4,7.636572619919906,12.391304347826088,9,0.77,3.68,5,0,0
2023-05-29,SKU0010,3,Grocery,85,390,20.428571428571427,20.233333333333334,4.190986496768034,4.200988467874794,9,0.77,3.68,5,0,1
2023-06-05,SKU0010,3,Grocery,371,0,14.857142857142858,18.566666666666666,6.951473836946175,19.982046678635548,9,0.77,3.68,6,0,0
2023-06-12,SKU0010,3,Grocery,231,0,20.0,18.566666666666666,6.851545676773934,12.44165170556553,9,0.77,3.68,6,0,0
2023-06-19,SKU0010,3,Grocery,98,390,19.0,18.5,6.730015115010954,5.297297297297297,9,0.77,3.68,6,0,0
2023-06-26,SKU0010,3,Grocery,354,0,19.142857142857142,18.366666666666667,6.900691286377409,19.274047186932847,9,0.77,3.68,6,0,0
2023-07-03,SKU0010,3,Grocery,236,0,16.857142857142858,18.133333333333333,5.697751119177811,13.014705882352942,9,0.77,3.68,7,0,0
2023-07-10,SKU0010,3,Grocery,82,390,22.0,19.5,4.644240036565881,4.205128205128205,9,0.77,3.68,7,0,0
2023-07-17,SKU0010,3,Grocery,351,0,17.285714285714285,18.833333333333332,4.323818023327373,18.637168141592923,9,0.77,3.68,7,0,0
2023-07-24,SKU0010,3,Grocery,199,0,21.714285714285715,19.533333333333335,5.56920927547377,10.187713310580204,9,0.77,3.68,7,0,0
2023-07-31,SKU0010,3,Grocery,72,390,18.142857142857142,19.766666666666666,5.41825352529465,3.642495784148398,9,0.77,3.68,7,0,0
2023-08-07,SKU0010,3,Grocery,326,0,19.428571428571427,19.433333333333334,5.405510172951776,16.775300171526588,9,0.77,3.68,8,0,0
2023-08-14,SKU0010,3,Grocery,206,0,17.142857142857142,19.0,5.539824471263856,10.842105263157896,9,0.77,3.68,8,0,0
2023-08-21,SKU0010,3,Grocery,87,390,17.0,18.033333333333335,4.089375075209799,4.824399260628465,9,0.77,3.68,8,0,0
2023-08-28,SKU0010,3,Grocery,333,0,20.571428571428573,18.5,5.283350556554837,18.0,9,0.77,3.68,8,0,0
2023-09-04,SKU0010,3,Grocery,203,0,18.571428571428573,18.533333333333335,5.076880207733702,10.953237410071942,9,0.77,3.68,9,0,0
2023-09-11,SKU0010,3,Grocery,55,390,21.142857142857142,19.2,5.529856268008024,2.8645833333333335,9,0.77,3.68,9,0,1
2023-09-18,SKU0010,3,Grocery,360,0,12.142857142857142,18.033333333333335,6.728648649147776,19.9630314232902,9,0.77,3.68,9,0,0
2023-09-25,SKU0010,3,Grocery,240,0,17.142857142857142,17.133333333333333,5.68563424620413,14.007782101167315,9,0.77,3.68,9,0,0
2023-10-02,SKU0010,3,Grocery,114,390,18.0,17.433333333333334,5.487813039273751,6.539196940726577,9,0.77,3.68,10,0,0
2023-10-09,SKU0010,3,Grocery,370,0,19.142857142857142,17.066666666666666,5.09180093695828,21.6796875,9,0.77,3.68,10,0,0
2023-10-16,SKU0010,3,Grocery,229,0,20.142857142857142,18.366666666666667,2.846453732379071,12.468239564428313,9,0.77,3.68,10,0,0
2023-10-23,SKU0010,3,Grocery,100,390,18.428571428571427,18.8,3.0894704378269973,5.319148936170213,9,0.77,3.68,10,0,1
2023-10-30,SKU0010,3,Grocery,0,390,14.285714285714286,17.9,5.542002625716475,0.0,9,0.77,3.68,10,0,0
2023-11-06,SKU0010,3,Grocery,220,0,24.285714285714285,19.533333333333335,6.388207526552257,11.262798634812286,9,0.77,3.68,11,0,0
2023-11-13,SKU0010,3,Grocery,23,390,28.142857142857142,21.233333333333334,7.486462878875557,1.0832025117739403,9,0.77,3.68,11,0,1
2023-11-20,SKU0010,3,Grocery,342,0,10.142857142857142,19.166666666666668,10.25900221448371,17.843478260869563,9,0.77,3.68,11,0,0
2023-11-27,SKU0010,3,Grocery,171,390,24.428571428571427,20.433333333333334,11.100429731766473,8.368678629690049,9,0.77,3.68,11,0,0
2023-12-04,SKU0010,3,Grocery,373,0,26.857142857142858,22.7,10.389484073347667,16.431718061674008,9,0.77,3.68,12,0,0
2023-12-11,SKU0010,3,Grocery,158,390,30.714285714285715,23.433333333333334,11.3371021454987,6.742532005689901,9,0.77,3.68,12,0,1
2023-12-18,SKU0010,3,Grocery,0,390,22.571428571428573,26.0,8.932698553532182,0.0,9,0.77,3.68,12,0,0
2023-01-30,SKU0010,4,Grocery,257,0,11.285714285714286,12.333333333333334,2.537081317024624,20.83783783783784,9,0.77,3.68,1,0,0
2023-02-06,SKU0010,4,Grocery,182,0,10.714285714285714,12.3,2.7810938061526596,14.796747967479673,9,0.77,3.68,2,0,0
2023-02-13,SKU0010,4,Grocery,97,278,12.142857142857142,12.033333333333333,2.97672967201086,8.060941828254848,9,0.77,3.68,2,0,1
2023-02-20,SKU0010,4,Grocery,0,278,13.857142857142858,12.066666666666666,3.016430104397024,0.0,9,0.77,3.68,2,0,0
2023-02-27,SKU0010,4,Grocery,211,0,9.571428571428571,11.433333333333334,3.0702502799624,18.454810495626823,9,0.77,3.68,2,0,0
2023-03-06,SKU0010,4,Grocery,137,278,10.571428571428571,11.466666666666667,2.8494806947731828,11.94767441860465,9,0.77,3.68,3,0,0
2023-03-13,SKU0010,4,Grocery,39,278,14.0,11.866666666666667,3.74840962444657,3.286516853932584,9,0.77,3.68,3,0,1
2023-03-20,SKU0010,4,Grocery,244,0,10.428571428571429,11.133333333333333,3.7299656403458905,21.91616766467066,9,0.77,3.68,3,0,0
2023-03-27,SKU0010,4,Grocery,150,0,13.428571428571429,12.033333333333333,3.828057338717087,12.465373961218837,9,0.77,3.68,3,0,0
2023-04-03,SKU0010,4,Grocery,65,278,12.142857142857142,12.333333333333334,4.037183495298751,5.27027027027027,9,0.77,3.68,4,0,0
2023-04-10,SKU0010,4,Grocery,253,0,12.857142857142858,12.433333333333334,3.979978628718685,20.3485254691689,9,0.77,3.68,4,0,0
2023-04-17,SKU0010,4,Grocery,164,0,12.714285714285714,12.766666666666667,4.141325236279283,12.845953002610965,9,0.77,3.68,4,0,0
2023-04-24,SKU0010,4,Grocery,66,278,14.0,13.066666666666666,4.266415222475971,5.051020408163265,9,0.77,3.68,4,0,0
2023-05-01,SKU0010,4,Grocery,273,0,10.142857142857142,12.566666666666666,4.546186983830957,21.724137931034484,9,0.77,3.68,5,0,0
2023-05-08,SKU0010,4,Grocery,192,0,11.571428571428571,11.833333333333334,4.227033959167352,16.225352112676056,9,0.77,3.68,5,0,0
2023-05-15,SKU0010,4,Grocery,112,278,11.428571428571429,11.833333333333334,3.639660208973032,9.464788732394366,9,0.77,3.68,5,0,0
2023-05-22,SKU0010,4,Grocery,22,278,12.857142857142858,11.4,3.265282371482941,1.9298245614035088,9,0.77,3.68,5,0,0
2023-05-29,SKU0010,4,Grocery,218,0,11.714285714285714,11.733333333333333,3.580920064138145,18.579545454545457,9,0.77,3.68,5,0,0
2023-06-05,SKU0010,4,Grocery,138,278,11.428571428571429,11.8,3.4581238684661337,11.694915254237287,9,0.77,3.68,6,0,0
2023-06-12,SKU0010,4,Grocery,55,278,11.857142857142858,11.966666666666667,3.69046612637009,4.596100278551532,9,0.77,3.68,6,0,0
2023-06-19,SKU0010,4,Grocery,236,0,13.857142857142858,12.333333333333334,4.196331183581538,19.135135135135133,9,0.77,3.68,6,0,0
2023-06-26,SKU0010,4,Grocery,151,0,12.142857142857142,12.133333333333333,3.6458132183353134,12.445054945054945,9,0.77,3.68,6,0,0
2023-07-03,SKU0010,4,Grocery,56,278,13.571428571428571,12.9,3.6041164204855747,4.341085271317829,9,0.77,3.68,7,0,0
2023-07-10,SKU0010,4,Grocery,252,0,11.714285714285714,12.633333333333333,3.7644739828847347,19.947229551451187,9,0.77,3.68,7,0,0
2023-07-17,SKU0010,4,Grocery,169,0,11.857142857142858,12.666666666666666,3.844685838323108,13.342105263157896,9,0.77,3.68,7,0,0
2023-07-24,SKU0010,4,Grocery,86,278,11.857142857142858,12.3,3.3850584470072524,6.991869918699186,9,0.77,3.68,7,0,0
2023-07-31,SKU0010,4,Grocery,280,0,12.0,11.833333333333334,3.2172309075731076,23.661971830985916,9,0.77,3.68,7,0,0
2023-08-07,SKU0010,4,Grocery,186,0,13.428571428571429,12.166666666666666,2.9952068989998137,15.287671232876713,9,0.77,3.68,8,0,0
2023-08-14,SKU0010,4,Grocery,110,278,10.857142857142858,11.866666666666667,3.1154048094006637,9.269662921348313,9,0.77,3.68,8,0,0
2023-08-21,SKU0010,4,Grocery,301,0,12.428571428571429,12.066666666666666,3.5616088318714003,24.94475138121547,9,0.77,3.68,8,0,0
2023-08-28,SKU0010,4,Grocery,219,0,11.714285714285714,11.9,3.304646676298756,18.403361344537814,9,0.77,3.68,8,0,0
2023-09-04,SKU0010,4,Grocery,131,278,12.571428571428571,12.133333333333333,3.329422993742963,10.796703296703297,9,0.77,3.68,9,0,0
2023-09-11,SKU0010,4,Grocery,46,278,12.142857142857142,12.033333333333333,2.6714755490543793,3.822714681440443,9,0.77,3.68,9,0,0
2023-09-18,SKU0010,4,Grocery,241,0,11.857142857142858,12.2,2.3693444459276627,19.75409836065574,9,0.77,3.68,9,0,0
2023-09-25,SKU0010,4,Grocery,162,0,11.285714285714286,11.9,2.9519134647628604,13.61344537815126,9,0.77,3.68,9,0,0
2023-10-02,SKU0010,4,Grocery,69,278,13.285714285714286,12.233333333333333,3.1148513368337016,5.64032697547684,9,0.77,3.68,10,0,0
2023-10-09,SKU0010,4,Grocery,249,0,14.0,12.566666666666666,3.370084756258778,19.814323607427056,9,0.77,3.68,10,0,0
2023-10-16,SKU0010,4,Grocery,169,0,11.428571428571429,12.566666666666666,3.6358685660905063,13.448275862068966,9,0.77,3.68,10,0,0
2023-10-23,SKU0010,4,Grocery,75,278,13.428571428571429,12.966666666666667,3.2534685293182615,5.784061696658098,9,0.77,3.68,10,0,0
2023-10-30,SKU0010,4,Grocery,11,278,9.142857142857142,12.033333333333333,3.643447905992092,0.9141274238227147,9,0.77,3.68,10,0,0
2023-11-06,SKU0010,4,Grocery,173,0,16.571428571428573,12.666666666666666,4.794633014853839,13.657894736842106,9,0.77,3.68,11,0,0
2023-11-13,SKU0010,4,Grocery,46,278,18.142857142857142,14.3,5.6333367339988305,3.2167832167832167,9,0.77,3.68,11,0,0
2023-11-20,SKU0010,4,Grocery,195,0,18.428571428571427,15.4,5.593099196392777,12.662337662337663,9,0.77,3.68,11,0,0
2023-11-27,SKU0010,4,Grocery,88,278,15.285714285714286,16.733333333333334,4.570771709786906,5.258964143426295,9,0.77,3.68,11,0,0
2023-12-04,SKU0010,4,Grocery,264,0,14.571428571428571,16.566666666666666,3.9713051214702593,15.935613682092555,9,0.77,3.68,12,0,0
2023-12-11,SKU0010,4,Grocery,140,0,17.714285714285715,16.766666666666666,3.2767028564084373,8.349900596421472,9,0.77,3.68,12,0,0
2023-12-18,SKU0010,4,Grocery,16,278,17.714285714285715,16.533333333333335,3.277228994906716,0.9677419354838709,9,0.77,3.68,12,0,1
2023-01-30,SKU0011,1,HomeGoods,459,0,21.142857142857142,22.666666666666668,5.121511989390562,20.25,10,0.94,51.42,1,0,0
2023-02-06,SKU0011,1,HomeGoods,306,0,21.857142857142858,22.133333333333333,4.30503581092345,13.825301204819278,10,0.94,51.42,2,0,0
2023-02-13,SKU0011,1,HomeGoods,165,510,20.142857142857142,21.4,4.115571774915698,7.710280373831776,10,0.94,51.42,2,0,0
2023-02-20,SKU0011,1,HomeGoods,533,0,20.285714285714285,20.8,5.162196805824916,25.625,10,0.94,51.42,2,0,0
2023-02-27,SKU0011,1,HomeGoods,394,0,19.857142857142858,20.266666666666666,5.125550152697376,19.440789473684212,10,0.94,51.42,2,0,0
2023-03-06,SKU0011,1,HomeGoods,231,510,23.285714285714285,20.766666666666666,5.217234921860914,11.123595505617978,10,0.94,51.42,3,0,0
2023-03-13,SKU0011,1,HomeGoods,598,0,20.428571428571427,21.066666666666666,5.947664469661866,28.38607594936709,10,0.94,51.42,3,0,0
2023-03-20,SKU0011,1,HomeGoods,457,0,20.142857142857142,21.0,5.477225575051661,21.761904761904763,10,0.94,51.42,3,0,0
2023-03-27,SKU0011,1,HomeGoods,309,0,21.142857142857142,21.0,4.96192398724249,14.714285714285714,10,0.94,51.42,3,0,0
2023-04-03,SKU0011,1,HomeGoods,167,510,20.285714285714285,20.766666666666666,4.775536318198908,8.041733547351525,10,0.94,51.42,4,0,0
2023-04-10,SKU0011,1,HomeGoods,528,0,21.285714285714285,20.3,4.34026854405148,26.00985221674877,10,0.94,51.42,4,0,0
2023-04-17,SKU0011,1,HomeGoods,383,0,20.714285714285715,20.833333333333332,4.363511187685607,18.384,10,0.94,51.42,4,0,0
2023-04-24,SKU0011,1,HomeGoods,237,510,20.857142857142858,20.766666666666666,4.430951741255294,11.412520064205458,10,0.94,51.42,4,0,0
2023-05-01,SKU0011,1,HomeGoods,596,0,21.571428571428573,20.866666666666667,4.606841489105862,28.562300319488816,10,0.94,51.42,5,0,0
2023-05-08,SKU0011,1,HomeGoods,468,0,18.285714285714285,20.366666666666667,4.483558726120882,22.97872340425532,10,0.94,51.42,5,0,0
2023-05-15,SKU0011,1,HomeGoods,326,0,20.285714285714285,20.033333333333335,4.398144854472115,16.27287853577371,10,0.94,51.42,5,0,0
2023-05-22,SKU0011,1,HomeGoods,171,510,22.142857142857142,20.6,5.089543032125975,8.300970873786408,10,0.94,51.42,5,0,0
2023-05-29,SKU0011,1,HomeGoods,539,0,20.285714285714285,20.533333333333335,5.144353002671176,26.249999999999996,10,0.94,51.42,5,0,0
2023-06-05,SKU0011,1,HomeGoods,398,0,20.142857142857142,20.466666666666665,5.6977511191778065,19.44625407166124,10,0.94,51.42,6,0,0
2023-06-12,SKU0011,1,HomeGoods,260,510,19.714285714285715,20.733333333333334,6.05681908853685,12.540192926045016,10,0.94,51.42,6,0,0
2023-06-19,SKU0011,1,HomeGoods,617,0,21.857142857142858,20.533333333333335,5.544387241621698,30.048701298701296,10,0.94,51.42,6,0,0
2023-06-26,SKU0011,1,HomeGoods,476,0,20.142857142857142,20.333333333333332,5.41602560309064,23.40983606557377,10,0.94,51.42,6,0,0
2023-07-03,SKU0011,1,HomeGoods,347,0,18.428571428571427,19.7,4.8148477255973186,17.614213197969544,10,0.94,51.42,7,0,0
2023-07-10,SKU0011,1,HomeGoods,218,510,18.428571428571427,19.333333333333332,4.261563039570095,11.275862068965518,10,0.94,51.42,7,0,0
2023-07-17,SKU0011,1,HomeGoods,559,0,24.142857142857142,20.433333333333334,5.986671018609382,27.35725938009788,10,0.94,51.42,7,0,0
2023-07-24,SKU0011,1,HomeGoods,424,0,19.285714285714285,20.166666666666668,5.919478852488409,21.02479338842975,10,0.94,51.42,7,0,0
2023-07-31,SKU0011,1,HomeGoods,285,510,19.857142857142858,20.0,6.85313922530247,14.25,10,0.94,51.42,7,0,0
2023-08-07,SKU0011,1,HomeGoods,166,510,17.0,20.033333333333335,6.620153833681602,8.286189683860233,10,0.94,51.42,8,0,0
2023-08-14,SKU0011,1,HomeGoods,524,0,21.714285714285715,19.766666666666666,5.308960112043072,26.509274873524454,10,0.94,51.42,8,0,0
2023-08-21,SKU0011,1,HomeGoods,376,0,21.142857142857142,20.0,4.927054096411521,18.8,10,0.94,51.42,8,0,0
2023-08-28,SKU0011,1,HomeGoods,240,510,19.428571428571427,19.633333333333333,3.872834953198066,12.224108658743633,10,0.94,51.42,8,0,0
2023-09-04,SKU0011,1,HomeGoods,606,0,20.571428571428573,20.533333333333335,3.821295441414437,29.51298701298701,10,0.94,51.42,9,0,0
2023-09-11,SKU0011,1,HomeGoods,460,0,20.857142857142858,20.366666666666667,4.31903032965801,22.585924713584287,10,0.94,51.42,9,0,0
2023-09-18,SKU0011,1,HomeGoods,304,510,22.285714285714285,20.666666666666668,4.991947538775332,14.709677419354838,10,0.94,51.42,9,0,0
2023-09-25,SKU0011,1,HomeGoods,182,510,17.428571428571427,20.2,5.498589160741208,9.00990099009901,10,0.94,51.42,9,0,0
2023-10-02,SKU0011,1,HomeGoods,559,0,19.0,20.066666666666666,5.251819608040846,27.857142857142858,10,0.94,51.42,10,0,0
2023-10-09,SKU0011,1,HomeGoods,417,0,20.285714285714285,19.533333333333335,5.481840449396868,21.348122866894197,10,0.94,51.42,10,0,0
2023-10-16,SKU0011,1,HomeGoods,271,510,20.857142857142858,19.2,4.52883482008189,14.114583333333334,10,0.94,51.42,10,0,0
2023-10-23,SKU0011,1,HomeGoods,124,510,21.0,19.933333333333334,4.354413799839179,6.2207357859531776,10,0.94,51.42,10,0,0
2023-10-30,SKU0011,1,HomeGoods,492,0,20.285714285714285,20.466666666666665,4.297018479840639,24.039087947882738,10,0.94,51.42,10,0,0
2023-11-06,SKU0011,1,HomeGoods,334,0,22.571428571428573,20.933333333333334,4.209458424772132,15.955414012738853,10,0.94,51.42,11,0,0
2023-11-13,SKU0011,1,HomeGoods,168,510,23.714285714285715,21.7,5.0319667780275,7.741935483870968,10,0.94,51.42,11,0,0
2023-11-20,SKU0011,1,HomeGoods,496,0,26.0,22.8,5.683612255939188,21.75438596491228,10,0.94,51.42,11,0,0
2023-11-27,SKU0011,1,HomeGoods,327,0,24.142857142857142,23.866666666666667,5.380253380351311,13.701117318435754,10,0.94,51.42,11,0,0
2023-12-04,SKU0011,1,HomeGoods,169,510,22.571428571428573,23.733333333333334,5.53940948759563,7.120786516853932,10,0.94,51.42,12,0,0
2023-12-11,SKU0011,1,HomeGoods,479,0,28.571428571428573,24.9,5.485718134235115,19.23694779116466,10,0.94,51.42,12,0,0
2023-12-18,SKU0011,1,HomeGoods,283,510,28.0,25.5,5.519557703419673,11.098039215686274,10,0.94,51.42,12,0,0
2023-01-30,SKU0011,2,HomeGoods,43,157,9.285714285714286,9.766666666666667,2.8849590128365996,4.4027303754266205,10,0.94,51.42,1,0,0
2023-02-06,SKU0011,2,HomeGoods,139,0,8.714285714285714,9.2,3.0782888215639406,15.108695652173914,10,0.94,51.42,2,0,0
2023-02-13,SKU0011,2,HomeGoods,75,157,9.142857142857142,9.533333333333333,3.2877340832705504,7.8671328671328675,10,0.94,51.42,2,0,0
2023-02-20,SKU0011,2,HomeGoods,183,0,7.0,8.533333333333333,3.1919438822019446,21.4453125,10,0.94,51.42,2,0,0
2023-02-27,SKU0011,2,HomeGoods,122,0,8.714285714285714,8.333333333333334,3.2518783254725476,14.639999999999999,10,0.94,51.42,2,0,0
2023-03-06,SKU0011,2,HomeGoods,71,157,7.285714285714286,7.933333333333334,2.8639655812482605,8.949579831932773,10,0.94,51.42,3,0,0
2023-03-13,SKU0011,2,HomeGoods,170,0,8.285714285714286,7.833333333333333,2.350103935094595,21.70212765957447,10,0.94,51.42,3,0,0
2023-03-20,SKU0011,2,HomeGoods,114,157,8.0,8.033333333333333,2.7226170641794067,14.190871369294605,10,0.94,51.42,3,0,0
2023-03-27,SKU0011,2,HomeGoods,69,157,6.428571428571429,7.466666666666667,2.596195270979716,9.241071428571429,10,0.94,51.42,3,0,0
2023-04-03,SKU0011,2,HomeGoods,174,0,7.428571428571429,7.5,2.431829168228773,23.2,10,0.94,51.42,4,0,0
2023-04-10,SKU0011,2,HomeGoods,116,0,8.285714285714286,7.5,2.7005746514910176,15.466666666666667,10,0.94,51.42,4,0,0
2023-04-17,SKU0011,2,HomeGoods,74,157,6.0,7.2,2.3547457582946962,10.277777777777777,10,0.94,51.42,4,0,0
2023-04-24,SKU0011,2,HomeGoods,166,0,9.285714285714286,7.733333333333333,2.476556749467556,21.46551724137931,10,0.94,51.42,4,0,0
2023-05-01,SKU0011,2,HomeGoods,102,157,9.142857142857142,8.2,2.7467849544889527,12.439024390243903,10,0.94,51.42,5,0,0
2023-05-08,SKU0011,2,HomeGoods,47,157,7.857142857142857,8.233333333333333,3.158822711001713,5.708502024291499,10,0.94,51.42,5,0,0
2023-05-15,SKU0011,2,HomeGoods,167,0,5.285714285714286,7.733333333333333,3.3418282559033448,21.594827586206897,10,0.94,51.42,5,0,0
2023-05-22,SKU0011,2,HomeGoods,118,0,7.0,7.4,3.1688135493185445,15.945945945945946,10,0.94,51.42,5,0,0
2023-05-29,SKU0011,2,HomeGoods,59,157,8.428571428571429,7.266666666666667,3.3828505968959823,8.119266055045872,10,0.94,51.42,5,0,0
2023-06-05,SKU0011,2,HomeGoods,156,0,8.571428571428571,7.6,3.113928663944937,20.526315789473685,10,0.94,51.42,6,0,0
2023-06-12,SKU0011,2,HomeGoods,99,157,8.142857142857142,7.866666666666666,3.1374636509319935,12.584745762711865,10,0.94,51.42,6,0,0
2023-06-19,SKU0011,2,HomeGoods,42,157,8.142857142857142,8.4,3.244092774726775,5.0,10,0.94,51.42,6,0,0
2023-06-26,SKU0011,2,HomeGoods,147,0,7.428571428571429,8.233333333333333,3.266162288061327,17.854251012145752,10,0.94,51.42,6,0,0
2023-07-03,SKU0011,2,HomeGoods,87,157,8.571428571428571,8.266666666666667,3.2793327047595713,10.524193548387096,10,0.94,51.42,7,0,0
2023-07-10,SKU0011,2,HomeGoods,174,0,10.0,8.733333333333333,3.1615506162088507,19.923664122137406,10,0.94,51.42,7,0,0
2023-07-17,SKU0011,2,HomeGoods,118,157,8.0,8.466666666666667,3.11540480940066,13.937007874015748,10,0.94,51.42,7,0,0
2023-07-24,SKU0011,2,HomeGoods,67,157,7.285714285714286,8.533333333333333,2.800656737431334,7.8515625,10,0.94,51.42,7,0,0
2023-07-31,SKU0011,2,HomeGoods,175,0,7.0,8.233333333333333,3.349558214135863,21.25506072874494,10,0.94,51.42,7,0,0
2023-08-07,SKU0011,2,HomeGoods,112,157,9.0,7.866666666666666,3.115404809400658,14.237288135593221,10,0.94,51.42,8,0,0
2023-08-14,SKU0011,2,HomeGoods,68,157,6.285714285714286,7.366666666666666,2.9882913274095655,9.230769230769232,10,0.94,51.42,8,0,0
2023-08-21,SKU0011,2,HomeGoods,170,0,7.857142857142857,7.6,2.966479394838259,22.36842105263158,10,0.94,51.42,8,0,0
2023-08-28,SKU0011,2,HomeGoods,111,157,8.428571428571429,7.933333333333334,2.273283108623735,13.991596638655462,10,0.94,51.42,8,0,0
2023-09-04,SKU0011,2,HomeGoods,56,157,7.857142857142857,7.6,2.1270020994428855,7.36842105263158,10,0.94,51.42,9,0,0
2023-09-11,SKU0011,2,HomeGoods,149,0,9.142857142857142,8.066666666666666,2.5316388767552978,18.47107438016529,10,0.94,51.42,9,0,0
2023-09-18,SKU0011,2,HomeGoods,102,157,6.714285714285714,7.9,2.682638947778456,12.91139240506329,10,0.94,51.42,9,0,0
2023-09-25,SKU0011,2,HomeGoods,207,0,7.428571428571429,7.866666666666666,2.7509663923708687,26.3135593220339,10,0.94,51.42,9,0,0
2023-10-02,SKU0011,2,HomeGoods,157,0,7.142857142857143,7.533333333333333,3.0931886609054393,20.84070796460177,10,0.94,51.42,10,0,0
2023-10-09,SKU0011,2,HomeGoods,91,157,9.428571428571429,7.733333333333333,2.839783057927475,11.767241379310345,10,0.94,51.42,10,0,0
2023-10-16,SKU0011,2,HomeGoods,191,0,8.142857142857142,7.9,2.6043729803331983,24.177215189873415,10,0.94,51.42,10,0,0
2023-10-23,SKU0011,2,HomeGoods,128,0,9.0,8.333333333333334,2.590877009462414,15.36,10,0.94,51.42,10,0,0
2023-10-30,SKU0011,2,HomeGoods,68,157,8.571428571428571,8.533333333333333,2.487670747331009,7.96875,10,0.94,51.42,10,0,0
2023-11-06,SKU0011,2,HomeGoods,156,0,9.857142857142858,8.933333333333334,2.947042156343265,17.46268656716418,10,0.94,51.42,11,0,0
2023-11-13,SKU0011,2,HomeGoods,90,157,9.428571428571429,9.066666666666666,3.095417450910668,9.926470588235293,10,0.94,51.42,11,0,0
2023-11-20,SKU0011,2,HomeGoods,173,0,10.571428571428571,9.666666666666666,3.1440511241492834,17.896551724137932,10,0.94,51.42,11,0,0
2023-11-27,SKU0011,2,HomeGoods,106,157,9.571428571428571,9.7,2.9612439138377957,10.927835051546392,10,0.94,51.42,11,0,0
2023-12-04,SKU0011,2,HomeGoods,28,157,11.142857142857142,9.966666666666667,2.6061377597871753,2.809364548494983,10,0.94,51.42,12,0,0
2023-12-11,SKU0011,2,HomeGoods,99,157,12.285714285714286,10.733333333333333,2.803118132431783,9.22360248447205,10,0.94,51.42,12,0,0
2023-12-18,SKU0011,2,HomeGoods,25,157,10.571428571428571,10.833333333333334,2.7048275275926597,2.3076923076923075,10,0.94,51.42,12,0,0
2023-01-30,SKU0011,3,HomeGoods,92,0,8.857142857142858,8.966666666666667,3.2640500897666613,10.260223048327138,10,0.94,51.42,1,0,0
2023-02-06,SKU0011,3,HomeGoods,33,166,8.428571428571429,8.666666666666666,2.963378004136884,3.807692307692308,10,0.94,51.42,2,0,0
2023-02-13,SKU0011,3,HomeGoods,131,0,9.714285714285714,8.733333333333333,2.585547808736936,15.000000000000002,10,0.94,51.42,2,0,0
2023-02-20,SKU0011,3,HomeGoods,78,166,7.571428571428571,8.633333333333333,2.941772083031884,9.034749034749035,10,0.94,51.42,2,0,0
2023-02-27,SKU0011,3,HomeGoods,199,0,6.428571428571429,8.166666666666666,3.0859339762456233,24.367346938775512,10,0.94,51.42,2,0,0
2023-03-06,SKU0011,3,HomeGoods,154,0,6.428571428571429,7.433333333333334,3.2449784371350225,20.717488789237667,10,0.94,51.42,3,0,0
2023-03-13,SKU0011,3,HomeGoods,100,0,7.714285714285714,7.166666666666667,2.98367204139039,13.953488372093023,10,0.94,51.42,3,0,0
2023-03-20,SKU0011,3,HomeGoods,42,166,8.285714285714286,7.233333333333333,3.1588227110017137,5.806451612903226,10,0.94,51.42,3,0,0
2023-03-27,SKU0011,3,HomeGoods,155,0,7.571428571428571,7.333333333333333,2.974991548331468,21.136363636363637,10,0.94,51.42,3,0,0
2023-04-03,SKU0011,3,HomeGoods,117,0,5.428571428571429,7.166666666666667,2.972092416687832,16.325581395348838,10,0.94,51.42,4,0,0
2023-04-10,SKU0011,3,HomeGoods,54,166,9.0,7.633333333333334,3.1347147847306918,7.074235807860261,10,0.94,51.42,4,0,0
2023-04-17,SKU0011,3,HomeGoods,175,0,6.428571428571429,7.133333333333334,3.1043166090454415,24.53271028037383,10,0.94,51.42,4,0,0
2023-04-24,SKU0011,3,HomeGoods,133,0,6.0,6.866666666666666,2.9680288749098835,19.368932038834952,10,0.94,51.42,4,0,0
2023-05-01,SKU0011,3,HomeGoods,84,166,7.0,6.933333333333334,2.5855478087369317,12.115384615384615,10,0.94,51.42,5,0,0
2023-05-08,SKU0011,3,HomeGoods,190,0,8.571428571428571,7.1,2.3686166485073494,26.760563380281692,10,0.94,51.42,5,0,0
2023-05-15,SKU0011,3,HomeGoods,131,0,8.428571428571429,7.433333333333334,2.2846313115872863,17.623318385650222,10,0.94,51.42,5,0,0
2023-05-22,SKU0011,3,HomeGoods,88,166,6.142857142857143,7.5,2.2089161018082093,11.733333333333333,10,0.94,51.42,5,0,0
2023-05-29,SKU0011,3,HomeGoods,33,166,7.857142857142857,7.566666666666666,2.762848771346945,4.361233480176211,10,0.94,51.42,5,0,0
2023-06-05,SKU0011,3,HomeGoods,155,0,6.285714285714286,7.166666666666667,2.7678366173294746,21.627906976744185,10,0.94,51.42,6,0,0
2023-06-12,SKU0011,3,HomeGoods,97,166,8.285714285714286,7.4,2.871981173696818,13.108108108108107,10,0.94,51.42,6,0,0
2023-06-19,SKU0011,3,HomeGoods,50,166,6.714285714285714,7.3,2.6800669060099302,6.8493150684931505,10,0.94,51.42,6,0,0
2023-06-26,SKU0011,3,HomeGoods,162,0,7.714285714285714,7.133333333333334,2.0633640649114247,22.710280373831775,10,0.94,51.42,6,0,0
2023-07-03,SKU0011,3,HomeGoods,124,0,5.428571428571429,6.9,2.4962040146507656,17.97101449275362,10,0.94,51.42,7,0,0
2023-07-10,SKU0011,3,HomeGoods,68,166,8.0,7.066666666666666,2.9353180328582744,9.622641509433963,10,0.94,51.42,7,0,0
2023-07-17,SKU0011,3,HomeGoods,186,0,6.857142857142857,6.9,2.9867523591975935,26.956521739130434,10,0.94,51.42,7,0,0
2023-07-24,SKU0011,3,HomeGoods,120,0,9.428571428571429,7.466666666666667,3.1919438822019446,16.07142857142857,10,0.94,51.42,7,0,0
2023-07-31,SKU0011,3,HomeGoods,79,166,5.857142857142857,7.5,3.059749820739798,10.533333333333333,10,0.94,51.42,7,0,0
2023-08-07,SKU0011,3,HomeGoods,199,0,6.571428571428571,7.066666666666666,2.765967229134079,28.160377358490567,10,0.94,51.42,8,0,0
2023-08-14,SKU0011,3,HomeGoods,155,0,6.285714285714286,6.966666666666667,2.498045212772869,22.248803827751196,10,0.94,51.42,8,0,0
2023-08-21,SKU0011,3,HomeGoods,117,0,5.428571428571429,6.3,2.5481568727760515,18.571428571428573,10,0.94,51.42,8,0,0
2023-08-28,SKU0011,3,HomeGoods,62,166,7.857142857142857,6.4,2.594423728452734,9.6875,10,0.94,51.42,8,0,0
2023-09-04,SKU0011,3,HomeGoods,172,0,8.0,6.9,2.856933489865876,24.927536231884055,10,0.94,51.42,9,0,0
2023-09-11,SKU0011,3,HomeGoods,132,0,5.714285714285714,6.6,2.907777916862474,20.0,10,0.94,51.42,9,0,0
2023-09-18,SKU0011,3,HomeGoods,85,166,6.714285714285714,6.9,2.8448380355084946,12.318840579710145,10,0.94,51.42,9,0,0
2023-09-25,SKU0011,3,HomeGoods,202,0,7.0,7.0,2.9594966953276267,28.857142857142858,10,0.94,51.42,9,0,0
2023-10-02,SKU0011,3,HomeGoods,151,0,7.285714285714286,6.766666666666667,3.234334481810725,22.31527093596059,10,0.94,51.42,10,0,0
2023-10-09,SKU0011,3,HomeGoods,95,0,8.0,6.966666666666667,3.112636462410348,13.636363636363637,10,0.94,51.42,10,0,0
2023-10-16,SKU0011,3,HomeGoods,46,166,7.0,7.2,2.869578846907793,6.388888888888888,10,0.94,51.42,10,0,0
2023-10-23,SKU0011,3,HomeGoods,158,0,7.714285714285714,7.233333333333333,3.2021903423290934,21.84331797235023,10,0.94,51.42,10,0,0
2023-10-30,SKU0011,3,HomeGoods,107,0,7.285714285714286,7.233333333333333,2.712465901051621,14.7926267281106,10,0.94,51.42,10,0,0
2023-11-06,SKU0011,3,HomeGoods,37,166,10.0,7.933333333333334,2.9117281671784205,4.663865546218487,10,0.94,51.42,11,0,0
2023-11-13,SKU0011,3,HomeGoods,139,0,9.142857142857142,8.5,2.7636807041484976,16.352941176470587,10,0.94,51.42,11,0,0
2023-11-20,SKU0011,3,HomeGoods,56,166,11.857142857142858,9.566666666666666,3.359837160805034,5.853658536585366,10,0.94,51.42,11,0,0
2023-11-27,SKU0011,3,HomeGoods,155,0,9.571428571428571,9.933333333333334,3.1506248240006607,15.604026845637584,10,0.94,51.42,11,0,0
2023-12-04,SKU0011,3,HomeGoods,78,166,11.0,10.466666666666667,3.181122479547913,7.452229299363057,10,0.94,51.42,12,0,1
2023-12-11,SKU0011,3,HomeGoods,0,166,11.142857142857142,10.766666666666667,3.2129407877748286,0.0,10,0.94,51.42,12,0,0
2023-12-18,SKU0011,3,HomeGoods,105,0,8.714285714285714,10.166666666666666,2.692048743388872,10.327868852459018,10,0.94,51.42,12,0,0
2023-01-30,SKU0011,4,HomeGoods,138,503,26.857142857142858,25.9,5.560637522368492,5.328185328185328,10,0.94,51.42,1,0,0
2023-02-06,SKU0011,4,HomeGoods,491,0,21.428571428571427,24.366666666666667,5.135967379135133,20.15047879616963,10,0.94,51.42,2,0,0
2023-02-13,SKU0011,4,HomeGoods,329,0,23.142857142857142,24.166666666666668,5.552777082985891,13.613793103448275,10,0.94,51.42,2,0,0
2023-02-20,SKU0011,4,HomeGoods,175,503,22.0,23.6,5.593099196392785,7.415254237288135,10,0.94,51.42,2,0,0
2023-02-27,SKU0011,4,HomeGoods,528,0,21.428571428571427,22.233333333333334,5.1973689188050605,23.74812593703148,10,0.94,51.42,2,0,0
2023-03-06,SKU0011,4,HomeGoods,374,0,22.0,21.966666666666665,4.16457418722725,17.0257966616085,10,0.94,51.42,3,0,0
2023-03-13,SKU0011,4,HomeGoods,218,503,22.285714285714285,21.466666666666665,3.471393770900046,10.155279503105591,10,0.94,51.42,3,0,0
2023-03-20,SKU0011,4,HomeGoods,72,503,20.857142857142858,21.566666666666666,2.9674479146965234,3.338485316846986,10,0.94,51.42,3,0,0
2023-03-27,SKU0011,4,HomeGoods,430,0,20.714285714285715,21.633333333333333,3.0227109701715396,19.87673343605547,10,0.94,51.42,3,0,0
2023-04-03,SKU0011,4,HomeGoods,273,503,22.428571428571427,21.7,3.0416646984720392,12.580645161290324,10,0.94,51.42,4,0,0
2023-04-10,SKU0011,4,HomeGoods,108,503,23.571428571428573,21.9,4.037325847637266,4.931506849315069,10,0.94,51.42,4,0,0
2023-04-17,SKU0011,4,HomeGoods,447,0,23.428571428571427,22.366666666666667,5.0887525287491195,19.985096870342772,10,0.94,51.42,4,0,0
2023-04-24,SKU0011,4,HomeGoods,289,0,22.571428571428573,22.7,5.193829229861675,12.731277533039648,10,0.94,51.42,4,0,0
2023-05-01,SKU0011,4,HomeGoods,131,503,22.571428571428573,22.933333333333334,5.232084923209692,5.712209302325581,10,0.94,51.42,5,0,0
2023-05-08,SKU0011,4,HomeGoods,483,0,21.571428571428573,22.566666666666666,5.48152592229405,21.40324963072378,10,0.94,51.42,5,0,0
2023-05-15,SKU0011,4,HomeGoods,337,0,20.857142857142858,21.766666666666666,4.854314350770041,15.48238897396631,10,0.94,51.42,5,0,0
2023-05-22,SKU0011,4,HomeGoods,210,503,18.142857142857142,20.833333333333332,4.713029140389535,10.08,10,0.94,51.42,5,0,0
2023-05-29,SKU0011,4,HomeGoods,555,0,22.571428571428573,20.766666666666666,4.938821116722948,26.725521669341894,10,0.94,51.42,5,0,0
2023-06-05,SKU0011,4,HomeGoods,416,0,19.857142857142858,20.3,5.253242020327821,20.492610837438423,10,0.94,51.42,6,0,0
2023-06-12,SKU0011,4,HomeGoods,254,503,23.142857142857142,21.166666666666668,5.414433668817357,12.0,10,0.94,51.42,6,0,0
2023-06-19,SKU0011,4,HomeGoods,102,503,21.714285714285715,21.533333333333335,5.500679163918561,4.7368421052631575,10,0.94,51.42,6,0,0
2023-06-26,SKU0011,4,HomeGoods,437,0,24.0,21.866666666666667,5.309284862119043,19.984756097560975,10,0.94,51.42,6,0,0
2023-07-03,SKU0011,4,HomeGoods,277,503,22.857142857142858,22.7,4.728125676607283,12.202643171806168,10,0.94,51.42,7,0,0
2023-07-10,SKU0011,4,HomeGoods,127,503,21.428571428571427,22.333333333333332,4.74402225189098,5.686567164179105,10,0.94,51.42,7,0,0
2023-07-17,SKU0011,4,HomeGoods,492,0,19.714285714285715,21.9,4.349791909410428,22.465753424657535,10,0.94,51.42,7,0,0
2023-07-24,SKU0011,4,HomeGoods,359,0,19.0,20.7,4.340268544051482,17.342995169082126,10,0.94,51.42,7,0,0
2023-07-31,SKU0011,4,HomeGoods,205,503,22.0,20.733333333333334,4.53289382588889,9.887459807073954,10,0.94,51.42,7,0,0
2023-08-07,SKU0011,4,HomeGoods,562,0,20.857142857142858,20.466666666666665,4.629242384826192,27.45928338762215,10,0.94,51.42,8,0,0
2023-08-14,SKU0011,4,HomeGoods,420,0,20.285714285714285,20.5,4.776017674547094,20.48780487804878,10,0.94,51.42,8,0,0
2023-08-21,SKU0011,4,HomeGoods,274,503,20.857142857142858,20.833333333333332,4.76396917484261,13.152000000000001,10,0.94,51.42,8,0,0
2023-08-28,SKU0011,4,HomeGoods,131,503,20.428571428571427,20.866666666666667,4.584331134857405,6.277955271565495,10,0.94,51.42,8,0,0
2023-09-04,SKU0011,4,HomeGoods,482,0,21.714285714285715,20.933333333333334,5.023622359333491,23.02547770700637,10,0.94,51.42,9,0,0
2023-09-11,SKU0011,4,HomeGoods,319,0,23.285714285714285,21.366666666666667,5.115785801596473,14.929797191887674,10,0.94,51.42,9,0,0
2023-09-18,SKU0011,4,HomeGoods,174,503,20.714285714285715,21.2,5.504856789768654,8.20754716981132,10,0.94,51.42,9,0,0
2023-09-25,SKU0011,4,HomeGoods,511,0,23.714285714285715,22.433333333333334,5.430966976409496,22.778603268945023,10,0.94,51.42,9,0,0
2023-10-02,SKU0011,4,HomeGoods,395,0,16.571428571428573,21.266666666666666,5.759150639803929,18.57366771159875,10,0.94,51.42,10,0,0
2023-10-09,SKU0011,4,HomeGoods,231,503,23.428571428571427,20.866666666666667,5.008498524634341,11.070287539936102,10,0.94,51.42,10,0,0
2023-10-16,SKU0011,4,HomeGoods,79,503,21.714285714285715,21.1,4.780347700526713,3.744075829383886,10,0.94,51.42,10,0,1
2023-10-23,SKU0011,4,HomeGoods,480,0,14.571428571428571,19.4,7.0397883980738545,24.742268041237114,10,0.94,51.42,10,0,0
2023-10-30,SKU0011,4,HomeGoods,327,0,21.857142857142858,20.233333333333334,6.8414725846441,16.16144975288303,10,0.94,51.42,10,0,0
2023-11-06,SKU0011,4,HomeGoods,143,503,26.285714285714285,21.333333333333332,7.971212573069261,6.703125,10,0.94,51.42,11,0,0
2023-11-13,SKU0011,4,HomeGoods,478,0,24.0,21.666666666666668,8.289308998834636,22.06153846153846,10,0.94,51.42,11,0,0
2023-11-20,SKU0011,4,HomeGoods,295,0,26.142857142857142,23.7,7.381944421917291,12.447257383966246,10,0.94,51.42,11,0,0
2023-11-27,SKU0011,4,HomeGoods,92,503,29.0,26.4,6.29504457544952,3.484848484848485,10,0.94,51.42,11,0,0
2023-12-04,SKU0011,4,HomeGoods,381,0,30.571428571428573,27.633333333333333,6.403034481768194,13.787696019300363,10,0.94,51.42,12,0,0
2023-12-11,SKU0011,4,HomeGoods,171,503,30.0,28.933333333333334,5.570447473719778,5.910138248847926,10,0.94,51.42,12,0,0
2023-12-18,SKU0011,4,HomeGoods,448,0,32.285714285714285,30.066666666666666,5.848273151159618,14.900221729490022,10,0.94,51.42,12,0,0
2023-01-30,SKU0012,1,Garden,98,205,6.285714285714286,5.2,2.074475421850562,18.846153846153847,6,0.76,36.61,1,0,0
2023-02-06,SKU0012,1,Garden,216,0,12.428571428571429,6.9,4.3339080078711465,31.304347826086953,6,0.76,36.61,2,0,0
2023-02-13,SKU0012,1,Garden,136,0,11.428571428571429,8.533333333333333,4.485481047767903,15.9375,6,0.76,36.61,2,0,0
2023-02-20,SKU0012,1,Garden,52,205,12.0,10.233333333333333,4.149643385868842,5.081433224755701,6,0.76,36.61,2,0,0
2023-02-27,SKU0012,1,Garden,166,0,13.0,11.833333333333334,3.504512690147127,14.028169014084506,6,0.76,36.61,2,0,0
2023-03-06,SKU0012,1,Garden,80,205,12.285714285714286,12.133333333333333,2.9329675843034244,6.593406593406594,6,0.76,36.61,3,0,0
2023-03-13,SKU0012,1,Garden,174,0,15.857142857142858,13.166666666666666,3.524136806352018,13.215189873417723,6,0.76,36.61,3,0,0
2023-03-20,SKU0012,1,Garden,99,0,10.714285714285714,12.866666666666667,3.9368579571420392,7.694300518134715,6,0.76,36.61,3,0,0
2023-03-27,SKU0012,1,Garden,202,0,14.571428571428571,13.266666666666667,4.298623142302681,15.226130653266331,6,0.76,36.61,3,0,0
2023-04-03,SKU0012,1,Garden,87,0,16.428571428571427,14.066666666666666,5.172429118751234,6.184834123222749,6,0.76,36.61,4,0,1
2023-04-10,SKU0012,1,Garden,170,0,17.428571428571427,14.633333333333333,6.272453918596728,11.617312072892938,6,0.76,36.61,4,0,0
2023-04-17,SKU0012,1,Garden,7,205,23.285714285714285,17.633333333333333,6.960397002813951,0.39697542533081287,6,0.76,36.61,4,0,1
2023-04-24,SKU0012,1,Garden,72,205,20.0,18.833333333333332,7.268654162452161,3.8230088495575223,6,0.76,36.61,4,0,1
2023-05-01,SKU0012,1,Garden,0,205,10.285714285714286,18.133333333333333,9.583510742985546,0.0,6,0.76,36.61,5,0,1
2023-05-08,SKU0012,1,Garden,104,0,14.428571428571429,17.033333333333335,10.842074280904164,6.105675146771037,6,0.76,36.61,5,0,1
2023-05-15,SKU0012,1,Garden,0,205,14.857142857142858,15.366666666666667,11.798548517781187,0.0,6,0.76,36.61,5,0,0
2023-05-22,SKU0012,1,Garden,18,205,26.714285714285715,16.733333333333334,12.503608674501027,1.0756972111553784,6,0.76,36.61,5,0,1
2023-05-29,SKU0012,1,Garden,83,205,20.0,17.733333333333334,12.22753628815555,4.680451127819548,6,0.76,36.61,5,0,1
2023-06-05,SKU0012,1,Garden,153,0,19.285714285714285,20.466666666666665,10.11565305759391,7.47557003257329,6,0.76,36.61,6,0,1
2023-06-12,SKU0012,1,Garden,0,205,21.857142857142858,20.5,9.49682342535722,0.0,6,0.76,36.61,6,0,1
2023-06-19,SKU0012,1,Garden,66,205,19.857142857142858,20.433333333333334,8.430990997231708,3.230016313213703,6,0.76,36.61,6,0,1
2023-06-26,SKU0012,1,Garden,146,0,17.857142857142858,19.666666666666668,8.715160525687727,7.423728813559322,6,0.76,36.61,6,0,0
2023-07-03,SKU0012,1,Garden,6,205,20.0,19.633333333333333,7.604369584759083,0.30560271646859083,6,0.76,36.61,7,0,0
2023-07-10,SKU0012,1,Garden,78,205,19.0,19.5,7.610111241200625,4.0,6,0.76,36.61,7,0,1
2023-07-17,SKU0012,1,Garden,164,0,17.0,19.066666666666666,7.046316393169095,8.601398601398602,6,0.76,36.61,7,0,0
2023-07-24,SKU0012,1,Garden,24,205,20.0,19.066666666666666,5.304086474910941,1.2587412587412588,6,0.76,36.61,7,0,0
2023-07-31,SKU0012,1,Garden,112,0,16.714285714285715,18.066666666666666,5.729135057384055,6.199261992619927,6,0.76,36.61,7,0,0
2023-08-07,SKU0012,1,Garden,227,0,12.857142857142858,16.966666666666665,5.774398510747197,13.37917485265226,6,0.76,36.61,8,0,0
2023-08-14,SKU0012,1,Garden,130,0,13.857142857142858,15.7,5.318477874030472,8.280254777070065,6,0.76,36.61,8,0,0
2023-08-21,SKU0012,1,Garden,234,0,14.428571428571429,15.0,5.5708601453115545,15.6,6,0.76,36.61,8,0,0
2023-08-28,SKU0012,1,Garden,144,0,12.857142857142858,13.5,4.066261521178974,10.666666666666666,6,0.76,36.61,8,0,0
2023-09-04,SKU0012,1,Garden,42,205,14.571428571428571,13.866666666666667,3.848271742262868,3.0288461538461537,6,0.76,36.61,9,0,0
2023-09-11,SKU0012,1,Garden,157,0,12.857142857142858,13.633333333333333,4.046994059736223,11.515892420537897,6,0.76,36.61,9,0,0
2023-09-18,SKU0012,1,Garden,61,205,13.714285714285714,13.233333333333333,3.2976829204273446,4.609571788413098,6,0.76,36.61,9,0,0
2023-09-25,SKU0012,1,Garden,174,0,13.142857142857142,13.4,3.2012928422856004,12.985074626865671,6,0.76,36.61,9,0,0
2023-10-02,SKU0012,1,Garden,77,205,13.857142857142858,13.533333333333333,3.5982115608704355,5.689655172413794,6,0.76,36.61,10,0,0
2023-10-09,SKU0012,1,Garden,180,0,14.571428571428571,13.8,3.487910153857084,13.043478260869565,6,0.76,36.61,10,0,0
2023-10-16,SKU0012,1,Garden,61,205,17.0,14.666666666666666,3.9769450529298234,4.159090909090909,6,0.76,36.61,10,0,0
2023-10-23,SKU0012,1,Garden,170,0,13.714285714285714,14.533333333333333,4.116688770939773,11.697247706422019,6,0.76,36.61,10,0,0
2023-10-30,SKU0012,1,Garden,84,205,12.285714285714286,14.366666666666667,3.7827497144668274,5.846867749419953,6,0.76,36.61,10,0,0
2023-11-06,SKU0012,1,Garden,165,0,17.714285714285715,15.033333333333333,4.012766981843663,10.975609756097562,6,0.76,36.61,11,0,0
2023-11-13,SKU0012,1,Garden,52,205,16.142857142857142,15.0,4.218187222999456,3.466666666666667,6,0.76,36.61,11,0,0
2023-11-20,SKU0012,1,Garden,160,0,13.857142857142858,14.866666666666667,3.866151372719595,10.762331838565022,6,0.76,36.61,11,0,0
2023-11-27,SKU0012,1,Garden,75,205,12.142857142857142,14.866666666666667,3.866151372719595,5.044843049327354,6,0.76,36.61,11,0,0
2023-12-04,SKU0012,1,Garden,16,205,8.428571428571429,12.933333333333334,4.502362087595375,1.2371134020618557,6,0.76,36.61,12,0,0
2023-12-11,SKU0012,1,Garden,174,0,6.714285714285714,10.566666666666666,4.005886473276771,16.466876971608833,6,0.76,36.61,12,0,0
2023-12-18,SKU0012,1,Garden,142,0,4.571428571428571,8.233333333333333,3.8027515748770893,17.246963562753038,6,0.76,36.61,12,0,0
2023-01-30,SKU0012,2,Garden,240,0,6.428571428571429,7.733333333333333,2.970351579484679,31.03448275862069,6,0.76,36.61,1,0,0
2023-02-06,SKU0012,2,Garden,126,0,16.285714285714285,9.933333333333334,5.037331897312125,12.684563758389261,6,0.76,36.61,2,0,1
2023-02-13,SKU0012,2,Garden,0,249,18.0,12.366666666666667,6.272453918596739,0.0,6,0.76,36.61,2,0,0
2023-02-20,SKU0012,2,Garden,102,249,21.0,15.3,7.125234418406277,6.666666666666666,6,0.76,36.61,2,0,0
2023-02-27,SKU0012,2,Garden,223,0,18.285714285714285,17.533333333333335,6.106713848133754,12.718631178707223,6,0.76,36.61,2,0,0
2023-03-06,SKU0012,2,Garden,61,249,23.142857142857142,19.933333333333334,5.362277779871706,3.060200668896321,6,0.76,36.61,3,0,1
2023-03-13,SKU0012,2,Garden,214,0,13.714285714285714,18.6,7.398042611580356,11.50537634408602,6,0.76,36.61,3,0,0
2023-03-20,SKU0012,2,Garden,79,249,19.285714285714285,18.8,6.671607364615087,4.202127659574468,6,0.76,36.61,3,0,1
2023-03-27,SKU0012,2,Garden,191,0,19.571428571428573,18.666666666666668,6.629783027257062,10.232142857142856,6,0.76,36.61,3,0,0
2023-04-03,SKU0012,2,Garden,22,249,24.142857142857142,19.433333333333334,7.045092854841121,1.1320754716981132,6,0.76,36.61,4,0,1
2023-04-10,SKU0012,2,Garden,50,249,31.571428571428573,23.233333333333334,7.084141265620304,2.152080344332855,6,0.76,36.61,4,0,1
2023-04-17,SKU0012,2,Garden,0,249,7.142857142857143,20.4,12.044744167850373,0.0,6,0.76,36.61,4,0,1
2023-04-24,SKU0012,2,Garden,66,249,26.142857142857142,22.1,14.671929567762358,2.9864253393665154,6,0.76,36.61,4,0,1
2023-05-01,SKU0012,2,Garden,124,0,27.285714285714285,23.266666666666666,15.806880503893483,5.329512893982808,6,0.76,36.61,5,0,1
2023-05-08,SKU0012,2,Garden,172,0,28.714285714285715,23.0,17.37616282390214,7.478260869565218,6,0.76,36.61,5,0,1
2023-05-15,SKU0012,2,Garden,212,0,29.857142857142858,26.133333333333333,16.285668193406963,8.112244897959183,6,0.76,36.61,5,0,1
2023-05-22,SKU0012,2,Garden,0,249,30.285714285714285,29.466666666666665,15.832601313991843,0.0,6,0.76,36.61,5,0,1
2023-05-29,SKU0012,2,Garden,70,249,25.571428571428573,28.766666666666666,16.861879744137283,2.4333719582850524,6,0.76,36.61,5,0,1
2023-06-05,SKU0012,2,Garden,125,0,27.714285714285715,29.033333333333335,16.123410551620026,4.305396096440872,6,0.76,36.61,6,0,1
2023-06-12,SKU0012,2,Garden,191,0,26.142857142857142,26.833333333333332,16.578098001077606,7.118012422360248,6,0.76,36.61,6,0,1
2023-06-19,SKU0012,2,Garden,0,249,27.285714285714285,24.966666666666665,15.546334157836903,0.0,6,0.76,36.61,6,0,1
2023-06-26,SKU0012,2,Garden,151,0,14.0,24.6,15.462078193728212,6.138211382113821,6,0.76,36.61,6,0,1
2023-07-03,SKU0012,2,Garden,0,249,21.571428571428573,22.466666666666665,16.84151957541823,0.0,6,0.76,36.61,7,0,1
2023-07-10,SKU0012,2,Garden,217,0,4.571428571428571,17.666666666666668,18.208246205635987,12.283018867924527,6,0.76,36.61,7,0,0
2023-07-17,SKU0012,2,Garden,37,249,25.714285714285715,15.833333333333334,16.718941010295687,2.3368421052631576,6,0.76,36.61,7,0,1
2023-07-24,SKU0012,2,Garden,200,0,12.285714285714286,17.3,16.67364221841125,11.560693641618496,6,0.76,36.61,7,0,0
2023-07-31,SKU0012,2,Garden,4,249,28.0,16.466666666666665,14.488362353218557,0.24291497975708504,6,0.76,36.61,7,0,0
2023-08-07,SKU0012,2,Garden,110,249,20.428571428571427,21.233333333333334,11.40684408388328,5.180533751962323,6,0.76,36.61,8,0,1
2023-08-14,SKU0012,2,Garden,0,249,15.714285714285714,19.7,11.665303697067968,0.0,6,0.76,36.61,8,0,1
2023-08-21,SKU0012,2,Garden,165,0,12.0,19.4,10.1186069642294,8.505154639175258,6,0.76,36.61,8,0,0
2023-08-28,SKU0012,2,Garden,28,249,19.571428571428573,17.7,8.562750122196277,1.5819209039548023,6,0.76,36.61,8,0,0
2023-09-04,SKU0012,2,Garden,141,0,19.428571428571427,16.833333333333332,8.141351803932947,8.376237623762377,6,0.76,36.61,9,0,0
2023-09-11,SKU0012,2,Garden,246,0,20.571428571428573,16.733333333333334,8.093988119472431,14.701195219123505,6,0.76,36.61,9,0,0
2023-09-18,SKU0012,2,Garden,108,249,19.714285714285715,19.233333333333334,5.315451343818863,5.6152512998266895,6,0.76,36.61,9,0,0
2023-09-25,SKU0012,2,Garden,217,0,20.0,20.033333333333335,5.209297611885447,10.831946755407653,6,0.76,36.61,9,0,0
2023-10-02,SKU0012,2,Garden,86,249,18.714285714285715,19.8,4.8380674397660215,4.343434343434343,6,0.76,36.61,10,0,0
2023-10-09,SKU0012,2,Garden,197,0,19.714285714285715,19.9,5.345639537881836,9.899497487437186,6,0.76,36.61,10,0,0
2023-10-16,SKU0012,2,Garden,55,249,20.285714285714285,19.533333333333335,4.980882994238961,2.8156996587030716,6,0.76,36.61,10,0,0
2023-10-23,SKU0012,2,Garden,158,0,20.857142857142858,20.266666666666666,5.091800936958279,7.796052631578948,6,0.76,36.61,10,0,0
2023-10-30,SKU0012,2,Garden,294,0,16.142857142857142,19.3,5.357238094391552,15.233160621761657,6,0.76,36.61,10,0,0
2023-11-06,SKU0012,2,Garden,149,0,20.714285714285715,19.2,5.40370243444252,7.760416666666667,6,0.76,36.61,11,0,0
2023-11-13,SKU0012,2,Garden,264,0,19.142857142857142,19.266666666666666,5.865935168606866,13.70242214532872,6,0.76,36.61,11,0,0
2023-11-20,SKU0012,2,Garden,135,0,18.428571428571427,18.9,5.803387833397626,7.142857142857143,6,0.76,36.61,11,0,0
2023-11-27,SKU0012,2,Garden,248,0,19.428571428571427,19.3,5.072916592909912,12.849740932642487,6,0.76,36.61,11,0,0
2023-12-04,SKU0012,2,Garden,157,0,13.0,17.233333333333334,6.425613258446732,9.110251450676982,6,0.76,36.61,12,0,0
2023-12-11,SKU0012,2,Garden,88,249,9.857142857142858,15.5,6.527131703578691,5.67741935483871,6,0.76,36.61,12,0,0
2023-12-18,SKU0012,2,Garden,285,0,7.428571428571429,12.466666666666667,6.511175185698095,22.86096256684492,6,0.76,36.61,12,0,0
2023-01-30,SKU0012,3,Garden,458,0,11.857142857142858,12.3,3.6022023914496417,37.235772357723576,6,0.76,36.61,1,0,0
2023-02-06,SKU0012,3,Garden,270,0,26.857142857142858,15.633333333333333,7.369477281483323,17.27078891257996,6,0.76,36.61,2,0,0
2023-02-13,SKU0012,3,Garden,72,399,28.285714285714285,19.566666666666666,8.830524385309186,3.679727427597956,6,0.76,36.61,2,0,1
2023-02-20,SKU0012,3,Garden,373,0,14.0,19.766666666666666,11.71996037810571,18.870151770657674,6,0.76,36.61,2,0,0
2023-02-27,SKU0012,3,Garden,170,399,29.0,23.633333333333333,11.633730191169104,7.193229901269394,6,0.76,36.61,2,0,0
2023-03-06,SKU0012,3,Garden,363,0,29.428571428571427,25.466666666666665,11.394897022830857,14.253926701570682,6,0.76,36.61,3,0,0
2023-03-13,SKU0012,3,Garden,173,399,27.142857142857142,24.966666666666665,11.327364892255341,6.929238985313752,6,0.76,36.61,3,0,1
2023-03-20,SKU0012,3,Garden,367,0,29.285714285714285,27.666666666666668,7.966885487304066,13.265060240963855,6,0.76,36.61,3,0,0
2023-03-27,SKU0012,3,Garden,139,399,32.57142857142857,29.7,6.347141631990876,4.68013468013468,6,0.76,36.61,3,0,0
2023-04-03,SKU0012,3,Garden,264,0,39.142857142857146,31.966666666666665,9.564601883790168,8.258602711157456,6,0.76,36.61,4,0,1
2023-04-10,SKU0012,3,Garden,343,0,45.714285714285715,35.8,14.563535000958321,9.58100558659218,6,0.76,36.61,4,0,1
2023-04-17,SKU0012,3,Garden,0,399,49.0,40.4,15.284880968031667,0.0,6,0.76,36.61,4,0,0
2023-04-24,SKU0012,3,Garden,56,399,49.0,44.56666666666667,15.233093134251549,1.256544502617801,6,0.76,36.61,4,0,1
2023-05-01,SKU0012,3,Garden,88,399,52.42857142857143,49.03333333333333,13.173859522275308,1.794697484704283,6,0.76,36.61,5,0,1
2023-05-08,SKU0012,3,Garden,0,399,12.571428571428571,39.9,22.71464664954737,0.0,6,0.76,36.61,5,0,1
2023-05-15,SKU0012,3,Garden,0,399,57.0,42.56666666666667,23.201788476446104,0.0,6,0.76,36.61,5,0,1
2023-05-22,SKU0012,3,Garden,172,399,32.42857142857143,39.166666666666664,26.490184692777657,4.391489361702128,6,0.76,36.61,5,0,1
2023-05-29,SKU0012,3,Garden,225,0,49.42857142857143,38.5,28.148314091733756,5.8441558441558445,6,0.76,36.61,5,0,1
2023-06-05,SKU0012,3,Garden,295,0,47.0,43.36666666666667,26.339276209956264,6.8024596464258265,6,0.76,36.61,6,0,0
2023-06-12,SKU0012,3,Garden,353,0,48.714285714285715,43.86666666666667,22.135528211348436,8.047112462006078,6,0.76,36.61,6,0,0
2023-06-19,SKU0012,3,Garden,26,399,46.714285714285715,48.6,15.709869509324387,0.5349794238683128,6,0.76,36.61,6,0,1
2023-06-26,SKU0012,3,Garden,88,399,48.142857142857146,48.6,12.92044623975824,1.8106995884773662,6,0.76,36.61,6,0,1
2023-07-03,SKU0012,3,Garden,164,399,46.142857142857146,47.733333333333334,11.020148735880094,3.435754189944134,6,0.76,36.61,7,0,1
2023-07-10,SKU0012,3,Garden,360,0,29.0,43.13333333333333,16.21139091510346,8.346213292117465,6,0.76,36.61,7,0,0
2023-07-17,SKU0012,3,Garden,89,399,38.714285714285715,40.8,15.949056830831836,2.181372549019608,6,0.76,36.61,7,0,0
2023-07-24,SKU0012,3,Garden,192,399,42.285714285714285,39.766666666666666,15.513472083706928,4.828164291701593,6,0.76,36.61,7,0,1
2023-07-31,SKU0012,3,Garden,0,399,27.428571428571427,35.333333333333336,17.110862315950133,0.0,6,0.76,36.61,7,0,0
2023-08-07,SKU0012,3,Garden,190,399,29.857142857142858,33.56666666666667,15.282812824087458,5.660377358490566,6,0.76,36.61,8,0,0
2023-08-14,SKU0012,3,Garden,373,0,30.857142857142858,32.86666666666667,13.609665260606054,11.348884381338742,6,0.76,36.61,8,0,0
2023-08-21,SKU0012,3,Garden,179,399,27.714285714285715,29.7,12.320854202362028,6.026936026936027,6,0.76,36.61,8,0,0
2023-08-28,SKU0012,3,Garden,353,0,32.142857142857146,28.133333333333333,9.522145995930536,12.54739336492891,6,0.76,36.61,8,0,0
2023-09-04,SKU0012,3,Garden,140,399,30.428571428571427,30.333333333333332,6.288102248298563,4.615384615384616,6,0.76,36.61,9,0,0
2023-09-11,SKU0012,3,Garden,326,0,30.428571428571427,29.966666666666665,6.105302010849104,10.878754171301447,6,0.76,36.61,9,0,0
2023-09-18,SKU0012,3,Garden,142,399,26.285714285714285,29.933333333333334,5.895254276831976,4.743875278396437,6,0.76,36.61,9,0,0
2023-09-25,SKU0012,3,Garden,333,0,29.714285714285715,29.166666666666668,6.2371707408547525,11.417142857142856,6,0.76,36.61,9,0,0
2023-10-02,SKU0012,3,Garden,114,399,31.285714285714285,29.4,5.881590214242724,3.8775510204081636,6,0.76,36.61,10,0,0
2023-10-09,SKU0012,3,Garden,298,0,30.714285714285715,29.466666666666665,6.095409993470962,10.113122171945703,6,0.76,36.61,10,0,0
2023-10-16,SKU0012,3,Garden,103,399,27.857142857142858,29.333333333333332,6.493144041235324,3.5113636363636367,6,0.76,36.61,10,0,0
2023-10-23,SKU0012,3,Garden,306,0,28.0,29.266666666666666,5.7231130504739856,10.455580865603645,6,0.76,36.61,10,0,0
2023-10-30,SKU0012,3,Garden,102,399,29.142857142857142,28.866666666666667,5.587753439956616,3.533487297921478,6,0.76,36.61,10,0,1
2023-11-06,SKU0012,3,Garden,0,399,14.571428571428571,24.933333333333334,10.982535770668928,0.0,6,0.76,36.61,11,0,0
2023-11-13,SKU0012,3,Garden,209,399,27.142857142857142,24.8,10.835446301455407,8.42741935483871,6,0.76,36.61,11,0,0
2023-11-20,SKU0012,3,Garden,425,0,26.142857142857142,24.3,10.632254115953325,17.48971193415638,6,0.76,36.61,11,0,0
2023-11-27,SKU0012,3,Garden,228,0,28.142857142857142,24.333333333333332,10.386773198220123,9.36986301369863,6,0.76,36.61,11,0,0
2023-12-04,SKU0012,3,Garden,88,399,20.0,23.666666666666668,9.560454949978801,3.7183098591549295,6,0.76,36.61,12,0,0
2023-12-11,SKU0012,3,Garden,396,0,13.0,22.233333333333334,8.564897621359357,17.811094452773613,6,0.76,36.61,12,0,0
2023-12-18,SKU0012,3,Garden,319,0,11.0,18.633333333333333,9.271697137854057,17.11985688729875,6,0.76,36.61,12,0,0
2023-01-30,SKU0012,4,Garden,152,0,5.714285714285714,5.366666666666666,2.092405534197477,28.32298136645963,6,0.76,36.61,1,0,0
2023-02-06,SKU0012,4,Garden,77,145,10.714285714285714,6.633333333333334,3.478835847029105,11.608040201005025,6,0.76,36.61,2,0,1
2023-02-13,SKU0012,4,Garden,0,145,11.0,8.066666666666666,3.7959445994770324,0.0,6,0.76,36.61,2,0,1
2023-02-20,SKU0012,4,Garden,70,145,10.714285714285714,9.4,4.3596899605045465,7.446808510638298,6,0.76,36.61,2,0,0
2023-02-27,SKU0012,4,Garden,142,0,10.428571428571429,10.166666666666666,4.676303678329073,13.967213114754099,6,0.76,36.61,2,0,0
2023-03-06,SKU0012,4,Garden,42,145,14.285714285714286,11.533333333333333,4.4777868096464415,3.6416184971098264,6,0.76,36.61,3,0,0
2023-03-13,SKU0012,4,Garden,98,0,12.714285714285714,11.833333333333334,4.698373404028051,8.28169014084507,6,0.76,36.61,3,0,0
2023-03-20,SKU0012,4,Garden,167,0,10.857142857142858,11.933333333333334,4.306637486111593,13.994413407821229,6,0.76,36.61,3,0,0
2023-03-27,SKU0012,4,Garden,101,0,9.428571428571429,11.6,4.26372024701757,8.706896551724139,6,0.76,36.61,3,0,0
2023-04-03,SKU0012,4,Garden,146,0,14.285714285714286,12.233333333333333,4.636313438374345,11.934604904632153,6,0.76,36.61,4,0,1
2023-04-10,SKU0012,4,Garden,0,145,20.857142857142858,13.633333333333333,7.346044365241195,0.0,6,0.76,36.61,4,0,1
2023-04-17,SKU0012,4,Garden,0,145,0.0,11.066666666666666,9.269651384038625,0.0,6,0.76,36.61,4,0,1
2023-04-24,SKU0012,4,Garden,0,145,20.714285714285715,13.666666666666666,11.213702619419758,0.0,6,0.76,36.61,4,0,1
2023-05-01,SKU0012,4,Garden,18,145,18.142857142857142,15.233333333333333,11.790362321750798,1.1816192560175056,6,0.76,36.61,5,0,1
2023-05-08,SKU0012,4,Garden,45,145,16.857142857142858,13.5,11.153320210777501,3.3333333333333335,6,0.76,36.61,5,0,1
2023-05-15,SKU0012,4,Garden,0,145,6.428571428571429,14.5,11.245688829119327,0.0,6,0.76,36.61,5,0,1
2023-05-22,SKU0012,4,Garden,0,145,20.714285714285715,15.733333333333333,10.631551394668193,0.0,6,0.76,36.61,5,0,1
2023-05-29,SKU0012,4,Garden,0,145,20.714285714285715,16.633333333333333,11.651500815962196,0.0,6,0.76,36.61,5,0,1
2023-06-05,SKU0012,4,Garden,56,145,12.714285714285714,15.733333333333333,12.795293675015241,3.5593220338983054,6,0.76,36.61,6,0,1
2023-06-12,SKU0012,4,Garden,87,0,16.285714285714285,16.433333333333334,12.439324001295061,5.294117647058823,6,0.76,36.61,6,0,1
2023-06-19,SKU0012,4,Garden,99,0,19.0,16.566666666666666,11.500174911213556,5.9758551307847085,6,0.76,36.61,6,0,1
2023-06-26,SKU0012,4,Garden,124,0,17.142857142857142,16.433333333333334,10.659893683022046,7.545638945233265,6,0.76,36.61,6,0,1
2023-07-03,SKU0012,4,Garden,0,145,17.714285714285715,18.066666666666666,10.054792418280579,0.0,6,0.76,36.61,7,0,1
2023-07-10,SKU0012,4,Garden,0,145,0.0,13.9,11.127319595451114,0.0,6,0.76,36.61,7,0,0
2023-07-17,SKU0012,4,Garden,12,145,19.0,14.1,10.70078952936297,0.851063829787234,6,0.76,36.61,7,0,1
2023-07-24,SKU0012,4,Garden,101,0,8.0,11.133333333333333,10.298085973259482,9.07185628742515,6,0.76,36.61,7,0,0
2023-07-31,SKU0012,4,Garden,148,0,14.0,9.8,8.331080155161404,15.102040816326529,6,0.76,36.61,7,0,0
2023-08-07,SKU0012,4,Garden,48,145,14.285714285714286,12.9,6.702289881463831,3.7209302325581395,6,0.76,36.61,8,0,0
2023-08-14,SKU0012,4,Garden,112,0,11.571428571428571,12.366666666666667,5.0615748764475565,9.056603773584905,6,0.76,36.61,8,0,0
2023-08-21,SKU0012,4,Garden,29,145,11.857142857142858,13.133333333333333,2.9211869733608924,2.208121827411168,6,0.76,36.61,8,0,1
2023-08-28,SKU0012,4,Garden,130,0,6.285714285714286,11.2,5.094960322677224,11.607142857142858,6,0.76,36.61,8,0,0
2023-09-04,SKU0012,4,Garden,36,145,13.428571428571429,11.133333333333333,5.289764568995706,3.2335329341317367,6,0.76,36.61,9,0,0
2023-09-11,SKU0012,4,Garden,89,0,13.142857142857142,11.366666666666667,5.346499553096811,7.82991202346041,6,0.76,36.61,9,0,0
2023-09-18,SKU0012,4,Garden,162,0,10.285714285714286,10.8,5.235159649115217,14.999999999999998,6,0.76,36.61,9,0,0
2023-09-25,SKU0012,4,Garden,86,0,10.857142857142858,11.633333333333333,3.800937573386551,7.392550143266476,6,0.76,36.61,9,0,0
2023-10-02,SKU0012,4,Garden,140,0,13.0,11.8,3.4581238684661377,11.864406779661016,6,0.76,36.61,10,0,0
2023-10-09,SKU0012,4,Garden,63,145,11.0,11.266666666666667,3.0392073981871377,5.59171597633136,6,0.76,36.61,10,0,0
2023-10-16,SKU0012,4,Garden,132,0,10.857142857142858,11.266666666666667,4.067815929559944,11.715976331360945,6,0.76,36.61,10,0,0
2023-10-23,SKU0012,4,Garden,47,145,12.142857142857142,11.633333333333333,4.311039024558278,4.040114613180516,6,0.76,36.61,10,0,0
2023-10-30,SKU0012,4,Garden,97,0,13.571428571428571,11.766666666666667,4.141325236279289,8.243626062322946,6,0.76,36.61,10,0,0
2023-11-06,SKU0012,4,Garden,12,145,12.142857142857142,12.033333333333333,3.846030944101793,0.997229916897507,6,0.76,36.61,11,0,1
2023-11-13,SKU0012,4,Garden,88,0,9.857142857142858,12.0,4.118921854245274,7.333333333333333,6,0.76,36.61,11,0,0
2023-11-20,SKU0012,4,Garden,159,0,10.571428571428571,11.333333333333334,3.386925503729911,14.029411764705882,6,0.76,36.61,11,0,0
2023-11-27,SKU0012,4,Garden,64,145,13.571428571428571,11.533333333333333,3.839300702609459,5.5491329479768785,6,0.76,36.61,11,0,0
2023-12-04,SKU0012,4,Garden,155,0,7.714285714285714,10.633333333333333,4.444937712090895,14.576802507836991,6,0.76,36.61,12,0,0
2023-12-11,SKU0012,4,Garden,135,0,2.857142857142857,8.833333333333334,5.126559196517907,15.283018867924527,6,0.76,36.61,12,0,0
2023-12-18,SKU0012,4,Garden,103,0,4.571428571428571,7.433333333333334,5.217234921860919,13.856502242152466,6,0.76,36.61,12,0,0
2023-01-30,SKU0013,1,Electronics,751,0,26.428571428571427,26.366666666666667,4.881233121006329,28.48293299620733,10,0.94,81.72,1,0,0
2023-02-06,SKU0013,1,Electronics,526,0,32.142857142857146,28.066666666666666,5.526945488855628,18.741092636579573,10,0.94,81.72,2,0,0
2023-02-13,SKU0013,1,Electronics,278,545,35.42857142857143,30.366666666666667,7.1220073368220485,9.154774972557629,10,0.94,81.72,2,0,0
2023-02-20,SKU0013,1,Electronics,577,0,35.142857142857146,31.8,7.4389469035934574,18.144654088050313,10,0.94,81.72,2,0,0
2023-02-27,SKU0013,1,Electronics,367,545,30.0,32.53333333333333,7.2527442289504895,11.280737704918034,10,0.94,81.72,2,0,0
2023-03-06,SKU0013,1,Electronics,695,0,31.0,32.6,6.409045332104106,21.319018404907975,10,0.94,81.72,3,0,0
2023-03-13,SKU0013,1,Electronics,467,0,32.57142857142857,32.4,5.062369623693677,14.41358024691358,10,0.94,81.72,3,0,0
2023-03-20,SKU0013,1,Electronics,232,545,33.57142857142857,31.833333333333332,4.906598887587825,7.287958115183247,10,0.94,81.72,3,0,0
2023-03-27,SKU0013,1,Electronics,534,0,34.714285714285715,32.666666666666664,4.581321397492905,16.346938775510207,10,0.94,81.72,3,0,0
2023-04-03,SKU0013,1,Electronics,312,545,31.714285714285715,32.833333333333336,4.307838351698879,9.50253807106599,10,0.94,81.72,4,0,0
2023-04-10,SKU0013,1,Electronics,620,0,33.857142857142854,33.7,3.992665689779787,18.397626112759642,10,0.94,81.72,4,0,0
2023-04-17,SKU0013,1,Electronics,383,545,33.857142857142854,33.13333333333333,5.1107279549869356,11.559356136820925,10,0.94,81.72,4,0,0
2023-04-24,SKU0013,1,Electronics,695,0,33.285714285714285,33.233333333333334,5.276384167690726,20.91273821464393,10,0.94,81.72,4,0,0
2023-05-01,SKU0013,1,Electronics,476,0,31.285714285714285,32.96666666666667,5.35294526298426,14.438827098078868,10,0.94,81.72,5,0,0
2023-05-08,SKU0013,1,Electronics,265,545,30.142857142857142,32.13333333333333,5.283241777371239,8.24688796680498,10,0.94,81.72,5,0,0
2023-05-15,SKU0013,1,Electronics,579,0,33.0,31.966666666666665,4.737839849212033,18.1126173096976,10,0.94,81.72,5,0,0
2023-05-22,SKU0013,1,Electronics,391,545,26.857142857142858,30.533333333333335,4.918181142162851,12.805676855895197,10,0.94,81.72,5,0,0
2023-05-29,SKU0013,1,Electronics,710,0,32.285714285714285,30.766666666666666,5.282915426381413,23.076923076923077,10,0.94,81.72,5,0,0
2023-06-05,SKU0013,1,Electronics,499,0,30.142857142857142,30.733333333333334,5.783050938814165,16.23644251626898,10,0.94,81.72,6,0,0
2023-06-12,SKU0013,1,Electronics,283,545,30.857142857142858,30.366666666666667,6.3053525884257775,9.319429198682766,10,0.94,81.72,6,0,0
2023-06-19,SKU0013,1,Electronics,605,0,31.857142857142858,30.833333333333332,6.792913819629938,19.62162162162162,10,0.94,81.72,6,0,0
2023-06-26,SKU0013,1,Electronics,392,545,30.428571428571427,30.533333333333335,6.537601233255002,12.838427947598253,10,0.94,81.72,6,0,0
2023-07-03,SKU0013,1,Electronics,705,0,33.142857142857146,31.466666666666665,6.811417055125202,22.404661016949152,10,0.94,81.72,7,0,0
2023-07-10,SKU0013,1,Electronics,503,0,28.857142857142858,30.9,6.819596509451568,16.27831715210356,10,0.94,81.72,7,0,0
2023-07-17,SKU0013,1,Electronics,260,545,34.714285714285715,31.4,6.206781608131091,8.280254777070065,10,0.94,81.72,7,0,0
2023-07-24,SKU0013,1,Electronics,556,0,35.57142857142857,32.733333333333334,6.872901978727424,16.985743380855396,10,0.94,81.72,7,0,0
2023-07-31,SKU0013,1,Electronics,341,545,30.714285714285715,32.56666666666667,6.568909705015256,10.470829068577276,10,0.94,81.72,7,0,0
2023-08-07,SKU0013,1,Electronics,641,0,35.0,33.6,6.620761493863123,19.077380952380953,10,0.94,81.72,8,0,0
2023-08-14,SKU0013,1,Electronics,435,545,29.428571428571427,32.96666666666667,6.76952264060097,13.19514661274014,10,0.94,81.72,8,0,0
2023-08-21,SKU0013,1,Electronics,219,545,30.857142857142858,31.633333333333333,6.348952307451899,6.923076923076923,10,0.94,81.72,8,0,0
2023-08-28,SKU0013,1,Electronics,535,0,32.714285714285715,31.8,6.38100629832868,16.82389937106918,10,0.94,81.72,8,0,0
2023-09-04,SKU0013,1,Electronics,299,545,33.714285714285715,32.233333333333334,6.333726545567225,9.276111685625645,10,0.94,81.72,9,0,0
2023-09-11,SKU0013,1,Electronics,627,0,31.0,31.566666666666666,6.688556018244548,19.86272439281943,10,0.94,81.72,9,0,0
2023-09-18,SKU0013,1,Electronics,390,545,33.857142857142854,32.166666666666664,6.097389680801136,12.124352331606218,10,0.94,81.72,9,0,0
2023-09-25,SKU0013,1,Electronics,131,545,37.0,34.03333333333333,6.488628425990707,3.8491674828599414,10,0.94,81.72,9,0,0
2023-10-02,SKU0013,1,Electronics,468,545,29.714285714285715,32.93333333333333,7.390270086676327,14.210526315789474,10,0.94,81.72,10,0,0
2023-10-09,SKU0013,1,Electronics,269,545,28.428571428571427,32.1,6.629869713183891,8.380062305295949,10,0.94,81.72,10,0,0
2023-10-16,SKU0013,1,Electronics,573,0,34.42857142857143,32.666666666666664,6.879922480183428,17.540816326530614,10,0.94,81.72,10,0,0
2023-10-23,SKU0013,1,Electronics,346,545,32.42857142857143,31.9,6.5513883761514515,10.84639498432602,10,0.94,81.72,10,0,0
2023-10-30,SKU0013,1,Electronics,636,0,36.42857142857143,32.233333333333334,5.882078763049044,19.731127197518095,10,0.94,81.72,10,0,0
2023-11-06,SKU0013,1,Electronics,217,545,59.857142857142854,40.2,13.233708266497283,5.398009950248756,10,0.94,81.72,11,0,1
2023-11-13,SKU0013,1,Electronics,416,545,49.42857142857143,43.53333333333333,17.567079975071966,9.555895865237366,10,0.94,81.72,11,0,0
2023-11-20,SKU0013,1,Electronics,43,545,53.285714285714285,49.0,16.23533821318642,0.8775510204081632,10,0.94,81.72,11,0,1
2023-11-27,SKU0013,1,Electronics,176,545,58.857142857142854,54.1,15.709320756184502,3.253234750462107,10,0.94,81.72,11,0,1
2023-12-04,SKU0013,1,Electronics,347,545,53.42857142857143,54.3,18.078659547501918,6.390423572744015,10,0.94,81.72,12,0,1
2023-12-11,SKU0013,1,Electronics,0,545,49.57142857142857,54.5,17.57888623830616,0.0,10,0.94,81.72,12,0,0
2023-12-18,SKU0013,1,Electronics,83,545,66.0,57.06666666666667,18.43522365647803,1.4544392523364484,10,0.94,81.72,12,0,1
2023-01-30,SKU0013,2,Electronics,104,0,4.142857142857143,3.566666666666667,1.9419743478779765,29.158878504672895,10,0.94,81.72,1,0,0
2023-02-06,SKU0013,2,Electronics,75,0,4.142857142857143,3.566666666666667,2.1605129233480698,21.02803738317757,10,0.94,81.72,2,0,0
2023-02-13,SKU0013,2,Electronics,48,115,3.857142857142857,3.8666666666666667,2.3741907272153604,12.413793103448276,10,0.94,81.72,2,0,0
2023-02-20,SKU0013,2,Electronics,131,0,4.571428571428571,4.166666666666667,2.4223575483305564,31.439999999999998,10,0.94,81.72,2,0,0
2023-02-27,SKU0013,2,Electronics,94,0,5.285714285714286,4.4,2.328237456784083,21.363636363636363,10,0.94,81.72,2,0,0
2023-03-06,SKU0013,2,Electronics,61,0,4.714285714285714,4.566666666666666,2.2542424881547904,13.357664233576642,10,0.94,81.72,3,0,0
2023-03-13,SKU0013,2,Electronics,31,115,4.285714285714286,4.5,2.330457998496995,6.888888888888889,10,0.94,81.72,3,0,0
2023-03-20,SKU0013,2,Electronics,118,0,4.0,4.466666666666667,2.542512107363887,26.417910447761194,10,0.94,81.72,3,0,0
2023-03-27,SKU0013,2,Electronics,88,0,4.285714285714286,4.433333333333334,2.4166567578076683,19.849624060150376,10,0.94,81.72,3,0,0
2023-04-03,SKU0013,2,Electronics,63,115,3.5714285714285716,4.133333333333334,2.6226248148639617,15.241935483870966,10,0.94,81.72,4,0,0
2023-04-10,SKU0013,2,Electronics,29,115,4.857142857142857,4.266666666666667,2.6120850877693713,6.796875,10,0.94,81.72,4,0,0
2023-04-17,SKU0013,2,Electronics,107,0,5.285714285714286,4.433333333333334,2.4023455970813385,24.13533834586466,10,0.94,81.72,4,0,0
2023-04-24,SKU0013,2,Electronics,76,0,4.428571428571429,4.5,2.622843942141352,16.88888888888889,10,0.94,81.72,4,0,0
2023-05-01,SKU0013,2,Electronics,40,115,5.142857142857143,4.933333333333334,2.517981311498851,8.108108108108107,10,0.94,81.72,5,0,0
2023-05-08,SKU0013,2,Electronics,123,0,4.571428571428571,4.833333333333333,2.229633236166005,25.448275862068968,10,0.94,81.72,5,0,0
2023-05-15,SKU0013,2,Electronics,97,0,3.7142857142857144,4.466666666666667,2.17720689991959,21.71641791044776,10,0.94,81.72,5,0,0
2023-05-22,SKU0013,2,Electronics,68,0,4.142857142857143,4.533333333333333,2.192987779787852,15.0,10,0.94,81.72,5,0,0
2023-05-29,SKU0013,2,Electronics,36,115,4.571428571428571,4.3,2.1679483388678804,8.372093023255815,10,0.94,81.72,5,0,0
2023-06-05,SKU0013,2,Electronics,115,0,5.142857142857143,4.4,2.0611346055192437,26.136363636363633,10,0.94,81.72,6,0,0
2023-06-12,SKU0013,2,Electronics,82,0,4.714285714285714,4.6,1.958183535478912,17.826086956521742,10,0.94,81.72,6,0,0
2023-06-19,SKU0013,2,Electronics,48,115,4.857142857142857,4.766666666666667,1.9771685315872427,10.06993006993007,10,0.94,81.72,6,0,0
2023-06-26,SKU0013,2,Electronics,133,0,4.285714285714286,4.7,2.215151586624297,28.29787234042553,10,0.94,81.72,6,0,0
2023-07-03,SKU0013,2,Electronics,99,0,4.857142857142857,4.7,2.1679483388678804,21.06382978723404,10,0.94,81.72,7,0,0
2023-07-10,SKU0013,2,Electronics,66,0,4.714285714285714,4.633333333333334,2.059181848467365,14.244604316546761,10,0.94,81.72,7,0,0
2023-07-17,SKU0013,2,Electronics,34,115,4.571428571428571,4.666666666666667,1.844532149509657,7.285714285714286,10,0.94,81.72,7,0,0
2023-07-24,SKU0013,2,Electronics,118,0,4.428571428571429,4.633333333333334,1.9025089303036296,25.467625899280574,10,0.94,81.72,7,0,0
2023-07-31,SKU0013,2,Electronics,89,0,4.142857142857143,4.566666666666666,1.755451279700551,19.489051094890513,10,0.94,81.72,7,0,0
2023-08-07,SKU0013,2,Electronics,65,0,3.4285714285714284,4.133333333333334,1.7952683659406266,15.725806451612902,10,0.94,81.72,8,0,0
2023-08-14,SKU0013,2,Electronics,33,115,4.571428571428571,4.166666666666667,1.9490640252984621,7.919999999999999,10,0.94,81.72,8,0,0
2023-08-21,SKU0013,2,Electronics,123,0,3.5714285714285716,4.0,1.8003831009940152,30.75,10,0.94,81.72,8,0,0
2023-08-28,SKU0013,2,Electronics,90,0,4.714285714285714,4.133333333333334,1.8143742786394723,21.774193548387096,10,0.94,81.72,8,0,0
2023-09-04,SKU0013,2,Electronics,63,0,3.857142857142857,4.166666666666667,2.102270256148114,15.12,10,0.94,81.72,9,0,0
2023-09-11,SKU0013,2,Electronics,26,115,5.285714285714286,4.4,2.3576727274274463,5.909090909090908,10,0.94,81.72,9,0,0
2023-09-18,SKU0013,2,Electronics,114,0,3.857142857142857,4.333333333333333,2.4400866764329803,26.30769230769231,10,0.94,81.72,9,0,0
2023-09-25,SKU0013,2,Electronics,81,0,4.714285714285714,4.366666666666666,2.52550211236107,18.549618320610687,10,0.94,81.72,9,0,0
2023-10-02,SKU0013,2,Electronics,47,115,4.857142857142857,4.666666666666667,2.279342514597263,10.071428571428571,10,0.94,81.72,10,0,0
2023-10-09,SKU0013,2,Electronics,15,115,4.571428571428571,4.533333333333333,2.2086559079087507,3.308823529411765,10,0.94,81.72,10,0,0
2023-10-16,SKU0013,2,Electronics,104,0,3.7142857142857144,4.333333333333333,2.248882225544017,24.0,10,0.94,81.72,10,0,0
2023-10-23,SKU0013,2,Electronics,65,0,5.571428571428571,4.866666666666666,2.344962808812251,13.356164383561644,10,0.94,81.72,10,0,0
2023-10-30,SKU0013,2,Electronics,41,115,3.4285714285714284,4.466666666666667,2.255007199825394,9.17910447761194,10,0.94,81.72,10,0,0
2023-11-06,SKU0013,2,Electronics,106,0,7.142857142857143,4.833333333333333,2.5200346649686542,21.931034482758623,10,0.94,81.72,11,0,0
2023-11-13,SKU0013,2,Electronics,63,0,6.142857142857143,5.466666666666667,2.177206899919591,11.524390243902438,10,0.94,81.72,11,0,0
2023-11-20,SKU0013,2,Electronics,1,115,8.857142857142858,6.2,2.7593102586422362,0.16129032258064516,10,0.94,81.72,11,0,1
2023-11-27,SKU0013,2,Electronics,73,0,6.142857142857143,6.8,2.91724953125135,10.73529411764706,10,0.94,81.72,11,0,0
2023-12-04,SKU0013,2,Electronics,8,115,9.285714285714286,7.466666666666667,3.19194388220195,1.0714285714285714,10,0.94,81.72,12,0,1
2023-12-11,SKU0013,2,Electronics,94,0,4.142857142857143,7.033333333333333,4.164574187227256,13.364928909952607,10,0.94,81.72,12,0,0
2023-12-18,SKU0013,2,Electronics,38,115,8.0,6.933333333333334,4.01663208837122,5.480769230769231,10,0.94,81.72,12,0,1
2023-01-30,SKU0013,3,Electronics,576,0,24.857142857142858,25.166666666666668,4.526423063206359,22.887417218543046,10,0.94,81.72,1,0,0
2023-02-06,SKU0013,3,Electronics,313,645,37.57142857142857,28.266666666666666,6.997207981776011,11.07311320754717,10,0.94,81.72,2,0,0
2023-02-13,SKU0013,3,Electronics,718,0,34.285714285714285,30.133333333333333,7.600967875453639,23.827433628318584,10,0.94,81.72,2,0,0
2023-02-20,SKU0013,3,Electronics,508,645,30.0,31.233333333333334,8.011557743114908,16.264674493062966,10,0.94,81.72,2,0,0
2023-02-27,SKU0013,3,Electronics,266,645,34.57142857142857,33.4,7.59128356780964,7.9640718562874255,10,0.94,81.72,2,0,0
2023-03-06,SKU0013,3,Electronics,664,0,35.285714285714285,33.96666666666667,6.970298234025892,19.548577036310107,10,0.94,81.72,3,0,0
2023-03-13,SKU0013,3,Electronics,448,645,30.857142857142858,33.166666666666664,7.090952629612074,13.507537688442213,10,0.94,81.72,3,0,0
2023-03-20,SKU0013,3,Electronics,861,0,33.142857142857146,33.1,5.9674403916240575,26.012084592145015,10,0.94,81.72,3,0,0
2023-03-27,SKU0013,3,Electronics,634,0,32.42857142857143,32.833333333333336,5.577561779335027,19.30964467005076,10,0.94,81.72,3,0,0
2023-04-03,SKU0013,3,Electronics,415,645,31.285714285714285,32.266666666666666,5.794964123737296,12.861570247933885,10,0.94,81.72,4,0,0
2023-04-10,SKU0013,3,Electronics,838,0,31.714285714285715,31.9,6.359082562326333,26.26959247648903,10,0.94,81.72,4,0,0
2023-04-17,SKU0013,3,Electronics,615,0,31.857142857142858,31.833333333333332,5.465145569145815,19.319371727748692,10,0.94,81.72,4,0,0
2023-04-24,SKU0013,3,Electronics,399,645,30.857142857142858,31.366666666666667,6.222779805339993,12.720510095642933,10,0.94,81.72,4,0,0
2023-05-01,SKU0013,3,Electronics,826,0,31.142857142857142,31.066666666666666,6.02828581647035,26.587982832618025,10,0.94,81.72,5,0,0
2023-05-08,SKU0013,3,Electronics,609,0,31.0,31.3,5.311990340664266,19.456869009584665,10,0.94,81.72,5,0,0
2023-05-15,SKU0013,3,Electronics,381,645,32.57142857142857,31.466666666666665,5.986959007786813,12.108050847457628,10,0.94,81.72,5,0,0
2023-05-22,SKU0013,3,Electronics,132,645,35.57142857142857,32.2,5.915496889380972,4.099378881987577,10,0.94,81.72,5,0,1
2023-05-29,SKU0013,3,Electronics,576,0,28.714285714285715,31.766666666666666,7.811059062519054,18.13221406086044,10,0.94,81.72,5,0,0
2023-06-05,SKU0013,3,Electronics,348,645,32.57142857142857,32.3,7.4424226682185886,10.773993808049537,10,0.94,81.72,6,0,0
2023-06-12,SKU0013,3,Electronics,776,0,31.0,32.0,7.570359623398767,24.25,10,0.94,81.72,6,0,0
2023-06-19,SKU0013,3,Electronics,554,0,31.714285714285715,31.3,7.502413404801941,17.69968051118211,10,0.94,81.72,6,0,0
2023-06-26,SKU0013,3,Electronics,343,645,30.142857142857142,31.566666666666666,5.468930005247732,10.865892291446674,10,0.94,81.72,6,0,0
2023-07-03,SKU0013,3,Electronics,746,0,34.57142857142857,32.13333333333333,5.709842278957869,23.21576763485477,10,0.94,81.72,7,0,0
2023-07-10,SKU0013,3,Electronics,535,0,30.142857142857142,31.6,5.928307312058562,16.930379746835442,10,0.94,81.72,7,0,0
2023-07-17,SKU0013,3,Electronics,295,645,34.285714285714285,31.966666666666665,6.467336142617707,9.228362877997915,10,0.94,81.72,7,0,0
2023-07-24,SKU0013,3,Electronics,698,0,34.57142857142857,33.03333333333333,6.661693547405214,21.130171543895056,10,0.94,81.72,7,0,0
2023-07-31,SKU0013,3,Electronics,474,645,32.0,32.7,6.33082224871522,14.495412844036696,10,0.94,81.72,7,0,0
2023-08-07,SKU0013,3,Electronics,244,645,32.857142857142854,32.96666666666667,5.962430268996335,7.401415571284125,10,0.94,81.72,8,0,0
2023-08-14,SKU0013,3,Electronics,659,0,32.857142857142854,32.6,5.385805097821884,20.214723926380366,10,0.94,81.72,8,0,0
2023-08-21,SKU0013,3,Electronics,436,645,31.857142857142858,33.06666666666667,4.940566303805555,13.18548387096774,10,0.94,81.72,8,0,0
2023-08-28,SKU0013,3,Electronics,858,0,31.857142857142858,32.4,4.702163845251065,26.48148148148148,10,0.94,81.72,8,0,0
2023-09-04,SKU0013,3,Electronics,617,0,34.42857142857143,32.733333333333334,5.07823844921903,18.849287169042768,10,0.94,81.72,9,0,0
2023-09-11,SKU0013,3,Electronics,406,645,30.142857142857142,31.7,5.577973924593802,12.807570977917981,10,0.94,81.72,9,0,0
2023-09-18,SKU0013,3,Electronics,826,0,32.142857142857146,32.03333333333333,5.968210806421397,25.78563995837669,10,0.94,81.72,9,0,0
2023-09-25,SKU0013,3,Electronics,585,0,34.42857142857143,32.8,6.104831325863266,17.835365853658537,10,0.94,81.72,9,0,0
2023-10-02,SKU0013,3,Electronics,365,645,31.428571428571427,32.3,5.9835982715972955,11.30030959752322,10,0.94,81.72,10,0,0
2023-10-09,SKU0013,3,Electronics,784,0,32.285714285714285,32.233333333333334,5.917148272450252,24.322647362978284,10,0.94,81.72,10,0,0
2023-10-16,SKU0013,3,Electronics,531,0,36.142857142857146,33.96666666666667,5.8515151785719155,15.632973503434739,10,0.94,81.72,10,0,0
2023-10-23,SKU0013,3,Electronics,309,645,31.714285714285715,32.96666666666667,5.9797551174247845,9.373104145601618,10,0.94,81.72,10,0,0
2023-10-30,SKU0013,3,Electronics,726,0,32.57142857142857,32.96666666666667,4.999885056150062,22.022244691607682,10,0.94,81.72,10,0,0
2023-11-06,SKU0013,3,Electronics,387,645,48.42857142857143,36.733333333333334,8.468738998805252,10.535390199637023,10,0.94,81.72,11,0,1
2023-11-13,SKU0013,3,Electronics,0,645,55.285714285714285,41.43333333333333,13.657594409612223,0.0,10,0.94,81.72,11,0,1
2023-11-20,SKU0013,3,Electronics,530,0,16.428571428571427,37.766666666666666,21.586527301063043,14.033539276257724,10,0.94,81.72,11,0,0
2023-11-27,SKU0013,3,Electronics,122,645,58.285714285714285,43.7,23.31219896727151,2.791762013729977,10,0.94,81.72,11,0,1
2023-12-04,SKU0013,3,Electronics,312,645,65.0,48.53333333333333,24.83842036919379,6.428571428571429,10,0.94,81.72,12,0,1
2023-12-11,SKU0013,3,Electronics,557,0,57.142857142857146,48.733333333333334,28.152213526413533,11.42954856361149,10,0.94,81.72,12,0,0
2023-12-18,SKU0013,3,Electronics,90,645,66.71428571428571,61.5,16.258154452670688,1.4634146341463414,10,0.94,81.72,12,0,1
2023-01-30,SKU0013,4,Electronics,504,0,21.428571428571427,21.2,4.254004198885789,23.77358490566038,10,0.94,81.72,1,0,0
2023-02-06,SKU0013,4,Electronics,323,502,25.857142857142858,22.3,5.730438991428382,14.484304932735425,10,0.94,81.72,2,0,0
2023-02-13,SKU0013,4,Electronics,635,0,27.142857142857142,23.466666666666665,6.095409993470967,27.059659090909093,10,0.94,81.72,2,0,0
2023-02-20,SKU0013,4,Electronics,448,0,26.714285714285715,24.666666666666668,6.019126602545527,18.16216216216216,10,0.94,81.72,2,0,0
2023-02-27,SKU0013,4,Electronics,279,502,24.142857142857142,25.433333333333334,5.642714761979154,10.969855832241153,10,0.94,81.72,2,0,0
2023-03-06,SKU0013,4,Electronics,584,0,28.142857142857142,26.333333333333332,4.801819578489782,22.17721518987342,10,0.94,81.72,3,0,0
2023-03-13,SKU0013,4,Electronics,417,0,23.857142857142858,25.7,5.382923189955948,16.22568093385214,10,0.94,81.72,3,0,0
2023-03-20,SKU0013,4,Electronics,249,502,24.0,24.933333333333334,5.6074662870961225,9.98663101604278,10,0.94,81.72,3,0,0
2023-03-27,SKU0013,4,Electronics,580,0,24.428571428571427,24.833333333333332,5.608388626736363,23.355704697986578,10,0.94,81.72,3,0,0
2023-04-03,SKU0013,4,Electronics,390,0,27.142857142857142,25.066666666666666,5.698961389546366,15.558510638297873,10,0.94,81.72,4,0,0
2023-04-10,SKU0013,4,Electronics,207,502,26.142857142857142,25.0,5.8368626433420046,8.28,10,0.94,81.72,4,0,0
2023-04-17,SKU0013,4,Electronics,530,0,25.571428571428573,25.533333333333335,5.799722545880571,20.757180156657963,10,0.94,81.72,4,0,0
2023-04-24,SKU0013,4,Electronics,348,502,26.0,25.866666666666667,6.1908349018213364,13.45360824742268,10,0.94,81.72,4,0,0
2023-05-01,SKU0013,4,Electronics,171,502,25.285714285714285,25.533333333333335,6.151721560743753,6.697127937336814,10,0.94,81.72,5,0,0
2023-05-08,SKU0013,4,Electronics,500,0,24.714285714285715,25.333333333333332,5.616068899600278,19.736842105263158,10,0.94,81.72,5,0,0
2023-05-15,SKU0013,4,Electronics,332,502,24.0,24.933333333333334,5.016753541081528,13.315508021390373,10,0.94,81.72,5,0,0
2023-05-22,SKU0013,4,Electronics,651,0,26.142857142857142,25.2,4.3103724137048305,25.833333333333336,10,0.94,81.72,5,0,0
2023-05-29,SKU0013,4,Electronics,462,0,27.0,25.566666666666666,4.673353173585054,18.07040417209909,10,0.94,81.72,5,0,0
2023-06-05,SKU0013,4,Electronics,278,502,26.285714285714285,25.766666666666666,4.583955025756792,10.789133247089262,10,0.94,81.72,6,0,0
2023-06-12,SKU0013,4,Electronics,612,0,24.0,25.966666666666665,4.979151938130482,23.56867779204108,10,0.94,81.72,6,0,0
2023-06-19,SKU0013,4,Electronics,404,0,29.714285714285715,26.8,5.839225267459543,15.074626865671641,10,0.94,81.72,6,0,0
2023-06-26,SKU0013,4,Electronics,237,502,23.857142857142858,26.066666666666666,5.464199050580776,9.092071611253196,10,0.94,81.72,6,0,0
2023-07-03,SKU0013,4,Electronics,560,0,25.571428571428573,25.433333333333334,5.4940929616511225,22.01834862385321,10,0.94,81.72,7,0,0
2023-07-10,SKU0013,4,Electronics,365,502,27.857142857142858,26.266666666666666,5.976582654819148,13.895939086294417,10,0.94,81.72,7,0,0
2023-07-17,SKU0013,4,Electronics,200,502,23.571428571428573,25.366666666666667,5.149377822030836,7.884362680683311,10,0.94,81.72,7,0,0
2023-07-24,SKU0013,4,Electronics,548,0,22.0,24.6,5.229887583680082,22.27642276422764,10,0.94,81.72,7,0,0
2023-07-31,SKU0013,4,Electronics,383,502,23.571428571428573,24.4,5.58693056189607,15.696721311475411,10,0.94,81.72,7,0,0
2023-08-07,SKU0013,4,Electronics,219,502,23.428571428571427,23.3,4.308371962298209,9.399141630901287,10,0.94,81.72,8,0,0
2023-08-14,SKU0013,4,Electronics,550,0,24.428571428571427,23.666666666666668,5.261003793910465,23.239436619718308,10,0.94,81.72,8,0,0
2023-08-21,SKU0013,4,Electronics,397,0,21.857142857142858,23.1,5.201790142792696,17.186147186147185,10,0.94,81.72,8,0,0
2023-08-28,SKU0013,4,Electronics,253,502,20.571428571428573,22.466666666666665,5.0016089365346295,11.26112759643917,10,0.94,81.72,8,0,0
2023-09-04,SKU0013,4,Electronics,565,0,27.142857142857142,23.666666666666668,5.955775715036301,23.873239436619716,10,0.94,81.72,9,0,0
2023-09-11,SKU0013,4,Electronics,356,502,29.857142857142858,24.5,6.745368781616026,14.53061224489796,10,0.94,81.72,9,0,0
2023-09-18,SKU0013,4,Electronics,163,502,27.571428571428573,26.066666666666666,6.596411424264027,6.253196930946292,10,0.94,81.72,9,0,0
2023-09-25,SKU0013,4,Electronics,507,0,22.571428571428573,26.3,6.42275051188594,19.277566539923953,10,0.94,81.72,9,0,0
2023-10-02,SKU0013,4,Electronics,342,502,23.571428571428573,25.633333333333333,5.9450549333811535,13.342002600780233,10,0.94,81.72,10,0,0
2023-10-09,SKU0013,4,Electronics,672,0,24.571428571428573,24.9,4.221047426801837,26.987951807228917,10,0.94,81.72,10,0,0
2023-10-16,SKU0013,4,Electronics,486,0,26.571428571428573,24.7,4.316368205188093,19.67611336032389,10,0.94,81.72,10,0,0
2023-10-23,SKU0013,4,Electronics,299,502,26.714285714285715,25.0,4.410019938965019,11.96,10,0.94,81.72,10,0,0
2023-10-30,SKU0013,4,Electronics,623,0,25.428571428571427,25.466666666666665,4.62178748323957,24.463350785340317,10,0.94,81.72,10,0,0
2023-11-06,SKU0013,4,Electronics,328,502,42.142857142857146,29.633333333333333,9.091425795138289,11.068616422947132,10,0.94,81.72,11,0,1
2023-11-13,SKU0013,4,Electronics,0,502,46.857142857142854,34.666666666666664,11.677663126326008,0.0,10,0.94,81.72,11,0,0
2023-11-20,SKU0013,4,Electronics,193,502,44.142857142857146,38.86666666666667,11.251768698767977,4.965694682675815,10,0.94,81.72,11,0,0
2023-11-27,SKU0013,4,Electronics,381,0,44.857142857142854,43.266666666666666,9.142297807192804,8.805855161787365,10,0.94,81.72,11,0,0
2023-12-04,SKU0013,4,Electronics,43,502,48.285714285714285,45.4,8.019803076092977,0.947136563876652,10,0.94,81.72,12,0,1
2023-12-11,SKU0013,4,Electronics,236,502,44.142857142857146,45.5,11.675940484898703,5.186813186813187,10,0.94,81.72,12,0,1
2023-12-18,SKU0013,4,Electronics,458,0,40.0,44.06666666666667,16.09011976409711,10.393343419062026,10,0.94,81.72,12,0,0
2023-01-30,SKU0014,1,Electronics,50,102,7.285714285714286,8.066666666666666,2.911728167178425,6.198347107438017,5,0.94,58.57,1,0,0
2023-02-06,SKU0014,1,Electronics,80,0,10.285714285714286,8.7,2.7934652809480323,9.195402298850576,5,0.94,58.57,2,0,0
2023-02-13,SKU0014,1,Electronics,109,0,10.428571428571429,9.033333333333333,2.8343135559308417,12.066420664206642,5,0.94,58.57,2,0,0
2023-02-20,SKU0014,1,Electronics,50,102,8.428571428571429,9.1,3.032581692904237,5.4945054945054945,5,0.94,58.57,2,0,0
2023-02-27,SKU0014,1,Electronics,81,0,10.142857142857142,9.766666666666667,2.8367457476449327,8.293515358361773,5,0.94,58.57,2,0,0
2023-03-06,SKU0014,1,Electronics,124,0,8.428571428571429,9.6,3.3072543044771683,12.916666666666668,5,0.94,58.57,3,0,0
2023-03-13,SKU0014,1,Electronics,39,102,12.142857142857142,9.766666666666667,3.2872096261779205,3.9931740614334466,5,0.94,58.57,3,0,1
2023-03-20,SKU0014,1,Electronics,0,102,5.571428571428571,8.966666666666667,3.9521564025080105,0.0,5,0.94,58.57,3,0,1
2023-03-27,SKU0014,1,Electronics,48,102,7.714285714285714,8.7,4.251977227693909,5.517241379310345,5,0.94,58.57,3,0,0
2023-04-03,SKU0014,1,Electronics,92,0,8.285714285714286,8.2,4.003446790816202,11.219512195121952,5,0.94,58.57,4,0,0
2023-04-10,SKU0014,1,Electronics,28,102,9.142857142857142,8.033333333333333,3.7827497144668247,3.4854771784232366,5,0.94,58.57,4,0,0
2023-04-17,SKU0014,1,Electronics,57,0,10.428571428571429,8.533333333333333,3.928089237462824,6.6796875,5,0.94,58.57,4,0,0
2023-04-24,SKU0014,1,Electronics,94,0,9.285714285714286,9.566666666666666,3.1478874507038648,9.825783972125436,5,0.94,58.57,4,0,0
2023-05-01,SKU0014,1,Electronics,29,102,9.285714285714286,9.5,2.763680704148507,3.0526315789473686,5,0.94,58.57,5,0,0
2023-05-08,SKU0014,1,Electronics,65,0,9.428571428571429,9.366666666666667,3.04544128882469,6.93950177935943,5,0.94,58.57,5,0,0
2023-05-15,SKU0014,1,Electronics,98,0,9.857142857142858,9.833333333333334,2.901644401005247,9.966101694915254,5,0.94,58.57,5,0,0
2023-05-22,SKU0014,1,Electronics,23,102,10.714285714285714,9.966666666666667,2.6193357059052067,2.3076923076923075,5,0.94,58.57,5,0,0
2023-05-29,SKU0014,1,Electronics,41,102,12.0,10.433333333333334,3.013570837959903,3.9297124600638975,5,0.94,58.57,5,0,0
2023-06-05,SKU0014,1,Electronics,90,0,7.571428571428571,9.9,2.9402087657523457,9.09090909090909,5,0.94,58.57,6,0,0
2023-06-12,SKU0014,1,Electronics,123,0,9.857142857142858,10.0,3.2377088536015237,12.3,5,0.94,58.57,6,0,0
2023-06-19,SKU0014,1,Electronics,57,0,9.428571428571429,9.633333333333333,3.438958676926668,5.916955017301039,5,0.94,58.57,6,0,0
2023-06-26,SKU0014,1,Electronics,105,0,7.714285714285714,8.833333333333334,3.333045964624378,11.886792452830187,5,0.94,58.57,6,0,0
2023-07-03,SKU0014,1,Electronics,29,102,10.857142857142858,9.3,3.4556300887602016,3.118279569892473,5,0.94,58.57,7,0,0
2023-07-10,SKU0014,1,Electronics,64,0,9.571428571428571,9.333333333333334,3.3044727612563354,6.857142857142857,5,0.94,58.57,7,0,0
2023-07-17,SKU0014,1,Electronics,83,0,11.857142857142858,9.8,3.407901568920132,8.46938775510204,5,0.94,58.57,7,0,1
2023-07-24,SKU0014,1,Electronics,0,102,11.857142857142858,10.733333333333333,3.300296050809465,0.0,5,0.94,58.57,7,0,1
2023-07-31,SKU0014,1,Electronics,0,102,0.0,8.366666666666667,5.49911173600405,0.0,5,0.94,58.57,7,0,1
2023-08-07,SKU0014,1,Electronics,51,102,7.285714285714286,7.933333333333334,6.073874712486956,6.428571428571428,5,0.94,58.57,8,0,1
2023-08-14,SKU0014,1,Electronics,0,102,7.285714285714286,6.866666666666666,5.57539751688293,0.0,5,0.94,58.57,8,0,1
2023-08-21,SKU0014,1,Electronics,81,0,3.0,5.033333333333333,5.6231254858739375,16.09271523178808,5,0.94,58.57,8,0,0
2023-08-28,SKU0014,1,Electronics,7,102,10.571428571428571,6.566666666666666,5.456305010519121,1.0659898477157361,5,0.94,58.57,8,0,1
2023-09-04,SKU0014,1,Electronics,0,102,1.0,5.566666666666666,5.144017840193582,0.0,5,0.94,58.57,9,0,1
2023-09-11,SKU0014,1,Electronics,56,0,6.571428571428571,5.266666666666667,5.284546979790146,10.632911392405063,5,0.94,58.57,9,0,1
2023-09-18,SKU0014,1,Electronics,0,102,8.0,6.8,5.088187808288308,0.0,5,0.94,58.57,9,0,1
2023-09-25,SKU0014,1,Electronics,0,102,0.0,4.166666666666667,4.742204734838678,0.0,5,0.94,58.57,9,0,0
2023-10-02,SKU0014,1,Electronics,23,102,11.285714285714286,6.033333333333333,5.54283217369488,3.812154696132597,5,0.94,58.57,10,0,0
2023-10-09,SKU0014,1,Electronics,71,0,7.714285714285714,6.933333333333334,4.98226740608602,10.240384615384615,5,0.94,58.57,10,0,0
2023-10-16,SKU0014,1,Electronics,89,0,12.0,7.433333333333334,5.6182174945521615,11.973094170403588,5,0.94,58.57,10,0,0
2023-10-23,SKU0014,1,Electronics,104,0,12.428571428571429,10.133333333333333,4.439115579305954,10.263157894736842,5,0.94,58.57,10,0,0
2023-10-30,SKU0014,1,Electronics,26,102,11.142857142857142,10.9,3.6985551699045462,2.385321100917431,5,0.94,58.57,10,0,0
2023-11-06,SKU0014,1,Electronics,11,102,16.714285714285715,12.633333333333333,4.4059781749528675,0.870712401055409,5,0.94,58.57,11,0,1
2023-11-13,SKU0014,1,Electronics,0,102,16.142857142857142,13.833333333333334,4.465062329822004,0.0,5,0.94,58.57,11,0,0
2023-11-20,SKU0014,1,Electronics,85,0,17.0,15.1,5.241413339272488,5.629139072847682,5,0.94,58.57,11,0,1
2023-11-27,SKU0014,1,Electronics,85,0,14.571428571428571,15.933333333333334,5.342951098108773,5.334728033472803,5,0.94,58.57,11,0,1
2023-12-04,SKU0014,1,Electronics,81,0,15.142857142857142,15.866666666666667,6.151721560743763,5.105042016806722,5,0.94,58.57,12,0,1
2023-12-11,SKU0014,1,Electronics,81,0,14.571428571428571,15.2,7.087628853052397,5.328947368421053,5,0.94,58.57,12,0,1
2023-12-18,SKU0014,1,Electronics,56,0,18.142857142857142,15.6,7.985331379559614,3.58974358974359,5,0.94,58.57,12,0,1
2023-01-30,SKU0014,2,Electronics,89,145,9.857142857142858,12.266666666666667,3.532444043370005,7.255434782608695,5,0.94,58.57,1,0,0
2023-02-06,SKU0014,2,Electronics,138,0,13.714285714285714,12.733333333333333,3.8768395707678267,10.837696335078535,5,0.94,58.57,2,0,0
2023-02-13,SKU0014,2,Electronics,46,145,13.142857142857142,12.8,3.73612375191925,3.59375,5,0.94,58.57,2,0,0
2023-02-20,SKU0014,2,Electronics,96,0,13.571428571428571,12.8,4.366012936938832,7.5,5,0.94,58.57,2,0,0
2023-02-27,SKU0014,2,Electronics,142,0,14.142857142857142,13.233333333333333,3.865705389824675,10.730478589420656,5,0.94,58.57,2,0,0
2023-03-06,SKU0014,2,Electronics,28,145,16.285714285714285,14.1,3.880543865188895,1.9858156028368794,5,0.94,58.57,3,0,0
2023-03-13,SKU0014,2,Electronics,68,145,15.0,14.466666666666667,4.125056600099323,4.700460829493087,5,0.94,58.57,3,0,0
2023-03-20,SKU0014,2,Electronics,130,0,11.857142857142858,14.566666666666666,4.005886473276747,8.924485125858125,5,0.94,58.57,3,0,0
2023-03-27,SKU0014,2,Electronics,41,145,12.714285714285714,13.933333333333334,4.008037901029875,2.9425837320574164,5,0.94,58.57,3,0,0
2023-04-03,SKU0014,2,Electronics,88,145,14.0,13.5,3.7208638225829906,6.518518518518518,5,0.94,58.57,4,0,0
2023-04-10,SKU0014,2,Electronics,119,0,16.285714285714285,13.533333333333333,3.530491157911596,8.793103448275863,5,0.94,58.57,4,0,0
2023-04-17,SKU0014,2,Electronics,173,0,13.0,13.966666666666667,4.319030329658006,12.386634844868736,5,0.94,58.57,4,0,0
2023-04-24,SKU0014,2,Electronics,80,145,13.285714285714286,14.233333333333333,4.312638470207379,5.620608899297424,5,0.94,58.57,4,0,0
2023-05-01,SKU0014,2,Electronics,143,0,11.714285714285714,13.533333333333333,4.500830063929078,10.566502463054187,5,0.94,58.57,5,0,0
2023-05-08,SKU0014,2,Electronics,35,145,15.428571428571429,13.433333333333334,4.328600421521419,2.6054590570719602,5,0.94,58.57,5,0,0
2023-05-15,SKU0014,2,Electronics,81,145,14.142857142857142,13.566666666666666,4.065696134424124,5.9705159705159705,5,0.94,58.57,5,0,0
2023-05-22,SKU0014,2,Electronics,132,0,13.428571428571429,13.466666666666667,3.549971668981982,9.801980198019802,5,0.94,58.57,5,0,0
2023-05-29,SKU0014,2,Electronics,38,145,13.428571428571429,13.833333333333334,3.8063769843680015,2.746987951807229,5,0.94,58.57,5,0,0
2023-06-05,SKU0014,2,Electronics,96,0,12.428571428571429,13.5,3.821445835788083,7.111111111111111,5,0.94,58.57,6,0,0
2023-06-12,SKU0014,2,Electronics,148,0,13.285714285714286,13.333333333333334,3.7170003973665375,11.1,5,0.94,58.57,6,0,0
2023-06-19,SKU0014,2,Electronics,39,145,15.571428571428571,13.466666666666667,3.9456071892617532,2.896039603960396,5,0.94,58.57,6,0,0
2023-06-26,SKU0014,2,Electronics,84,145,14.285714285714286,14.1,3.6704786871882873,5.957446808510638,5,0.94,58.57,6,0,0
2023-07-03,SKU0014,2,Electronics,157,0,10.285714285714286,13.266666666666667,3.722562459431383,11.834170854271356,5,0.94,58.57,7,0,0
2023-07-10,SKU0014,2,Electronics,70,145,12.428571428571429,13.1,3.5656406301600687,5.34351145038168,5,0.94,58.57,7,0,0
2023-07-17,SKU0014,2,Electronics,118,0,13.857142857142858,13.0,4.09372943532608,9.076923076923077,5,0.94,58.57,7,0,0
2023-07-24,SKU0014,2,Electronics,8,145,15.714285714285714,13.0,4.02577899936449,0.6153846153846154,5,0.94,58.57,7,0,1
2023-07-31,SKU0014,2,Electronics,0,145,1.1428571428571428,10.6,6.657119600796606,0.0,5,0.94,58.57,7,0,1
2023-08-07,SKU0014,2,Electronics,88,145,8.142857142857142,9.866666666666667,7.040441469961529,8.91891891891892,5,0.94,58.57,8,0,1
2023-08-14,SKU0014,2,Electronics,0,145,12.571428571428571,9.866666666666667,7.691165255571211,0.0,5,0.94,58.57,8,0,1
2023-08-21,SKU0014,2,Electronics,128,0,2.4285714285714284,6.766666666666667,7.614339164992603,18.91625615763547,5,0.94,58.57,8,0,0
2023-08-28,SKU0014,2,Electronics,29,145,14.142857142857142,8.7,7.4377879544372885,3.3333333333333335,5,0.94,58.57,8,0,1
2023-09-04,SKU0014,2,Electronics,0,145,4.142857142857143,8.533333333333333,7.541761128512375,0.0,5,0.94,58.57,9,0,1
2023-09-11,SKU0014,2,Electronics,71,145,10.571428571428571,7.5,7.435933260074077,9.466666666666667,5,0.94,58.57,9,0,1
2023-09-18,SKU0014,2,Electronics,0,145,10.142857142857142,9.666666666666666,7.312404827949293,0.0,5,0.94,58.57,9,0,1
2023-09-25,SKU0014,2,Electronics,122,0,3.2857142857142856,7.466666666666667,7.477475755772195,16.339285714285715,5,0.94,58.57,9,0,0
2023-10-02,SKU0014,2,Electronics,155,0,16.0,9.333333333333334,7.7028133388608975,16.607142857142858,5,0.94,58.57,10,0,0
2023-10-09,SKU0014,2,Electronics,32,145,17.571428571428573,12.033333333333333,7.5223040001893295,2.6592797783933517,5,0.94,58.57,10,0,0
2023-10-16,SKU0014,2,Electronics,73,145,14.857142857142858,12.066666666666666,7.496819248893142,6.0497237569060776,5,0.94,58.57,10,0,1
2023-10-23,SKU0014,2,Electronics,0,145,10.428571428571429,14.5,5.728031496734828,0.0,5,0.94,58.57,10,0,0
2023-10-30,SKU0014,2,Electronics,50,145,13.571428571428571,14.166666666666666,6.046277471665342,3.5294117647058827,5,0.94,58.57,10,0,0
2023-11-06,SKU0014,2,Electronics,30,145,23.571428571428573,15.733333333333333,7.357535819371413,1.9067796610169492,5,0.94,58.57,11,0,1
2023-11-13,SKU0014,2,Electronics,0,145,25.0,18.166666666666668,8.975381399381748,0.0,5,0.94,58.57,11,0,1
2023-11-20,SKU0014,2,Electronics,124,0,23.714285714285715,20.033333333333335,8.89200855217504,6.189683860232945,5,0.94,58.57,11,0,0
2023-11-27,SKU0014,2,Electronics,99,0,24.285714285714285,23.833333333333332,6.275751546330084,4.153846153846154,5,0.94,58.57,11,0,1
2023-12-04,SKU0014,2,Electronics,68,145,25.142857142857142,24.433333333333334,6.251528548715297,2.7830832196452935,5,0.94,58.57,12,0,1
2023-12-11,SKU0014,2,Electronics,32,145,25.857142857142858,24.166666666666668,7.913686674465276,1.3241379310344827,5,0.94,58.57,12,0,1
2023-12-18,SKU0014,2,Electronics,4,145,24.714285714285715,24.6,8.508008397771585,0.16260162601626016,5,0.94,58.57,12,0,1
2023-01-30,SKU0014,3,Electronics,217,0,13.857142857142858,13.8,3.623676928584918,15.72463768115942,5,0.94,58.57,1,0,0
2023-02-06,SKU0014,3,Electronics,81,210,19.428571428571427,15.033333333333333,4.529469279509796,5.388026607538802,5,0.94,58.57,2,0,0
2023-02-13,SKU0014,3,Electronics,175,0,16.571428571428573,15.666666666666666,4.64856917796206,11.170212765957448,5,0.94,58.57,2,0,0
2023-02-20,SKU0014,3,Electronics,56,210,17.0,16.5,4.462487322497207,3.393939393939394,5,0.94,58.57,2,0,0
2023-02-27,SKU0014,3,Electronics,166,0,14.285714285714286,16.366666666666667,4.444937712090893,10.142566191446027,5,0.94,58.57,2,0,0
2023-03-06,SKU0014,3,Electronics,47,210,17.0,16.6,4.18206350650176,2.831325301204819,5,0.94,58.57,3,0,0
2023-03-13,SKU0014,3,Electronics,152,0,15.0,16.166666666666668,3.913577896761863,9.402061855670102,5,0.94,58.57,3,0,0
2023-03-20,SKU0014,3,Electronics,9,210,20.428571428571427,16.866666666666667,4.710467678174476,0.5335968379446641,5,0.94,58.57,3,0,0
2023-03-27,SKU0014,3,Electronics,80,210,19.857142857142858,17.833333333333332,4.449589933321116,4.4859813084112155,5,0.94,58.57,3,0,0
2023-04-03,SKU0014,3,Electronics,179,0,15.857142857142858,17.666666666666668,3.994248738937739,10.132075471698112,5,0.94,58.57,4,0,0
2023-04-10,SKU0014,3,Electronics,60,210,17.0,18.033333333333335,4.114594154648939,3.3271719038817,5,0.94,58.57,4,0,0
2023-04-17,SKU0014,3,Electronics,154,0,16.571428571428573,17.133333333333333,4.116688770939772,8.988326848249027,5,0.94,58.57,4,0,0
2023-04-24,SKU0014,3,Electronics,42,210,16.0,16.666666666666668,4.155041253235879,2.52,5,0.94,58.57,4,0,0
2023-05-01,SKU0014,3,Electronics,133,0,17.0,16.466666666666665,4.1417415405244435,8.076923076923078,5,0.94,58.57,5,0,0
2023-05-08,SKU0014,3,Electronics,231,0,16.0,16.333333333333332,4.466992611198926,14.142857142857144,5,0.94,58.57,5,0,0
2023-05-15,SKU0014,3,Electronics,92,0,19.857142857142858,17.033333333333335,4.491243076010928,5.401174168297455,5,0.94,58.57,5,0,0
2023-05-22,SKU0014,3,Electronics,194,0,15.428571428571429,16.866666666666667,4.739659040067331,11.50197628458498,5,0.94,58.57,5,0,0
2023-05-29,SKU0014,3,Electronics,65,210,18.428571428571427,17.433333333333334,5.144017840193584,3.7284894837476097,5,0.94,58.57,5,0,0
2023-06-05,SKU0014,3,Electronics,161,0,16.285714285714285,17.5,5.367526881868984,9.2,5,0.94,58.57,6,0,0
2023-06-12,SKU0014,3,Electronics,57,210,14.857142857142858,16.666666666666668,5.040069329937313,3.42,5,0.94,58.57,6,0,0
2023-06-19,SKU0014,3,Electronics,147,0,17.142857142857142,16.466666666666665,4.703141527732832,8.927125506072876,5,0.94,58.57,6,0,0
2023-06-26,SKU0014,3,Electronics,207,0,21.428571428571427,17.366666666666667,4.902380374199183,11.919385796545106,5,0.94,58.57,6,0,0
2023-07-03,SKU0014,3,Electronics,63,210,20.571428571428573,18.466666666666665,5.144353002671166,3.4115523465703976,5,0.94,58.57,7,0,0
2023-07-10,SKU0014,3,Electronics,162,0,15.857142857142858,18.866666666666667,4.783112053834834,8.586572438162545,5,0.94,58.57,7,0,0
2023-07-17,SKU0014,3,Electronics,37,210,17.857142857142858,18.666666666666668,5.201679657991992,1.982142857142857,5,0.94,58.57,7,0,0
2023-07-24,SKU0014,3,Electronics,123,0,17.714285714285715,18.333333333333332,4.722165877509233,6.70909090909091,5,0.94,58.57,7,0,0
2023-07-31,SKU0014,3,Electronics,17,210,15.142857142857142,16.8,4.436525512232484,1.0119047619047619,5,0.94,58.57,7,0,1
2023-08-07,SKU0014,3,Electronics,0,210,2.4285714285714284,13.466666666666667,7.379997819518129,0.0,5,0.94,58.57,8,0,1
2023-08-14,SKU0014,3,Electronics,122,0,12.571428571428571,12.4,7.421311344295295,9.838709677419354,5,0.94,58.57,8,0,1
2023-08-21,SKU0014,3,Electronics,0,210,17.428571428571427,12.333333333333334,7.373453471200218,0.0,5,0.94,58.57,8,0,1
2023-08-28,SKU0014,3,Electronics,0,210,0.0,8.6,8.455155538038003,0.0,5,0.94,58.57,8,0,1
2023-09-04,SKU0014,3,Electronics,110,0,14.285714285714286,10.333333333333334,8.587614711710252,10.64516129032258,5,0.94,58.57,9,0,1
2023-09-11,SKU0014,3,Electronics,0,210,15.714285714285714,11.833333333333334,8.461202870927343,0.0,5,0.94,58.57,9,0,1
2023-09-18,SKU0014,3,Electronics,0,210,0.0,8.166666666666666,9.18050157646102,0.0,5,0.94,58.57,9,0,1
2023-09-25,SKU0014,3,Electronics,116,0,13.428571428571429,10.133333333333333,8.87356917396029,11.447368421052632,5,0.94,58.57,9,0,0
2023-10-02,SKU0014,3,Electronics,206,0,17.142857142857142,12.0,8.68609669886708,17.166666666666668,5,0.94,58.57,10,0,0
2023-10-09,SKU0014,3,Electronics,59,210,21.0,12.4,9.227395493106789,4.758064516129032,5,0.94,58.57,10,0,0
2023-10-16,SKU0014,3,Electronics,124,0,20.714285714285715,16.866666666666667,7.323713648771058,7.351778656126482,5,0.94,58.57,10,0,0
2023-10-23,SKU0014,3,Electronics,196,0,19.714285714285715,19.266666666666666,4.884411045803542,10.173010380622838,5,0.94,58.57,10,0,0
2023-10-30,SKU0014,3,Electronics,92,210,14.857142857142858,18.6,5.301918975954472,4.946236559139785,5,0.94,58.57,10,0,0
2023-11-06,SKU0014,3,Electronics,89,0,30.428571428571427,21.1,7.702887949244769,4.218009478672985,5,0.94,58.57,11,0,1
2023-11-13,SKU0014,3,Electronics,119,0,25.714285714285715,22.433333333333334,9.449259534329972,5.304606240713224,5,0.94,58.57,11,0,1
2023-11-20,SKU0014,3,Electronics,146,0,26.142857142857142,24.0,11.773728791473483,6.083333333333333,5,0.94,58.57,11,0,1
2023-11-27,SKU0014,3,Electronics,142,0,30.571428571428573,27.433333333333334,12.464247721558111,5.1761846901579585,5,0.94,58.57,11,0,1
2023-12-04,SKU0014,3,Electronics,152,0,28.571428571428573,27.566666666666666,12.94999223361055,5.513905683192261,5,0.94,58.57,12,0,1
2023-12-11,SKU0014,3,Electronics,180,0,26.0,27.833333333333332,14.350497608417422,6.467065868263473,5,0.94,58.57,12,0,1
2023-12-18,SKU0014,3,Electronics,0,210,25.714285714285715,28.0,14.139697114250973,0.0,5,0.94,58.57,12,0,1
2023-01-30,SKU0014,4,Electronics,39,186,12.714285714285714,12.233333333333333,3.169720245823219,3.1880108991825615,5,0.94,58.57,1,0,0
2023-02-06,SKU0014,4,Electronics,100,0,17.857142857142858,13.433333333333334,4.7392952577603635,7.444168734491315,5,0.94,58.57,2,0,0
2023-02-13,SKU0014,4,Electronics,174,0,16.0,14.6,4.709491516589404,11.917808219178083,5,0.94,58.57,2,0,0
2023-02-20,SKU0014,4,Electronics,62,186,16.0,15.533333333333333,4.946146764511939,3.9914163090128754,5,0.94,58.57,2,0,0
2023-02-27,SKU0014,4,Electronics,125,0,17.571428571428573,16.533333333333335,4.717782451996676,7.560483870967741,5,0.94,58.57,2,0,0
2023-03-06,SKU0014,4,Electronics,194,0,16.714285714285715,16.466666666666665,3.598211560870423,11.781376518218625,5,0.94,58.57,3,0,0
2023-03-13,SKU0014,4,Electronics,58,186,19.428571428571427,17.433333333333334,4.538595661073215,3.3269598470363286,5,0.94,58.57,3,0,0
2023-03-20,SKU0014,4,Electronics,148,0,13.714285714285714,16.833333333333332,4.927637283262869,8.792079207920793,5,0.94,58.57,3,0,0
2023-03-27,SKU0014,4,Electronics,23,186,17.857142857142858,16.933333333333334,4.996090425545743,1.358267716535433,5,0.94,58.57,3,0,0
2023-04-03,SKU0014,4,Electronics,89,0,17.142857142857142,17.133333333333333,5.0359626229976975,5.19455252918288,5,0.94,58.57,4,0,0
2023-04-10,SKU0014,4,Electronics,180,0,13.571428571428571,15.366666666666667,4.327006876091959,11.713665943600867,5,0.94,58.57,4,0,0
2023-04-17,SKU0014,4,Electronics,70,186,15.714285714285714,16.033333333333335,4.072475594925564,4.365904365904365,5,0.94,58.57,4,0,0
2023-04-24,SKU0014,4,Electronics,137,0,17.0,15.866666666666667,3.569345862347529,8.634453781512605,5,0.94,58.57,4,0,0
2023-05-01,SKU0014,4,Electronics,9,186,18.285714285714285,16.1,3.6798613167271377,0.5590062111801242,5,0.94,58.57,5,0,0
2023-05-08,SKU0014,4,Electronics,80,186,16.428571428571427,16.6,4.090358722992224,4.8192771084337345,5,0.94,58.57,5,0,0
2023-05-15,SKU0014,4,Electronics,172,0,13.428571428571429,16.0,4.2991578966920505,10.75,5,0.94,58.57,5,0,0
2023-05-22,SKU0014,4,Electronics,74,186,14.0,15.533333333333333,4.538975528748165,4.763948497854077,5,0.94,58.57,5,0,0
2023-05-29,SKU0014,4,Electronics,137,0,17.571428571428573,15.533333333333333,4.636685300374894,8.819742489270386,5,0.94,58.57,5,0,0
2023-06-05,SKU0014,4,Electronics,29,186,15.428571428571429,14.933333333333334,4.494696747342883,1.9419642857142856,5,0.94,58.57,6,0,0
2023-06-12,SKU0014,4,Electronics,100,0,16.428571428571427,15.5,4.470207894571529,6.451612903225806,5,0.94,58.57,6,0,0
2023-06-19,SKU0014,4,Electronics,166,0,17.142857142857142,16.233333333333334,3.8835047567116803,10.225872689938397,5,0.94,58.57,6,0,0
2023-06-26,SKU0014,4,Electronics,35,186,18.714285714285715,17.066666666666666,3.6946684171443067,2.05078125,5,0.94,58.57,6,0,0
2023-07-03,SKU0014,4,Electronics,111,0,15.714285714285714,17.0,4.034335393713004,6.529411764705882,5,0.94,58.57,7,0,0
2023-07-10,SKU0014,4,Electronics,179,0,16.857142857142858,17.066666666666666,4.282549460900296,10.48828125,5,0.94,58.57,7,0,0
2023-07-17,SKU0014,4,Electronics,65,186,16.285714285714285,16.833333333333332,4.275699848609844,3.8613861386138617,5,0.94,58.57,7,0,1
2023-07-24,SKU0014,4,Electronics,0,186,9.285714285714286,14.666666666666666,5.96734408278078,0.0,5,0.94,58.57,7,0,1
2023-07-31,SKU0014,4,Electronics,159,0,3.857142857142857,12.0,7.913323553044723,13.25,5,0.94,58.57,7,0,0
2023-08-07,SKU0014,4,Electronics,40,186,17.0,11.566666666666666,7.242991063105754,3.45821325648415,5,0.94,58.57,8,0,1
2023-08-14,SKU0014,4,Electronics,0,186,5.714285714285714,9.3,7.759976892962394,0.0,5,0.94,58.57,8,0,1
2023-08-21,SKU0014,4,Electronics,137,0,7.0,7.833333333333333,8.179382547024845,17.48936170212766,5,0.94,58.57,8,0,0
2023-08-28,SKU0014,4,Electronics,31,186,15.142857142857142,11.366666666666667,7.303675660988751,2.727272727272727,5,0.94,58.57,8,0,1
2023-09-04,SKU0014,4,Electronics,0,186,4.428571428571429,8.666666666666666,7.6443954377828565,0.0,5,0.94,58.57,9,0,1
2023-09-11,SKU0014,4,Electronics,112,0,10.571428571428571,8.666666666666666,8.20568908339411,12.923076923076923,5,0.94,58.57,9,0,1
2023-09-18,SKU0014,4,Electronics,0,186,16.0,11.866666666666667,7.370646971712126,0.0,5,0.94,58.57,9,0,1
2023-09-25,SKU0014,4,Electronics,0,186,0.0,8.133333333333333,8.290972794856913,0.0,5,0.94,58.57,9,0,1
2023-10-02,SKU0014,4,Electronics,99,0,12.428571428571429,9.1,8.555498332893174,10.87912087912088,5,0.94,58.57,10,0,0
2023-10-09,SKU0014,4,Electronics,167,0,16.857142857142858,11.6,7.757532490736184,14.39655172413793,5,0.94,58.57,10,0,0
2023-10-16,SKU0014,4,Electronics,45,186,17.428571428571427,11.966666666666667,8.010696871547198,3.7604456824512535,5,0.94,58.57,10,0,0
2023-10-23,SKU0014,4,Electronics,110,0,17.285714285714285,14.933333333333334,6.351395900513323,7.366071428571429,5,0.94,58.57,10,0,1
2023-10-30,SKU0014,4,Electronics,0,186,15.714285714285714,16.866666666666667,5.110727954986942,0.0,5,0.94,58.57,10,0,1
2023-11-06,SKU0014,4,Electronics,83,0,14.714285714285714,16.3,7.983387924848739,5.0920245398773005,5,0.94,58.57,11,0,1
2023-11-13,SKU0014,4,Electronics,102,0,23.857142857142858,17.866666666666667,10.301433891933927,5.708955223880597,5,0.94,58.57,11,0,1
2023-11-20,SKU0014,4,Electronics,113,0,25.0,19.6,11.044112177676544,5.765306122448979,5,0.94,58.57,11,0,1
2023-11-27,SKU0014,4,Electronics,133,0,23.714285714285715,20.7,12.440617569768843,6.42512077294686,5,0.94,58.57,11,0,1
2023-12-04,SKU0014,4,Electronics,127,0,27.428571428571427,25.1,10.687891956918278,5.059760956175299,5,0.94,58.57,12,0,1
2023-12-11,SKU0014,4,Electronics,125,0,26.857142857142858,26.066666666666666,10.153760415467387,4.79539641943734,5,0.94,58.57,12,0,1
2023-12-18,SKU0014,4,Electronics,0,186,17.857142857142858,24.1,12.742408152199536,0.0,5,0.94,58.57,12,0,1
2023-01-30,SKU0015,1,Apparel,113,380,23.428571428571427,22.533333333333335,4.4468767290850515,5.014792899408284,9,0.77,43.47,1,0,0
2023-02-06,SKU0015,1,Apparel,321,0,24.571428571428573,22.566666666666666,4.415359815332221,14.224519940915805,9,0.77,43.47,2,0,0
2023-02-13,SKU0015,1,Apparel,176,380,20.714285714285715,22.633333333333333,4.07247559492557,7.776141384388807,9,0.77,43.47,2,0,0
2023-02-20,SKU0015,1,Apparel,429,0,18.142857142857142,21.9,4.773128808306942,19.589041095890412,9,0.77,43.47,2,0,0
2023-02-27,SKU0015,1,Apparel,261,0,24.0,21.9,5.585387338774091,11.917808219178083,9,0.77,43.47,2,0,0
2023-03-06,SKU0015,1,Apparel,69,380,27.428571428571427,22.566666666666666,6.605553219324885,3.057607090103397,9,0.77,43.47,3,0,1
2023-03-13,SKU0015,1,Apparel,351,0,14.0,20.833333333333332,10.123660689055436,16.848000000000003,9,0.77,43.47,3,0,0
2023-03-20,SKU0015,1,Apparel,134,380,31.0,23.9,10.806607174348926,5.606694560669457,9,0.77,43.47,3,0,0
2023-03-27,SKU0015,1,Apparel,313,0,28.714285714285715,25.166666666666668,10.853517889362541,12.437086092715232,9,0.77,43.47,3,0,0
2023-04-03,SKU0015,1,Apparel,93,380,31.428571428571427,26.466666666666665,10.759865828330678,3.513853904282116,9,0.77,43.47,4,0,1
2023-04-10,SKU0015,1,Apparel,268,0,29.285714285714285,29.066666666666666,8.208210075508442,9.220183486238533,9,0.77,43.47,4,0,0
2023-04-17,SKU0015,1,Apparel,70,380,28.285714285714285,29.5,6.262917685155588,2.3728813559322033,9,0.77,43.47,4,0,1
2023-04-24,SKU0015,1,Apparel,0,380,10.0,25.1,12.764038924069938,0.0,9,0.77,43.47,4,0,1
2023-05-01,SKU0015,1,Apparel,245,380,19.285714285714285,22.266666666666666,13.206407361667246,11.002994011976048,9,0.77,43.47,5,0,0
2023-05-08,SKU0015,1,Apparel,79,380,23.714285714285715,20.566666666666666,12.036391180236627,3.841166936790924,9,0.77,43.47,5,0,0
2023-05-15,SKU0015,1,Apparel,289,0,24.285714285714285,19.766666666666666,11.373542599575899,14.620573355817877,9,0.77,43.47,5,0,0
2023-05-22,SKU0015,1,Apparel,121,380,24.0,21.3,8.952556945480374,5.68075117370892,9,0.77,43.47,5,0,1
2023-05-29,SKU0015,1,Apparel,0,380,17.285714285714285,22.066666666666666,7.528947965769476,0.0,9,0.77,43.47,5,0,1
2023-06-05,SKU0015,1,Apparel,311,0,9.857142857142858,18.8,9.68610807575325,16.54255319148936,9,0.77,43.47,6,0,0
2023-06-12,SKU0015,1,Apparel,165,380,20.857142857142858,18.266666666666666,9.645200104584205,9.032846715328468,9,0.77,43.47,6,0,0
2023-06-19,SKU0015,1,Apparel,5,380,22.857142857142858,18.066666666666666,9.475679698424084,0.2767527675276753,9,0.77,43.47,6,0,1
2023-06-26,SKU0015,1,Apparel,250,0,19.285714285714285,17.033333333333335,9.367895775699456,14.677103718199607,9,0.77,43.47,6,0,0
2023-07-03,SKU0015,1,Apparel,85,380,23.571428571428573,21.3,5.831838889028589,3.9906103286384975,9,0.77,43.47,7,0,0
2023-07-10,SKU0015,1,Apparel,300,0,23.571428571428573,22.466666666666665,5.506944414247272,13.353115727002969,9,0.77,43.47,7,0,0
2023-07-17,SKU0015,1,Apparel,148,380,21.714285714285715,21.866666666666667,5.090446314240131,6.7682926829268295,9,0.77,43.47,7,0,0
2023-07-24,SKU0015,1,Apparel,374,0,22.0,22.6,3.829108116195896,16.548672566371682,9,0.77,43.47,7,0,0
2023-07-31,SKU0015,1,Apparel,199,380,25.0,22.8,5.006203048770325,8.728070175438596,9,0.77,43.47,7,0,0
2023-08-07,SKU0015,1,Apparel,424,0,22.142857142857142,22.5,5.244044240850761,18.844444444444445,9,0.77,43.47,8,0,0
2023-08-14,SKU0015,1,Apparel,267,0,22.428571428571427,22.7,5.34434925557053,11.762114537444933,9,0.77,43.47,8,0,0
2023-08-21,SKU0015,1,Apparel,104,380,23.285714285714285,23.033333333333335,5.436044031521795,4.5151953690303905,9,0.77,43.47,8,0,1
2023-08-28,SKU0015,1,Apparel,333,0,21.571428571428573,22.333333333333332,6.2990603203605104,14.91044776119403,9,0.77,43.47,8,0,0
2023-09-04,SKU0015,1,Apparel,182,380,21.571428571428573,22.2,5.7439623473936425,8.198198198198199,9,0.77,43.47,9,0,0
2023-09-11,SKU0015,1,Apparel,398,0,23.428571428571427,22.466666666666665,6.366579406033774,17.71513353115727,9,0.77,43.47,9,0,0
2023-09-18,SKU0015,1,Apparel,259,0,19.857142857142858,21.966666666666665,6.316280733062027,11.790591805766313,9,0.77,43.47,9,0,0
2023-09-25,SKU0015,1,Apparel,90,380,24.142857142857142,22.333333333333332,5.46672273590534,4.029850746268657,9,0.77,43.47,9,0,0
2023-10-02,SKU0015,1,Apparel,314,0,22.285714285714285,22.266666666666666,4.827602627229874,14.10179640718563,9,0.77,43.47,10,0,0
2023-10-09,SKU0015,1,Apparel,174,380,20.0,21.566666666666666,4.107884205242174,8.068006182380216,9,0.77,43.47,10,0,0
2023-10-16,SKU0015,1,Apparel,27,380,21.0,21.666666666666668,4.528327188536266,1.2461538461538462,9,0.77,43.47,10,0,0
2023-10-23,SKU0015,1,Apparel,254,0,21.857142857142858,21.366666666666667,4.6718772224459375,11.88767550702028,9,0.77,43.47,10,0,0
2023-10-30,SKU0015,1,Apparel,86,380,24.0,21.7,5.025109365768174,3.9631336405529956,9,0.77,43.47,10,0,0
2023-11-06,SKU0015,1,Apparel,245,0,31.571428571428573,24.4,6.830963985084197,10.040983606557377,9,0.77,43.47,11,0,0
2023-11-13,SKU0015,1,Apparel,33,380,30.285714285714285,26.7,6.783092571061261,1.2359550561797754,9,0.77,43.47,11,0,1
2023-11-20,SKU0015,1,Apparel,205,380,29.714285714285715,28.166666666666668,7.0665961826890715,7.278106508875739,9,0.77,43.47,11,0,0
2023-11-27,SKU0015,1,Apparel,369,0,30.857142857142858,30.366666666666667,6.370640271688934,12.151481888035127,9,0.77,43.47,11,0,0
2023-12-04,SKU0015,1,Apparel,155,380,30.571428571428573,30.533333333333335,6.425881575549694,5.076419213973799,9,0.77,43.47,12,0,0
2023-12-11,SKU0015,1,Apparel,317,0,31.142857142857142,30.766666666666666,6.100781935939489,10.30335861321777,9,0.77,43.47,12,0,0
2023-12-18,SKU0015,1,Apparel,61,380,36.57142857142857,31.566666666666666,7.113286903725535,1.9324181626187962,9,0.77,43.47,12,0,1
2023-01-30,SKU0015,2,Apparel,120,524,30.142857142857142,30.966666666666665,5.962430268996333,3.8751345532831003,9,0.77,43.47,1,0,0
2023-02-06,SKU0015,2,Apparel,418,0,32.285714285714285,30.633333333333333,5.5552605285647845,13.645266594124049,9,0.77,43.47,2,0,0
2023-02-13,SKU0015,2,Apparel,206,524,30.285714285714285,31.266666666666666,5.138987779932821,6.588486140724947,9,0.77,43.47,2,0,0
2023-02-20,SKU0015,2,Apparel,525,0,29.285714285714285,30.966666666666665,5.480267633367311,16.953713670613563,9,0.77,43.47,2,0,0
2023-02-27,SKU0015,2,Apparel,307,524,31.142857142857142,30.6,4.973030714037328,10.032679738562091,9,0.77,43.47,2,0,0
2023-03-06,SKU0015,2,Apparel,51,524,36.57142857142857,31.866666666666667,6.16851478985369,1.600418410041841,9,0.77,43.47,3,0,0
2023-03-13,SKU0015,2,Apparel,277,524,42.57142857142857,34.333333333333336,7.7607915226136175,8.067961165048542,9,0.77,43.47,3,0,1
2023-03-20,SKU0015,2,Apparel,0,524,39.57142857142857,36.733333333333334,9.172422435394783,0.0,9,0.77,43.47,3,0,0
2023-03-27,SKU0015,2,Apparel,247,524,39.57142857142857,39.03333333333333,9.27169713785412,6.327924850555082,9,0.77,43.47,3,0,1
2023-04-03,SKU0015,2,Apparel,476,0,42.142857142857146,40.43333333333333,10.029897834709637,11.772464962901896,9,0.77,43.47,4,0,0
2023-04-10,SKU0015,2,Apparel,138,524,48.285714285714285,42.1,10.736177962449196,3.2779097387173395,9,0.77,43.47,4,0,1
2023-04-17,SKU0015,2,Apparel,424,0,34.0,40.0,13.390681268239737,10.6,9,0.77,43.47,4,0,0
2023-04-24,SKU0015,2,Apparel,162,524,37.42857142857143,40.43333333333333,11.55700514043722,4.006595218466612,9,0.77,43.47,4,0,0
2023-05-01,SKU0015,2,Apparel,405,0,40.142857142857146,39.5,11.610785711035515,10.253164556962025,9,0.77,43.47,5,0,0
2023-05-08,SKU0015,2,Apparel,201,524,29.142857142857142,36.3,11.014567156959584,5.537190082644629,9,0.77,43.47,5,0,0
2023-05-15,SKU0015,2,Apparel,517,0,29.714285714285715,34.03333333333333,7.265807183168909,15.190989226248776,9,0.77,43.47,5,0,0
2023-05-22,SKU0015,2,Apparel,297,524,31.428571428571427,33.06666666666667,7.0853580608586855,8.981854838709676,9,0.77,43.47,5,0,0
2023-05-29,SKU0015,2,Apparel,68,524,32.714285714285715,31.2,5.287591199180934,2.1794871794871797,9,0.77,43.47,5,0,0
2023-06-05,SKU0015,2,Apparel,372,0,31.428571428571427,31.066666666666666,4.563221286081536,11.974248927038627,9,0.77,43.47,6,0,0
2023-06-12,SKU0015,2,Apparel,138,524,33.42857142857143,32.0,4.425630677830244,4.3125,9,0.77,43.47,6,0,0
2023-06-19,SKU0015,2,Apparel,455,0,29.571428571428573,31.733333333333334,4.487018312123744,14.338235294117647,9,0.77,43.47,6,0,0
2023-06-26,SKU0015,2,Apparel,242,524,30.428571428571427,31.566666666666666,5.164089086368913,7.666314677930306,9,0.77,43.47,6,0,0
2023-07-03,SKU0015,2,Apparel,522,0,34.857142857142854,32.1,5.460516585389224,16.261682242990652,9,0.77,43.47,7,0,0
2023-07-10,SKU0015,2,Apparel,322,0,28.571428571428573,30.9,5.749662658770137,10.420711974110032,9,0.77,43.47,7,0,0
2023-07-17,SKU0015,2,Apparel,102,524,31.428571428571427,31.066666666666666,5.860053744212418,3.2832618025751072,9,0.77,43.47,7,0,0
2023-07-24,SKU0015,2,Apparel,410,0,30.857142857142858,31.5,5.722008328405797,13.015873015873016,9,0.77,43.47,7,0,0
2023-07-31,SKU0015,2,Apparel,169,524,34.42857142857143,31.2,5.903826929525763,5.416666666666667,9,0.77,43.47,7,0,0
2023-08-07,SKU0015,2,Apparel,445,0,35.42857142857143,32.93333333333333,6.068194830898851,13.512145748987855,9,0.77,43.47,8,0,0
2023-08-14,SKU0015,2,Apparel,218,524,32.42857142857143,32.63333333333333,6.774614549836099,6.680286006128703,9,0.77,43.47,8,0,1
2023-08-21,SKU0015,2,Apparel,0,524,31.142857142857142,33.2,5.996550732684211,0.0,9,0.77,43.47,8,0,1
2023-08-28,SKU0015,2,Apparel,372,0,21.714285714285715,30.466666666666665,10.237636221428229,12.210065645514224,9,0.77,43.47,8,0,0
2023-09-04,SKU0015,2,Apparel,127,524,35.0,30.066666666666666,9.787160249384234,4.223946784922394,9,0.77,43.47,9,0,0
2023-09-11,SKU0015,2,Apparel,411,0,34.285714285714285,30.533333333333335,9.633752924084115,13.460698689956331,9,0.77,43.47,9,0,0
2023-09-18,SKU0015,2,Apparel,174,524,33.857142857142854,31.266666666666666,9.954840559984527,5.565031982942431,9,0.77,43.47,9,0,0
2023-09-25,SKU0015,2,Apparel,474,0,32.0,33.166666666666664,5.427156068191346,14.291457286432161,9,0.77,43.47,9,0,0
2023-10-02,SKU0015,2,Apparel,260,524,30.571428571428573,33.06666666666667,5.205655633511791,7.862903225806451,9,0.77,43.47,10,0,0
2023-10-09,SKU0015,2,Apparel,567,0,31.0,31.733333333333334,4.947540896196878,17.86764705882353,9,0.77,43.47,10,0,0
2023-10-16,SKU0015,2,Apparel,357,0,30.0,30.833333333333332,4.89252303103376,11.578378378378378,9,0.77,43.47,10,0,0
2023-10-23,SKU0015,2,Apparel,145,524,30.285714285714285,30.5,5.191172879231565,4.754098360655738,9,0.77,43.47,10,0,0
2023-10-30,SKU0015,2,Apparel,465,0,29.142857142857142,30.266666666666666,5.68684709527677,15.363436123348018,9,0.77,43.47,10,0,0
2023-11-06,SKU0015,2,Apparel,144,524,45.857142857142854,33.8,9.32700935178454,4.260355029585799,9,0.77,43.47,11,0,1
2023-11-13,SKU0015,2,Apparel,403,0,37.857142857142854,35.53333333333333,12.26920263641178,11.341463414634147,9,0.77,43.47,11,0,0
2023-11-20,SKU0015,2,Apparel,91,524,44.57142857142857,38.53333333333333,12.436690249733514,2.36159169550173,9,0.77,43.47,11,0,1
2023-11-27,SKU0015,2,Apparel,352,0,37.57142857142857,40.733333333333334,14.21736028007077,8.641571194762683,9,0.77,43.47,11,0,0
2023-12-04,SKU0015,2,Apparel,25,524,46.714285714285715,42.333333333333336,13.777376091042289,0.5905511811023622,9,0.77,43.47,12,0,1
2023-12-11,SKU0015,2,Apparel,294,0,36.42857142857143,41.666666666666664,13.882097956654881,7.056,9,0.77,43.47,12,0,1
2023-12-18,SKU0015,2,Apparel,0,524,42.0,40.4,13.905097056041418,0.0,9,0.77,43.47,12,0,1
2023-01-30,SKU0015,3,Apparel,235,423,20.428571428571427,21.333333333333332,4.474705409940093,11.015625,9,0.77,43.47,1,0,0
2023-02-06,SKU0015,3,Apparel,493,0,23.571428571428573,21.6,5.048728074714838,22.824074074074073,9,0.77,43.47,2,0,0
2023-02-13,SKU0015,3,Apparel,333,0,22.857142857142858,21.966666666666665,4.429395018496891,15.159332321699546,9,0.77,43.47,2,0,0
2023-02-20,SKU0015,3,Apparel,185,423,21.142857142857142,21.766666666666666,4.768310141884168,8.499234303215927,9,0.77,43.47,2,0,0
2023-02-27,SKU0015,3,Apparel,476,0,18.857142857142858,21.633333333333333,4.544669733710664,22.003081664098612,9,0.77,43.47,2,0,0
2023-03-06,SKU0015,3,Apparel,319,0,22.428571428571427,21.366666666666667,4.03846448570479,14.929797191887674,9,0.77,43.47,3,0,0
2023-03-13,SKU0015,3,Apparel,144,423,25.0,22.066666666666666,4.630731924968183,6.525679758308157,9,0.77,43.47,3,0,0
2023-03-20,SKU0015,3,Apparel,378,0,27.0,22.833333333333332,5.754059037088413,16.554744525547445,9,0.77,43.47,3,0,0
2023-03-27,SKU0015,3,Apparel,201,423,25.285714285714285,24.333333333333332,5.2413036897146155,8.26027397260274,9,0.77,43.47,3,0,0
2023-04-03,SKU0015,3,Apparel,8,423,27.571428571428573,25.733333333333334,5.1389877799328145,0.31088082901554404,9,0.77,43.47,4,0,1
2023-04-10,SKU0015,3,Apparel,259,0,24.571428571428573,25.933333333333334,6.1472356183187244,9.987146529562981,9,0.77,43.47,4,0,0
2023-04-17,SKU0015,3,Apparel,65,423,27.714285714285715,26.033333333333335,5.647601464236877,2.496798975672215,9,0.77,43.47,4,0,1
2023-04-24,SKU0015,3,Apparel,360,0,18.285714285714285,24.333333333333332,7.53535727058792,14.794520547945206,9,0.77,43.47,4,0,0
2023-05-01,SKU0015,3,Apparel,186,423,24.857142857142858,24.066666666666666,7.357535819371407,7.728531855955679,9,0.77,43.47,5,0,0
2023-05-08,SKU0015,3,Apparel,473,0,19.428571428571427,23.233333333333334,7.103584978039597,20.35868005738881,9,0.77,43.47,5,0,0
2023-05-15,SKU0015,3,Apparel,320,0,21.857142857142858,21.233333333333334,5.7216065584060685,15.070643642072213,9,0.77,43.47,5,0,0
2023-05-22,SKU0015,3,Apparel,189,423,18.714285714285715,21.133333333333333,4.4468767290850435,8.943217665615142,9,0.77,43.47,5,0,0
2023-05-29,SKU0015,3,Apparel,458,0,22.0,20.533333333333335,4.032055463949838,22.3051948051948,9,0.77,43.47,5,0,0
2023-06-05,SKU0015,3,Apparel,287,0,24.428571428571427,21.5,4.897219478509165,13.348837209302326,9,0.77,43.47,6,0,0
2023-06-12,SKU0015,3,Apparel,172,423,16.428571428571427,20.4,5.481001670346832,8.431372549019608,9,0.77,43.47,6,0,0
2023-06-19,SKU0015,3,Apparel,453,0,20.285714285714285,20.5,5.237464508973646,22.097560975609756,9,0.77,43.47,6,0,0
2023-06-26,SKU0015,3,Apparel,328,0,17.857142857142858,19.8,5.094960322677213,16.565656565656564,9,0.77,43.47,6,0,0
2023-07-03,SKU0015,3,Apparel,196,423,18.857142857142858,18.733333333333334,5.457884731938405,10.462633451957295,9,0.77,43.47,7,0,0
2023-07-10,SKU0015,3,Apparel,474,0,20.714285714285715,19.1,4.964355707058754,24.81675392670157,9,0.77,43.47,7,0,0
2023-07-17,SKU0015,3,Apparel,343,0,18.714285714285715,19.1,5.019616690957374,17.958115183246072,9,0.77,43.47,7,0,0
2023-07-24,SKU0015,3,Apparel,199,423,20.571428571428573,19.566666666666666,5.076540590580955,10.170357751277683,9,0.77,43.47,7,0,0
2023-07-31,SKU0015,3,Apparel,66,423,19.0,19.3,5.147145174587151,3.419689119170984,9,0.77,43.47,7,0,0
2023-08-07,SKU0015,3,Apparel,339,0,21.428571428571427,19.933333333333334,4.961460667386465,17.006688963210703,9,0.77,43.47,8,0,0
2023-08-14,SKU0015,3,Apparel,188,423,21.571428571428573,20.466666666666665,5.164422946256056,9.185667752442997,9,0.77,43.47,8,0,0
2023-08-21,SKU0015,3,Apparel,460,0,21.571428571428573,20.633333333333333,5.610847457862519,22.294022617124394,9,0.77,43.47,8,0,0
2023-08-28,SKU0015,3,Apparel,320,0,20.0,20.9,4.894402150803826,15.311004784688997,9,0.77,43.47,8,0,0
2023-09-04,SKU0015,3,Apparel,177,423,20.428571428571427,20.966666666666665,4.715954822202762,8.441971383147854,9,0.77,43.47,9,0,0
2023-09-11,SKU0015,3,Apparel,446,0,22.0,21.1,3.9857504809698945,21.137440758293838,9,0.77,43.47,9,0,0
2023-09-18,SKU0015,3,Apparel,298,0,21.142857142857142,20.8,4.2214558691489845,14.326923076923077,9,0.77,43.47,9,0,0
2023-09-25,SKU0015,3,Apparel,153,423,20.714285714285715,20.966666666666665,4.5218498910049645,7.297297297297298,9,0.77,43.47,9,0,0
2023-10-02,SKU0015,3,Apparel,451,0,17.857142857142858,20.4,4.860821556784049,22.107843137254903,9,0.77,43.47,10,0,0
2023-10-09,SKU0015,3,Apparel,300,0,21.571428571428573,20.133333333333333,4.658942704781495,14.90066225165563,9,0.77,43.47,10,0,0
2023-10-16,SKU0015,3,Apparel,139,423,23.0,20.8,4.894754405448261,6.6826923076923075,9,0.77,43.47,10,0,0
2023-10-23,SKU0015,3,Apparel,398,0,23.428571428571427,21.266666666666666,4.548082834696878,18.71473354231975,9,0.77,43.47,10,0,0
2023-10-30,SKU0015,3,Apparel,257,423,20.142857142857142,21.6,4.430303173248597,11.898148148148147,9,0.77,43.47,10,0,0
2023-11-06,SKU0015,3,Apparel,32,423,32.142857142857146,24.633333333333333,6.195010970090409,1.2990527740189446,9,0.77,43.47,11,0,0
2023-11-13,SKU0015,3,Apparel,260,0,27.857142857142858,25.533333333333335,6.262825920121641,10.182767624020887,9,0.77,43.47,11,0,0
2023-11-20,SKU0015,3,Apparel,82,423,25.428571428571427,26.133333333333333,6.246286252968509,3.1377551020408165,9,0.77,43.47,11,0,0
2023-11-27,SKU0015,3,Apparel,273,0,33.142857142857146,28.966666666666665,6.206133414133439,9.424626006904488,9,0.77,43.47,11,0,0
2023-12-04,SKU0015,3,Apparel,68,423,29.285714285714285,29.266666666666666,5.674706939620346,2.3234624145785876,9,0.77,43.47,12,0,0
2023-12-11,SKU0015,3,Apparel,285,0,29.428571428571427,28.933333333333334,5.520702937085169,9.850230414746544,9,0.77,43.47,12,0,0
2023-12-18,SKU0015,3,Apparel,67,423,31.142857142857142,30.333333333333332,5.821087310053427,2.208791208791209,9,0.77,43.47,12,0,1
2023-01-30,SKU0015,4,Apparel,279,640,31.0,30.2,4.611828869032476,9.23841059602649,9,0.77,43.47,1,0,0
2023-02-06,SKU0015,4,Apparel,677,0,34.57142857142857,31.2,5.70178435470741,21.69871794871795,9,0.77,43.47,2,0,0
2023-02-13,SKU0015,4,Apparel,468,0,29.857142857142858,31.533333333333335,5.373840425574639,14.841437632135305,9,0.77,43.47,2,0,0
2023-02-20,SKU0015,4,Apparel,226,640,34.57142857142857,32.2,6.127383420858113,7.0186335403726705,9,0.77,43.47,2,0,0
2023-02-27,SKU0015,4,Apparel,657,0,29.857142857142858,32.2,6.466891807906824,20.403726708074533,9,0.77,43.47,2,0,0
2023-03-06,SKU0015,4,Apparel,393,0,37.714285714285715,33.46666666666667,7.132892885746999,11.743027888446214,9,0.77,43.47,3,0,0
2023-03-13,SKU0015,4,Apparel,127,640,38.0,34.666666666666664,7.288788430295469,3.6634615384615388,9,0.77,43.47,3,0,0
2023-03-20,SKU0015,4,Apparel,472,0,42.142857142857146,36.7,8.284384979149536,12.861035422343324,9,0.77,43.47,3,0,0
2023-03-27,SKU0015,4,Apparel,204,640,38.285714285714285,38.0,8.325283468302205,5.368421052631579,9,0.77,43.47,3,0,0
2023-04-03,SKU0015,4,Apparel,555,0,41.285714285714285,39.8,6.697400422088617,13.944723618090453,9,0.77,43.47,4,0,0
2023-04-10,SKU0015,4,Apparel,236,640,45.57142857142857,41.53333333333333,8.02037634912532,5.682182985553772,9,0.77,43.47,4,0,0
2023-04-17,SKU0015,4,Apparel,602,0,39.142857142857146,40.666666666666664,8.339078479367918,14.80327868852459,9,0.77,43.47,4,0,0
2023-04-24,SKU0015,4,Apparel,310,640,41.714285714285715,41.2,8.40935439729531,7.524271844660194,9,0.77,43.47,4,0,0
2023-05-01,SKU0015,4,Apparel,44,640,38.0,41.06666666666667,8.549786580652892,1.0714285714285714,9,0.77,43.47,5,0,0
2023-05-08,SKU0015,4,Apparel,448,0,33.714285714285715,38.56666666666667,7.518635850835644,11.616248919619705,9,0.77,43.47,5,0,0
2023-05-15,SKU0015,4,Apparel,227,640,31.571428571428573,35.86666666666667,7.147381161744789,6.328996282527881,9,0.77,43.47,5,0,0
2023-05-22,SKU0015,4,Apparel,635,0,33.142857142857146,34.166666666666664,5.546563604259125,18.585365853658537,9,0.77,43.47,5,0,0
2023-05-29,SKU0015,4,Apparel,446,0,27.0,31.3,5.167204273105548,14.24920127795527,9,0.77,43.47,5,0,0
2023-06-05,SKU0015,4,Apparel,234,640,30.285714285714285,30.8,4.9228531116234775,7.597402597402597,9,0.77,43.47,6,0,0
2023-06-12,SKU0015,4,Apparel,653,0,31.571428571428573,30.633333333333333,5.1827521202764615,21.31664853101197,9,0.77,43.47,6,0,0
2023-06-19,SKU0015,4,Apparel,425,0,32.57142857142857,30.866666666666667,5.328733648705933,13.76889848812095,9,0.77,43.47,6,0,0
2023-06-26,SKU0015,4,Apparel,232,640,27.571428571428573,30.3,5.09326803833699,7.656765676567656,9,0.77,43.47,6,0,0
2023-07-03,SKU0015,4,Apparel,662,0,30.0,30.2,4.809473410131189,21.920529801324506,9,0.77,43.47,7,0,0
2023-07-10,SKU0015,4,Apparel,446,0,30.857142857142858,30.633333333333333,4.930435619932496,14.55930359085963,9,0.77,43.47,7,0,0
2023-07-17,SKU0015,4,Apparel,244,640,28.857142857142858,29.5,4.337089441962957,8.271186440677965,9,0.77,43.47,7,0,0
2023-07-24,SKU0015,4,Apparel,689,0,27.857142857142858,29.066666666666666,4.07628408652088,23.704128440366972,9,0.77,43.47,7,0,0
2023-07-31,SKU0015,4,Apparel,465,0,32.0,29.666666666666668,5.498171064769775,15.674157303370785,9,0.77,43.47,7,0,0
2023-08-07,SKU0015,4,Apparel,223,640,34.57142857142857,30.666666666666668,6.466536318155436,7.271739130434782,9,0.77,43.47,8,0,0
2023-08-14,SKU0015,4,Apparel,1,640,31.714285714285715,31.133333333333333,6.801284530466877,0.032119914346895075,9,0.77,43.47,8,0,1
2023-08-21,SKU0015,4,Apparel,478,0,23.285714285714285,30.1,10.320217853888767,15.880398671096344,9,0.77,43.47,8,0,0
2023-08-28,SKU0015,4,Apparel,268,640,30.0,30.5,10.156533484107333,8.78688524590164,9,0.77,43.47,8,0,0
2023-09-04,SKU0015,4,Apparel,689,0,31.285714285714285,29.433333333333334,8.88502550142204,23.408833522083803,9,0.77,43.47,9,0,0
2023-09-11,SKU0015,4,Apparel,462,0,32.42857142857143,29.3,8.812804164474539,15.7679180887372,9,0.77,43.47,9,0,0
2023-09-18,SKU0015,4,Apparel,256,640,29.428571428571427,30.966666666666665,4.303032878566385,8.266953713670613,9,0.77,43.47,9,0,0
2023-09-25,SKU0015,4,Apparel,665,0,33.0,31.2,5.00620304877035,21.314102564102566,9,0.77,43.47,9,0,0
2023-10-02,SKU0015,4,Apparel,475,0,27.142857142857142,30.5,5.981292675414394,15.573770491803279,9,0.77,43.47,10,0,0
2023-10-09,SKU0015,4,Apparel,252,640,31.857142857142858,30.7,5.995112952259128,8.208469055374593,9,0.77,43.47,10,0,0
2023-10-16,SKU0015,4,Apparel,678,0,30.571428571428573,30.6,5.781063021207498,22.15686274509804,9,0.77,43.47,10,0,0
2023-10-23,SKU0015,4,Apparel,469,0,29.857142857142858,30.066666666666666,6.113486128525896,15.598669623059868,9,0.77,43.47,10,0,0
2023-10-30,SKU0015,4,Apparel,265,640,29.142857142857142,29.833333333333332,5.837354935557591,8.88268156424581,9,0.77,43.47,10,0,0
2023-11-06,SKU0015,4,Apparel,617,0,41.142857142857146,32.666666666666664,8.163557935172612,18.887755102040817,9,0.77,43.47,11,0,0
2023-11-13,SKU0015,4,Apparel,339,0,39.714285714285715,34.7,9.16571572914992,9.769452449567723,9,0.77,43.47,11,0,0
2023-11-20,SKU0015,4,Apparel,41,640,42.57142857142857,37.43333333333333,9.328056800757635,1.0952804986642921,9,0.77,43.47,11,0,1
2023-11-27,SKU0015,4,Apparel,411,0,38.57142857142857,39.766666666666666,7.766787528041873,10.335289186923722,9,0.77,43.47,11,0,0
2023-12-04,SKU0015,4,Apparel,123,640,41.142857142857146,40.56666666666667,6.811163925716964,3.032046014790468,9,0.77,43.47,12,0,1
2023-12-11,SKU0015,4,Apparel,468,0,42.142857142857146,41.266666666666666,8.427922938510461,11.340872374798062,9,0.77,43.47,12,0,0
2023-12-18,SKU0015,4,Apparel,122,640,49.42857142857143,42.333333333333336,9.23760430703398,2.8818897637795273,9,0.77,43.47,12,0,1
2023-01-30,SKU0016,1,Grocery,343,0,22.142857142857142,22.6,5.690888058690991,15.176991150442477,10,0.77,13.7,1,0,0
2023-02-06,SKU0016,1,Grocery,174,481,24.142857142857142,23.233333333333334,5.230437005104622,7.489239598278336,10,0.77,13.7,2,0,0
2023-02-13,SKU0016,1,Grocery,505,0,21.428571428571427,23.033333333333335,5.561464290766529,21.924746743849493,10,0.77,13.7,2,0,0
2023-02-20,SKU0016,1,Grocery,336,0,24.142857142857142,23.6,5.957319462007538,14.23728813559322,10,0.77,13.7,2,0,0
2023-02-27,SKU0016,1,Grocery,187,481,21.285714285714285,22.466666666666665,6.095409993470967,8.323442136498517,10,0.77,13.7,2,0,0
2023-03-06,SKU0016,1,Grocery,525,0,20.428571428571427,22.133333333333333,6.146113621116855,23.71987951807229,10,0.77,13.7,3,0,0
2023-03-13,SKU0016,1,Grocery,369,0,22.285714285714285,21.933333333333334,5.52694548885563,16.82370820668693,10,0.77,13.7,3,0,0
2023-03-20,SKU0016,1,Grocery,223,481,20.857142857142858,21.833333333333332,5.675618352053008,10.213740458015268,10,0.77,13.7,3,0,0
2023-03-27,SKU0016,1,Grocery,561,0,20.428571428571427,21.033333333333335,4.944403547120885,26.671949286846274,10,0.77,13.7,3,0,0
2023-04-03,SKU0016,1,Grocery,387,0,24.857142857142858,21.766666666666666,5.243605848922147,17.77947932618683,10,0.77,13.7,4,0,0
2023-04-10,SKU0016,1,Grocery,255,481,18.857142857142858,21.066666666666666,5.310583663833448,12.104430379746836,10,0.77,13.7,4,0,0
2023-04-17,SKU0016,1,Grocery,103,481,21.714285714285715,21.133333333333333,5.230766630258882,4.873817034700315,10,0.77,13.7,4,0,1
2023-04-24,SKU0016,1,Grocery,449,0,19.285714285714285,20.8,7.544808674249763,21.58653846153846,10,0.77,13.7,4,0,0
2023-05-01,SKU0016,1,Grocery,280,0,24.142857142857142,20.966666666666665,7.155819109398783,13.354531001589827,10,0.77,13.7,5,0,0
2023-05-08,SKU0016,1,Grocery,109,481,24.428571428571427,22.2,7.1938671198411095,4.90990990990991,10,0.77,13.7,5,0,0
2023-05-15,SKU0016,1,Grocery,422,0,24.0,23.033333333333335,7.117163970887963,18.321273516642545,10,0.77,13.7,5,0,0
2023-05-22,SKU0016,1,Grocery,264,0,22.571428571428573,23.266666666666666,6.622497358577637,11.346704871060172,10,0.77,13.7,5,0,0
2023-05-29,SKU0016,1,Grocery,99,481,23.571428571428573,23.866666666666667,5.117470639595932,4.14804469273743,10,0.77,13.7,5,0,0
2023-06-05,SKU0016,1,Grocery,411,0,24.142857142857142,23.433333333333334,5.282915426381423,17.539118065433854,10,0.77,13.7,6,0,0
2023-06-12,SKU0016,1,Grocery,232,481,25.571428571428573,23.7,5.6210810102806645,9.789029535864978,10,0.77,13.7,6,0,0
2023-06-19,SKU0016,1,Grocery,74,481,22.571428571428573,23.7,5.052483172351643,3.1223628691983123,10,0.77,13.7,6,0,0
2023-06-26,SKU0016,1,Grocery,384,0,24.428571428571427,23.866666666666667,6.112357936200223,16.089385474860336,10,0.77,13.7,6,0,0
2023-07-03,SKU0016,1,Grocery,224,481,22.857142857142858,23.933333333333334,6.52810017953332,9.35933147632312,10,0.77,13.7,7,0,0
2023-07-10,SKU0016,1,Grocery,50,481,24.857142857142858,23.633333333333333,6.2998814073858895,2.1156558533145278,10,0.77,13.7,7,0,1
2023-07-17,SKU0016,1,Grocery,442,0,12.714285714285714,21.566666666666666,9.525585630773335,20.494590417310665,10,0.77,13.7,7,0,0
2023-07-24,SKU0016,1,Grocery,279,0,23.285714285714285,21.033333333333335,9.241896108383871,13.264659270998415,10,0.77,13.7,7,0,0
2023-07-31,SKU0016,1,Grocery,124,481,22.142857142857142,21.166666666666668,8.909829261622495,5.858267716535432,10,0.77,13.7,7,0,0
2023-08-07,SKU0016,1,Grocery,461,0,20.571428571428573,19.566666666666666,8.958460972092572,23.56047700170358,10,0.77,13.7,8,0,0
2023-08-14,SKU0016,1,Grocery,294,0,23.857142857142858,22.266666666666666,6.022562940129074,13.203592814371259,10,0.77,13.7,8,0,0
2023-08-21,SKU0016,1,Grocery,146,481,21.142857142857142,21.933333333333334,5.526945488855636,6.656534954407295,10,0.77,13.7,8,0,0
2023-08-28,SKU0016,1,Grocery,454,0,24.714285714285715,22.466666666666665,5.550603156621712,20.20771513353116,10,0.77,13.7,8,0,0
2023-09-04,SKU0016,1,Grocery,280,0,24.857142857142858,23.766666666666666,4.546186983830961,11.781206171107995,10,0.77,13.7,9,0,0
2023-09-11,SKU0016,1,Grocery,148,481,18.857142857142858,22.3,4.829149993029049,6.63677130044843,10,0.77,13.7,9,0,0
2023-09-18,SKU0016,1,Grocery,457,0,24.571428571428573,23.4,5.314910710639361,19.52991452991453,10,0.77,13.7,9,0,0
2023-09-25,SKU0016,1,Grocery,285,0,24.571428571428573,23.366666666666667,4.8457826194952585,12.196861626248216,10,0.77,13.7,9,0,0
2023-10-02,SKU0016,1,Grocery,133,481,21.714285714285715,22.366666666666667,5.027396209140295,5.946348733233979,10,0.77,13.7,10,0,1
2023-10-09,SKU0016,1,Grocery,0,481,19.0,22.166666666666668,6.411645296045228,0.0,10,0.77,13.7,10,0,1
2023-10-16,SKU0016,1,Grocery,361,0,17.142857142857142,20.933333333333334,7.2916264366706365,17.245222929936304,10,0.77,13.7,10,0,0
2023-10-23,SKU0016,1,Grocery,208,481,21.857142857142858,20.133333333333333,7.006072899368412,10.331125827814569,10,0.77,13.7,10,0,0
2023-10-30,SKU0016,1,Grocery,545,0,20.571428571428573,19.766666666666666,6.856576673396211,27.5716694772344,10,0.77,13.7,10,0,0
2023-11-06,SKU0016,1,Grocery,336,0,29.857142857142858,21.366666666666667,8.214719057606438,15.725429017160685,10,0.77,13.7,11,0,0
2023-11-13,SKU0016,1,Grocery,128,481,29.714285714285715,25.1,6.249689647466921,5.099601593625498,10,0.77,13.7,11,0,0
2023-11-20,SKU0016,1,Grocery,396,0,30.428571428571427,27.033333333333335,6.557350880859789,14.648581997533908,10,0.77,13.7,11,0,0
2023-11-27,SKU0016,1,Grocery,188,481,29.714285714285715,29.166666666666668,6.097389680801135,6.445714285714286,10,0.77,13.7,11,0,0
2023-12-04,SKU0016,1,Grocery,453,0,30.857142857142858,30.1,5.665077532415225,15.049833887043189,10,0.77,13.7,12,0,0
2023-12-11,SKU0016,1,Grocery,245,481,29.714285714285715,30.3,5.24009739314596,8.085808580858085,10,0.77,13.7,12,0,0
2023-12-18,SKU0016,1,Grocery,1,481,34.857142857142854,31.1,5.579210177695089,0.03215434083601286,10,0.77,13.7,12,0,1
2023-01-30,SKU0016,2,Grocery,123,187,8.714285714285714,9.166666666666666,2.1827431860143225,13.41818181818182,10,0.77,13.7,1,0,0
2023-02-06,SKU0016,2,Grocery,252,0,8.285714285714286,8.866666666666667,2.5289132643984797,28.421052631578945,10,0.77,13.7,2,0,0
2023-02-13,SKU0016,2,Grocery,191,0,8.714285714285714,8.633333333333333,2.456284456925405,22.123552123552123,10,0.77,13.7,2,0,0
2023-02-20,SKU0016,2,Grocery,117,187,10.571428571428571,9.033333333333333,2.645534081185242,12.952029520295204,10,0.77,13.7,2,0,0
2023-02-27,SKU0016,2,Grocery,60,187,8.142857142857142,8.833333333333334,2.8172294207599426,6.792452830188679,10,0.77,13.7,2,0,0
2023-03-06,SKU0016,2,Grocery,190,0,8.142857142857142,8.666666666666666,2.916461404928373,21.923076923076923,10,0.77,13.7,3,0,0
2023-03-13,SKU0016,2,Grocery,142,187,6.857142857142857,8.333333333333334,2.844636008875038,17.04,10,0.77,13.7,3,0,0
2023-03-20,SKU0016,2,Grocery,67,187,10.714285714285714,8.8,3.03315017762062,7.613636363636363,10,0.77,13.7,3,0,0
2023-03-27,SKU0016,2,Grocery,195,0,8.428571428571429,8.433333333333334,2.8488755595889033,23.122529644268774,10,0.77,13.7,3,0,0
2023-04-03,SKU0016,2,Grocery,134,187,8.714285714285714,8.833333333333334,3.0970879908372813,15.169811320754716,10,0.77,13.7,4,0,0
2023-04-10,SKU0016,2,Grocery,81,187,7.571428571428571,8.9,2.9867523591975975,9.101123595505618,10,0.77,13.7,4,0,0
2023-04-17,SKU0016,2,Grocery,202,0,9.428571428571429,8.566666666666666,3.002106540108282,23.579766536964982,10,0.77,13.7,4,0,0
2023-04-24,SKU0016,2,Grocery,140,187,8.857142857142858,8.566666666666666,2.824563845895544,16.342412451361866,10,0.77,13.7,4,0,0
2023-05-01,SKU0016,2,Grocery,75,187,9.285714285714286,8.866666666666667,2.7883171705668923,8.458646616541353,10,0.77,13.7,5,0,0
2023-05-08,SKU0016,2,Grocery,190,0,10.285714285714286,9.633333333333333,2.7099221687936974,19.72318339100346,10,0.77,13.7,5,0,0
2023-05-15,SKU0016,2,Grocery,133,187,8.142857142857142,8.966666666666667,2.9534705865721986,14.83271375464684,10,0.77,13.7,5,0,0
2023-05-22,SKU0016,2,Grocery,61,187,10.285714285714286,9.6,3.25470481737989,6.354166666666667,10,0.77,13.7,5,0,0
2023-05-29,SKU0016,2,Grocery,186,0,8.857142857142858,9.366666666666667,3.200035919338636,19.8576512455516,10,0.77,13.7,5,0,0
2023-06-05,SKU0016,2,Grocery,119,187,9.571428571428571,9.266666666666667,3.027840169486167,12.841726618705035,10,0.77,13.7,6,0,0
2023-06-12,SKU0016,2,Grocery,255,0,7.285714285714286,9.2,2.97576417308111,27.717391304347828,10,0.77,13.7,6,0,0
2023-06-19,SKU0016,2,Grocery,194,0,8.714285714285714,8.833333333333334,3.474868723229434,21.962264150943394,10,0.77,13.7,6,0,0
2023-06-26,SKU0016,2,Grocery,121,187,10.428571428571429,8.933333333333334,3.352130905736738,13.544776119402984,10,0.77,13.7,6,0,0
2023-07-03,SKU0016,2,Grocery,48,187,10.428571428571429,9.2,3.604594768940867,5.217391304347826,10,0.77,13.7,7,0,0
2023-07-10,SKU0016,2,Grocery,181,0,7.714285714285714,9.233333333333333,3.5300027677368595,19.6028880866426,10,0.77,13.7,7,0,0
2023-07-17,SKU0016,2,Grocery,117,187,9.142857142857142,9.533333333333333,3.4912040540659386,12.272727272727273,10,0.77,13.7,7,0,0
2023-07-24,SKU0016,2,Grocery,236,0,9.714285714285714,9.3,3.3440631902955507,25.376344086021504,10,0.77,13.7,7,0,0
2023-07-31,SKU0016,2,Grocery,183,0,7.571428571428571,8.466666666666667,3.5789936298209364,21.614173228346456,10,0.77,13.7,7,0,0
2023-08-07,SKU0016,2,Grocery,124,187,8.428571428571429,8.533333333333333,3.588615459970631,14.53125,10,0.77,13.7,8,0,0
2023-08-14,SKU0016,2,Grocery,238,0,10.428571428571429,9.133333333333333,3.5886154599706312,26.058394160583944,10,0.77,13.7,8,0,0
2023-08-21,SKU0016,2,Grocery,175,0,9.0,8.7,3.640291765495044,20.114942528735632,10,0.77,13.7,8,0,0
2023-08-28,SKU0016,2,Grocery,126,187,7.0,8.5,3.0709989389054835,14.823529411764707,10,0.77,13.7,8,0,0
2023-09-04,SKU0016,2,Grocery,255,0,8.285714285714286,8.466666666666667,2.9447010659515302,30.11811023622047,10,0.77,13.7,9,0,0
2023-09-11,SKU0016,2,Grocery,191,0,9.142857142857142,8.4,2.5944237284527385,22.738095238095237,10,0.77,13.7,9,0,0
2023-09-18,SKU0016,2,Grocery,125,187,9.428571428571429,8.4,2.3282374567840805,14.88095238095238,10,0.77,13.7,9,0,0
2023-09-25,SKU0016,2,Grocery,266,0,6.571428571428571,8.3,2.3657032197927785,32.04819277108434,10,0.77,13.7,9,0,0
2023-10-02,SKU0016,2,Grocery,202,0,9.142857142857142,8.766666666666667,2.4308836669612224,23.041825095057032,10,0.77,13.7,10,0,0
2023-10-09,SKU0016,2,Grocery,137,187,9.285714285714286,8.633333333333333,2.7728154909994323,15.86872586872587,10,0.77,13.7,10,0,0
2023-10-16,SKU0016,2,Grocery,63,187,10.571428571428571,8.833333333333334,3.040908817571088,7.132075471698113,10,0.77,13.7,10,0,1
2023-10-23,SKU0016,2,Grocery,174,0,10.857142857142858,9.8,2.964153656029271,17.755102040816325,10,0.77,13.7,10,0,0
2023-10-30,SKU0016,2,Grocery,88,187,12.285714285714286,10.533333333333333,3.3294229937429587,8.354430379746836,10,0.77,13.7,10,0,0
2023-11-06,SKU0016,2,Grocery,193,0,11.714285714285714,11.333333333333334,3.144051124149273,17.02941176470588,10,0.77,13.7,11,0,0
2023-11-13,SKU0016,2,Grocery,107,187,12.285714285714286,11.7,3.12001326257127,9.145299145299147,10,0.77,13.7,11,0,0
2023-11-20,SKU0016,2,Grocery,197,0,13.857142857142858,12.4,3.317664321736612,15.887096774193548,10,0.77,13.7,11,0,0
2023-11-27,SKU0016,2,Grocery,109,187,12.571428571428571,12.4,3.1249827585731134,8.790322580645162,10,0.77,13.7,11,0,0
2023-12-04,SKU0016,2,Grocery,5,187,14.857142857142858,13.4,3.012617146098292,0.3731343283582089,10,0.77,13.7,12,0,1
2023-12-11,SKU0016,2,Grocery,156,0,5.142857142857143,11.433333333333334,5.2304370051046165,13.644314868804665,10,0.77,13.7,12,0,0
2023-12-18,SKU0016,2,Grocery,90,187,9.428571428571429,10.666666666666666,5.087735986788653,8.4375,10,0.77,13.7,12,0,0
2023-01-30,SKU0016,3,Grocery,357,643,38.57142857142857,36.86666666666667,5.618524369614678,9.683544303797468,10,0.77,13.7,1,0,0
2023-02-06,SKU0016,3,Grocery,106,643,35.857142857142854,36.8,5.779869942457541,2.880434782608696,10,0.77,13.7,2,0,0
2023-02-13,SKU0016,3,Grocery,489,643,37.142857142857146,37.0,5.693311260018046,13.216216216216216,10,0.77,13.7,2,0,0
2023-02-20,SKU0016,3,Grocery,254,643,33.57142857142857,36.2,5.188847456905478,7.016574585635358,10,0.77,13.7,2,0,0
2023-02-27,SKU0016,3,Grocery,642,0,36.42857142857143,36.333333333333336,6.1213776527687,17.6697247706422,10,0.77,13.7,2,0,0
2023-03-06,SKU0016,3,Grocery,382,643,37.142857142857146,35.86666666666667,5.581578897454167,10.650557620817844,10,0.77,13.7,3,0,0
2023-03-13,SKU0016,3,Grocery,112,643,38.57142857142857,36.43333333333333,6.300976023647024,3.0741079597438246,10,0.77,13.7,3,0,0
2023-03-20,SKU0016,3,Grocery,488,643,38.142857142857146,37.1,7.12136174502098,13.153638814016173,10,0.77,13.7,3,0,0
2023-03-27,SKU0016,3,Grocery,234,643,36.285714285714285,37.3,7.192668681276837,6.273458445040215,10,0.77,13.7,3,0,0
2023-04-03,SKU0016,3,Grocery,621,0,36.57142857142857,37.3,7.07179926380735,16.648793565683647,10,0.77,13.7,4,0,0
2023-04-10,SKU0016,3,Grocery,362,643,37.0,36.8,7.274897795229458,9.83695652173913,10,0.77,13.7,4,0,0
2023-04-17,SKU0016,3,Grocery,723,0,40.285714285714285,37.266666666666666,7.357535819371408,19.40071556350626,10,0.77,13.7,4,0,0
2023-04-24,SKU0016,3,Grocery,475,643,35.42857142857143,36.86666666666667,6.951721857324928,12.884267631103073,10,0.77,13.7,4,0,0
2023-05-01,SKU0016,3,Grocery,226,643,35.57142857142857,36.96666666666667,6.8455036001911385,6.113615870153291,10,0.77,13.7,5,0,0
2023-05-08,SKU0016,3,Grocery,595,0,39.142857142857146,37.2,7.014271166700071,15.994623655913978,10,0.77,13.7,5,0,0
2023-05-15,SKU0016,3,Grocery,360,643,33.57142857142857,36.43333333333333,7.412400296861971,9.88106129917658,10,0.77,13.7,5,0,0
2023-05-22,SKU0016,3,Grocery,762,0,34.42857142857143,35.5,6.876998142232965,21.464788732394368,10,0.77,13.7,5,0,0
2023-05-29,SKU0016,3,Grocery,532,643,32.857142857142854,34.6,6.473287285132784,15.3757225433526,10,0.77,13.7,5,0,0
2023-06-05,SKU0016,3,Grocery,285,643,35.285714285714285,34.36666666666667,6.713256742591758,8.292919495635305,10,0.77,13.7,6,0,0
2023-06-12,SKU0016,3,Grocery,709,0,31.285714285714285,33.43333333333333,6.251528548715258,21.206380857427718,10,0.77,13.7,6,0,0
2023-06-19,SKU0016,3,Grocery,444,643,37.857142857142854,34.266666666666666,6.669194922892861,12.957198443579767,10,0.77,13.7,6,0,0
2023-06-26,SKU0016,3,Grocery,834,0,36.142857142857146,34.833333333333336,7.105526422941948,23.942583732057415,10,0.77,13.7,6,0,0
2023-07-03,SKU0016,3,Grocery,557,0,39.57142857142857,36.4,6.531620699758764,15.302197802197803,10,0.77,13.7,7,0,0
2023-07-10,SKU0016,3,Grocery,289,643,38.285714285714285,37.13333333333333,5.952300820478688,7.782764811490126,10,0.77,13.7,7,0,0
2023-07-17,SKU0016,3,Grocery,682,0,35.714285714285715,37.7,5.311990340664259,18.090185676392572,10,0.77,13.7,7,0,0
2023-07-24,SKU0016,3,Grocery,432,643,35.714285714285715,37.5,5.076993408402807,11.52,10,0.77,13.7,7,0,0
2023-07-31,SKU0016,3,Grocery,834,0,34.42857142857143,36.03333333333333,5.827895659334667,23.145235892691954,10,0.77,13.7,7,0,0
2023-08-07,SKU0016,3,Grocery,573,0,37.285714285714285,36.06666666666667,6.5702219210582165,15.887245841035119,10,0.77,13.7,8,0,0
2023-08-14,SKU0016,3,Grocery,337,643,33.714285714285715,35.233333333333334,6.647184176120303,9.56480605487228,10,0.77,13.7,8,0,0
2023-08-21,SKU0016,3,Grocery,729,0,35.857142857142854,35.7,6.28709680272989,20.42016806722689,10,0.77,13.7,8,0,0
2023-08-28,SKU0016,3,Grocery,468,643,37.285714285714285,35.93333333333333,6.034003265022213,13.024118738404454,10,0.77,13.7,8,0,0
2023-09-04,SKU0016,3,Grocery,216,643,36.0,35.833333333333336,5.907816758378224,6.027906976744186,10,0.77,13.7,9,0,0
2023-09-11,SKU0016,3,Grocery,615,0,34.857142857142854,35.6,6.026378794874264,17.275280898876403,10,0.77,13.7,9,0,0
2023-09-18,SKU0016,3,Grocery,377,643,34.0,35.53333333333333,5.7579530206928204,10.609756097560977,10,0.77,13.7,9,0,0
2023-09-25,SKU0016,3,Grocery,781,0,34.142857142857146,34.86666666666667,6.3231012324176845,22.399617590822178,10,0.77,13.7,9,0,0
2023-10-02,SKU0016,3,Grocery,525,643,36.57142857142857,34.7,6.336266713299612,15.129682997118154,10,0.77,13.7,10,0,0
2023-10-09,SKU0016,3,Grocery,297,643,32.57142857142857,34.3,5.873082959423911,8.658892128279884,10,0.77,13.7,10,0,0
2023-10-16,SKU0016,3,Grocery,684,0,36.57142857142857,34.766666666666666,6.765446353923428,19.674017257909878,10,0.77,13.7,10,0,0
2023-10-23,SKU0016,3,Grocery,430,643,36.285714285714285,35.56666666666667,6.0894670699004605,12.089971883786315,10,0.77,13.7,10,0,0
2023-10-30,SKU0016,3,Grocery,829,0,34.857142857142854,35.1,6.059190796092166,23.618233618233617,10,0.77,13.7,10,0,0
2023-11-06,SKU0016,3,Grocery,508,643,45.857142857142854,38.13333333333333,7.802445829324307,13.321678321678322,10,0.77,13.7,11,0,0
2023-11-13,SKU0016,3,Grocery,178,643,47.142857142857146,40.7,8.354845796055265,4.3734643734643734,10,0.77,13.7,11,0,0
2023-11-20,SKU0016,3,Grocery,460,643,51.57142857142857,44.2,10.600585540105985,10.407239819004523,10,0.77,13.7,11,0,0
2023-11-27,SKU0016,3,Grocery,178,643,40.285714285714285,45.06666666666667,11.057633759888093,3.949704142011834,10,0.77,13.7,11,0,0
2023-12-04,SKU0016,3,Grocery,457,643,52.0,47.86666666666667,10.513483406242408,9.547353760445683,10,0.77,13.7,12,0,0
2023-12-11,SKU0016,3,Grocery,55,643,57.42857142857143,50.166666666666664,11.832402424124956,1.0963455149501662,10,0.77,13.7,12,0,0
2023-12-18,SKU0016,3,Grocery,330,643,52.57142857142857,50.56666666666667,11.355336990196326,6.526038233355306,10,0.77,13.7,12,0,0
2023-01-30,SKU0016,4,Grocery,19,780,30.285714285714285,29.766666666666666,7.1084375960875725,0.6382978723404256,10,0.77,13.7,1,0,0
2023-02-06,SKU0016,4,Grocery,580,0,31.285714285714285,29.566666666666666,6.56890970501526,19.616685456595267,10,0.77,13.7,2,0,0
2023-02-13,SKU0016,4,Grocery,391,780,27.0,29.066666666666666,5.355843301597269,13.45183486238532,10,0.77,13.7,2,0,0
2023-02-20,SKU0016,4,Grocery,189,780,28.857142857142858,29.266666666666666,4.9335818514602,6.457858769931663,10,0.77,13.7,2,0,0
2023-02-27,SKU0016,4,Grocery,768,0,28.714285714285715,28.733333333333334,5.650348377012622,26.728538283062644,10,0.77,13.7,2,0,0
2023-03-06,SKU0016,4,Grocery,535,0,33.285714285714285,29.7,5.452933408599511,18.013468013468014,10,0.77,13.7,3,0,0
2023-03-13,SKU0016,4,Grocery,320,780,30.714285714285715,30.1,5.313288481040591,10.631229235880399,10,0.77,13.7,3,0,0
2023-03-20,SKU0016,4,Grocery,116,780,29.142857142857142,30.533333333333335,5.296279327286629,3.799126637554585,10,0.77,13.7,3,0,1
2023-03-27,SKU0016,4,Grocery,726,0,24.285714285714285,28.7,7.639055727888954,25.29616724738676,10,0.77,13.7,3,0,0
2023-04-03,SKU0016,4,Grocery,521,0,29.285714285714285,28.733333333333334,7.1531682555322265,18.132250580046403,10,0.77,13.7,4,0,0
2023-04-10,SKU0016,4,Grocery,279,780,34.57142857142857,29.333333333333332,8.310082506471748,9.511363636363637,10,0.77,13.7,4,0,0
2023-04-17,SKU0016,4,Grocery,821,0,34.0,30.7,8.301017802156805,26.74267100977199,10,0.77,13.7,4,0,0
2023-04-24,SKU0016,4,Grocery,590,0,33.0,32.333333333333336,6.402226624161828,18.24742268041237,10,0.77,13.7,4,0,0
2023-05-01,SKU0016,4,Grocery,373,780,31.0,33.03333333333333,6.42453987797401,11.29162462159435,10,0.77,13.7,5,0,0
2023-05-08,SKU0016,4,Grocery,136,780,33.857142857142854,33.03333333333333,7.117163970887976,4.117053481331988,10,0.77,13.7,5,0,0
2023-05-15,SKU0016,4,Grocery,716,0,28.571428571428573,31.666666666666668,7.466399831028452,22.61052631578947,10,0.77,13.7,5,0,0
2023-05-22,SKU0016,4,Grocery,518,0,28.285714285714285,30.3,6.8790035364994875,17.095709570957094,10,0.77,13.7,5,0,0
2023-05-29,SKU0016,4,Grocery,313,780,29.285714285714285,29.7,6.963698977431166,10.53872053872054,10,0.77,13.7,5,0,0
2023-06-05,SKU0016,4,Grocery,89,780,32.0,29.4,5.360133812019865,3.0272108843537415,10,0.77,13.7,6,0,0
2023-06-12,SKU0016,4,Grocery,683,0,26.571428571428573,28.9,5.767626655859347,23.633217993079587,10,0.77,13.7,6,0,0
2023-06-19,SKU0016,4,Grocery,484,0,28.428571428571427,28.8,5.950369446658258,16.805555555555554,10,0.77,13.7,6,0,0
2023-06-26,SKU0016,4,Grocery,281,780,29.0,28.966666666666665,5.991277184278035,9.700805523590335,10,0.77,13.7,6,0,0
2023-07-03,SKU0016,4,Grocery,826,0,33.57142857142857,29.066666666666666,5.735150741086801,28.41743119266055,10,0.77,13.7,7,0,0
2023-07-10,SKU0016,4,Grocery,604,0,31.714285714285715,30.666666666666668,5.114774632398767,19.695652173913043,10,0.77,13.7,7,0,0
2023-07-17,SKU0016,4,Grocery,380,780,32.0,31.4,4.924253838102689,12.101910828025478,10,0.77,13.7,7,0,0
2023-07-24,SKU0016,4,Grocery,163,780,31.0,32.03333333333333,4.774091957952701,5.088449531737774,10,0.77,13.7,7,0,0
2023-07-31,SKU0016,4,Grocery,721,0,31.714285714285715,31.5,5.144464718644635,22.88888888888889,10,0.77,13.7,7,0,0
2023-08-07,SKU0016,4,Grocery,495,0,32.285714285714285,31.633333333333333,6.195010970090396,15.64805057955743,10,0.77,13.7,8,0,0
2023-08-14,SKU0016,4,Grocery,282,780,30.428571428571427,31.433333333333334,6.240487013120022,8.971367974549311,10,0.77,13.7,8,0,0
2023-08-21,SKU0016,4,Grocery,835,0,32.42857142857143,31.8,6.519995768985311,26.257861635220124,10,0.77,13.7,8,0,0
2023-08-28,SKU0016,4,Grocery,609,0,32.285714285714285,31.766666666666666,6.811163925717003,19.171038824763905,10,0.77,13.7,8,0,0
2023-09-04,SKU0016,4,Grocery,418,0,27.285714285714285,30.633333333333333,6.994989996952914,13.645266594124049,10,0.77,13.7,9,0,0
2023-09-11,SKU0016,4,Grocery,183,780,33.57142857142857,30.933333333333334,7.244181176609287,5.9159482758620685,10,0.77,13.7,9,0,0
2023-09-18,SKU0016,4,Grocery,760,0,29.0,30.666666666666668,7.227024633794416,24.782608695652172,10,0.77,13.7,9,0,0
2023-09-25,SKU0016,4,Grocery,565,0,27.857142857142858,29.366666666666667,6.672038065990254,19.23950056753689,10,0.77,13.7,9,0,0
2023-10-02,SKU0016,4,Grocery,335,780,32.857142857142854,30.866666666666667,6.3719933184659565,10.853131749460044,10,0.77,13.7,10,0,0
2023-10-09,SKU0016,4,Grocery,908,0,29.571428571428573,29.933333333333334,5.317072913532042,30.334075723830736,10,0.77,13.7,10,0,0
2023-10-16,SKU0016,4,Grocery,691,0,31.0,30.0,6.1923200487545,23.033333333333335,10,0.77,13.7,10,0,0
2023-10-23,SKU0016,4,Grocery,483,0,29.714285714285715,30.3,5.7903010463098195,15.94059405940594,10,0.77,13.7,10,0,0
2023-10-30,SKU0016,4,Grocery,280,780,29.0,29.933333333333334,5.830557631895135,9.354120267260578,10,0.77,13.7,10,0,0
2023-11-06,SKU0016,4,Grocery,784,0,39.42857142857143,31.9,7.150355669957729,24.57680250783699,10,0.77,13.7,11,0,0
2023-11-13,SKU0016,4,Grocery,503,0,40.142857142857146,33.93333333333333,7.878094174106582,14.82318271119843,10,0.77,13.7,11,0,0
2023-11-20,SKU0016,4,Grocery,224,780,39.857142857142854,36.43333333333333,7.7445568575316415,6.148215919487649,10,0.77,13.7,11,0,0
2023-11-27,SKU0016,4,Grocery,739,0,37.857142857142854,38.96666666666667,5.653703902406996,18.96492728828058,10,0.77,13.7,11,0,0
2023-12-04,SKU0016,4,Grocery,435,0,43.42857142857143,40.233333333333334,5.928792011248481,10.811930405965203,10,0.77,13.7,12,0,0
2023-12-11,SKU0016,4,Grocery,128,780,43.857142857142854,41.166666666666664,6.528892462095642,3.1093117408906883,10,0.77,13.7,12,0,0
2023-12-18,SKU0016,4,Grocery,601,0,43.857142857142854,41.86666666666667,6.584900875505262,14.355095541401274,10,0.77,13.7,12,0,0
2023-01-30,SKU0017,1,Grocery,421,607,30.857142857142858,30.7,4.77890479445686,13.713355048859935,10,0.94,16.81,1,0,0
2023-02-06,SKU0017,1,Grocery,234,607,26.714285714285715,30.4,5.1901763972415,7.697368421052632,10,0.94,16.81,2,0,0
2023-02-13,SKU0017,1,Grocery,39,607,27.857142857142858,29.6,5.4747067312417235,1.3175675675675675,10,0.94,16.81,2,0,0
2023-02-20,SKU0017,1,Grocery,455,607,27.285714285714285,27.866666666666667,4.819023605020742,16.327751196172247,10,0.94,16.81,2,0,0
2023-02-27,SKU0017,1,Grocery,226,607,32.714285714285715,28.533333333333335,4.819023605020742,7.920560747663551,10,0.94,16.81,2,0,0
2023-03-06,SKU0017,1,Grocery,619,0,30.571428571428573,29.3,5.522056088838275,21.12627986348123,10,0.94,16.81,3,0,0
2023-03-13,SKU0017,1,Grocery,398,607,31.571428571428573,30.3,5.682095291048164,13.135313531353136,10,0.94,16.81,3,0,0
2023-03-20,SKU0017,1,Grocery,161,607,33.857142857142854,32.0,6.153216148122638,5.03125,10,0.94,16.81,3,0,0
2023-03-27,SKU0017,1,Grocery,563,0,29.285714285714285,31.533333333333335,6.420513102996293,17.854122621564482,10,0.94,16.81,3,0,0
2023-04-03,SKU0017,1,Grocery,335,607,32.57142857142857,31.7,5.766430797116271,10.56782334384858,10,0.94,16.81,4,0,0
2023-04-10,SKU0017,1,Grocery,744,0,28.285714285714285,31.333333333333332,5.9846547063321,23.74468085106383,10,0.94,16.81,4,0,0
2023-04-17,SKU0017,1,Grocery,536,0,29.714285714285715,30.666666666666668,5.326144580459116,17.478260869565215,10,0.94,16.81,4,0,0
2023-04-24,SKU0017,1,Grocery,343,607,27.571428571428573,29.566666666666666,4.966670523797006,11.600901916572717,10,0.94,16.81,4,0,0
2023-05-01,SKU0017,1,Grocery,736,0,30.571428571428573,29.566666666666666,5.751661429135264,24.892897406989853,10,0.94,16.81,5,0,0
2023-05-08,SKU0017,1,Grocery,538,0,28.285714285714285,29.1,5.785534875281926,18.487972508591064,10,0.94,16.81,5,0,0
2023-05-15,SKU0017,1,Grocery,319,607,31.285714285714285,29.266666666666666,6.147235618318729,10.899772209567198,10,0.94,16.81,5,0,0
2023-05-22,SKU0017,1,Grocery,696,0,32.857142857142854,30.466666666666665,6.015688302025498,22.844638949671772,10,0.94,16.81,5,0,0
2023-05-29,SKU0017,1,Grocery,466,0,32.857142857142854,31.5,5.952397372719549,14.793650793650794,10,0.94,16.81,5,0,0
2023-06-05,SKU0017,1,Grocery,263,607,29.0,31.466666666666665,6.251804337250514,8.358050847457628,10,0.94,16.81,6,0,0
2023-06-12,SKU0017,1,Grocery,667,0,29.0,30.933333333333334,6.2804202216825855,21.5625,10,0.94,16.81,6,0,0
2023-06-19,SKU0017,1,Grocery,479,0,26.857142857142858,29.6,6.134132881418252,16.18243243243243,10,0.94,16.81,6,0,0
2023-06-26,SKU0017,1,Grocery,238,607,34.42857142857143,30.033333333333335,5.892621530842376,7.924528301886792,10,0.94,16.81,6,0,0
2023-07-03,SKU0017,1,Grocery,620,0,32.142857142857146,30.1,5.504543577809154,20.59800664451827,10,0.94,16.81,7,0,0
2023-07-10,SKU0017,1,Grocery,386,607,33.42857142857143,31.566666666666666,4.9388211167229406,12.228088701161562,10,0.94,16.81,7,0,0
2023-07-17,SKU0017,1,Grocery,807,0,26.571428571428573,31.466666666666665,6.140500559924794,25.64618644067797,10,0.94,16.81,7,0,0
2023-07-24,SKU0017,1,Grocery,616,0,27.285714285714285,30.133333333333333,6.112357936200227,20.442477876106196,10,0.94,16.81,7,0,0
2023-07-31,SKU0017,1,Grocery,416,607,28.571428571428573,29.066666666666666,6.480385968354869,14.311926605504587,10,0.94,16.81,7,0,0
2023-08-07,SKU0017,1,Grocery,810,0,30.428571428571427,28.333333333333332,6.794182772065383,28.58823529411765,10,0.94,16.81,8,0,0
2023-08-14,SKU0017,1,Grocery,614,0,28.0,27.833333333333332,7.158709830463993,22.059880239520957,10,0.94,16.81,8,0,0
2023-08-21,SKU0017,1,Grocery,404,607,30.0,29.233333333333334,6.801031023933493,13.819840364880273,10,0.94,16.81,8,0,0
2023-08-28,SKU0017,1,Grocery,760,0,35.857142857142854,30.533333333333335,7.247988226627672,24.89082969432314,10,0.94,16.81,8,0,0
2023-09-04,SKU0017,1,Grocery,546,0,30.571428571428573,30.866666666666667,7.384668803225593,17.688984881209503,10,0.94,16.81,9,0,0
2023-09-11,SKU0017,1,Grocery,346,607,28.571428571428573,31.033333333333335,7.3554264900530875,11.149301825993554,10,0.94,16.81,9,0,0
2023-09-18,SKU0017,1,Grocery,726,0,32.42857142857143,31.8,7.033908022498265,22.830188679245282,10,0.94,16.81,9,0,0
2023-09-25,SKU0017,1,Grocery,511,0,30.714285714285715,30.7,6.131602704361881,16.644951140065146,10,0.94,16.81,9,0,0
2023-10-02,SKU0017,1,Grocery,288,607,31.857142857142858,30.533333333333335,5.008498524634342,9.432314410480348,10,0.94,16.81,10,0,0
2023-10-09,SKU0017,1,Grocery,695,0,28.571428571428573,31.033333333333335,4.589969073093412,22.395273899033295,10,0.94,16.81,10,0,0
2023-10-16,SKU0017,1,Grocery,481,0,30.571428571428573,30.333333333333332,4.588842039596466,15.857142857142858,10,0.94,16.81,10,0,0
2023-10-23,SKU0017,1,Grocery,271,607,30.0,30.166666666666668,4.186046882889294,8.98342541436464,10,0.94,16.81,10,0,0
2023-10-30,SKU0017,1,Grocery,666,0,30.285714285714285,29.7,4.457848561032949,22.424242424242426,10,0.94,16.81,10,0,0
2023-11-06,SKU0017,1,Grocery,394,607,38.857142857142854,32.03333333333333,6.250425272887753,12.299687825182103,10,0.94,16.81,11,0,0
2023-11-13,SKU0017,1,Grocery,131,607,37.57142857142857,34.13333333333333,7.064888086739991,3.837890625,10,0.94,16.81,11,0,0
2023-11-20,SKU0017,1,Grocery,461,607,39.57142857142857,36.03333333333333,7.294226972506162,12.793709528214617,10,0.94,16.81,11,0,0
2023-11-27,SKU0017,1,Grocery,196,607,37.857142857142854,37.766666666666666,6.4309774734769,5.189761694616064,10,0.94,16.81,11,0,0
2023-12-04,SKU0017,1,Grocery,527,0,39.42857142857143,39.13333333333333,7.142555001819898,13.466780238500853,10,0.94,16.81,12,0,0
2023-12-11,SKU0017,1,Grocery,208,607,45.57142857142857,40.833333333333336,8.654611421119615,5.093877551020408,10,0.94,16.81,12,0,0
2023-12-18,SKU0017,1,Grocery,522,0,41.857142857142854,40.8,8.711466878339902,12.794117647058824,10,0.94,16.81,12,0,0
2023-01-30,SKU0017,2,Grocery,416,0,28.142857142857142,28.233333333333334,6.145833089811021,14.73435655253837,10,0.94,16.81,1,0,0
2023-02-06,SKU0017,2,Grocery,201,633,30.714285714285715,28.033333333333335,6.661693547405211,7.170035671819262,10,0.94,16.81,2,0,0
2023-02-13,SKU0017,2,Grocery,642,0,27.428571428571427,28.866666666666667,6.760602571253303,22.240184757505773,10,0.94,16.81,2,0,0
2023-02-20,SKU0017,2,Grocery,452,0,27.142857142857142,28.166666666666668,6.644070902761312,16.047337278106507,10,0.94,16.81,2,0,0
2023-02-27,SKU0017,2,Grocery,235,633,31.0,29.133333333333333,6.966586921393669,8.066361556064074,10,0.94,16.81,2,0,0
2023-03-06,SKU0017,2,Grocery,643,0,32.142857142857146,29.733333333333334,6.912923097151191,21.62556053811659,10,0.94,16.81,3,0,0
2023-03-13,SKU0017,2,Grocery,433,0,30.0,29.833333333333332,6.433121907073141,14.513966480446928,10,0.94,16.81,3,0,0
2023-03-20,SKU0017,2,Grocery,240,633,27.571428571428573,30.166666666666668,6.767484804173014,7.955801104972376,10,0.94,16.81,3,0,0
2023-03-27,SKU0017,2,Grocery,694,0,25.571428571428573,28.866666666666667,6.740169512517564,24.041570438799077,10,0.94,16.81,3,0,0
2023-04-03,SKU0017,2,Grocery,505,0,27.0,28.033333333333335,6.6409561699031485,18.01426872770511,10,0.94,16.81,4,0,0
2023-04-10,SKU0017,2,Grocery,303,633,28.857142857142858,27.633333333333333,6.41917028333388,10.965018094089265,10,0.94,16.81,4,0,0
2023-04-17,SKU0017,2,Grocery,97,633,29.428571428571427,27.3,5.748463062959254,3.553113553113553,10,0.94,16.81,4,0,0
2023-04-24,SKU0017,2,Grocery,565,0,23.571428571428573,27.0,6.062888807297654,20.925925925925927,10,0.94,16.81,4,0,0
2023-05-01,SKU0017,2,Grocery,321,0,34.857142857142854,28.866666666666667,7.001149330932958,11.120092378752886,10,0.94,16.81,5,0,0
2023-05-08,SKU0017,2,Grocery,143,633,25.428571428571427,28.1,7.145531519044276,5.0889679715302485,10,0.94,16.81,5,0,0
2023-05-15,SKU0017,2,Grocery,579,0,28.142857142857142,28.233333333333334,6.921646870673112,20.50767414403778,10,0.94,16.81,5,0,0
2023-05-22,SKU0017,2,Grocery,355,0,32.0,29.5,6.251896264058753,12.033898305084746,10,0.94,16.81,5,0,0
2023-05-29,SKU0017,2,Grocery,171,633,26.285714285714285,28.533333333333335,5.6916959070957605,5.992990654205607,10,0.94,16.81,5,0,0
2023-06-05,SKU0017,2,Grocery,597,0,29.571428571428573,29.033333333333335,4.701308206294794,20.562571756601606,10,0.94,16.81,6,0,0
2023-06-12,SKU0017,2,Grocery,388,0,29.857142857142858,29.5,5.606338777023618,13.152542372881356,10,0.94,16.81,6,0,0
2023-06-19,SKU0017,2,Grocery,206,633,26.0,28.3,5.855442502198426,7.279151943462898,10,0.94,16.81,6,0,0
2023-06-26,SKU0017,2,Grocery,659,0,25.714285714285715,28.033333333333335,5.135967379135139,23.507728894173603,10,0.94,16.81,6,0,0
2023-07-03,SKU0017,2,Grocery,447,0,30.285714285714285,27.9,6.834748942239819,16.021505376344088,10,0.94,16.81,7,0,0
2023-07-10,SKU0017,2,Grocery,260,633,26.714285714285715,27.433333333333334,6.991045175342396,9.477521263669502,10,0.94,16.81,7,0,0
2023-07-17,SKU0017,2,Grocery,691,0,28.857142857142858,27.6,6.657119600796609,25.03623188405797,10,0.94,16.81,7,0,0
2023-07-24,SKU0017,2,Grocery,460,0,33.0,29.566666666666666,6.673071635871391,15.558060879368659,10,0.94,16.81,7,0,0
2023-07-31,SKU0017,2,Grocery,253,633,29.571428571428573,29.433333333333334,5.494092961651122,8.595696489241224,10,0.94,16.81,7,0,0
2023-08-07,SKU0017,2,Grocery,674,0,30.285714285714285,30.1,4.245484416534174,22.39202657807309,10,0.94,16.81,8,0,0
2023-08-14,SKU0017,2,Grocery,487,0,26.714285714285715,29.633333333333333,5.3400460629121,16.43419572553431,10,0.94,16.81,8,0,0
2023-08-21,SKU0017,2,Grocery,284,633,29.0,29.2,4.992408029301543,9.726027397260275,10,0.94,16.81,8,0,0
2023-08-28,SKU0017,2,Grocery,115,633,24.142857142857142,27.3,5.614943116977818,4.212454212454213,10,0.94,16.81,8,0,0
2023-09-04,SKU0017,2,Grocery,576,0,24.571428571428573,26.333333333333332,6.4076104176493,21.873417721518987,10,0.94,16.81,9,0,0
2023-09-11,SKU0017,2,Grocery,388,0,26.857142857142858,25.833333333333332,5.825528440338733,15.019354838709678,10,0.94,16.81,9,0,0
2023-09-18,SKU0017,2,Grocery,180,633,29.714285714285715,26.3,5.943121204819268,6.844106463878327,10,0.94,16.81,9,0,0
2023-09-25,SKU0017,2,Grocery,606,0,29.571428571428573,27.733333333333334,6.2859083415335375,21.850961538461537,10,0.94,16.81,9,0,0
2023-10-02,SKU0017,2,Grocery,410,0,28.0,28.5,5.5133067866878145,14.385964912280702,10,0.94,16.81,10,0,0
2023-10-09,SKU0017,2,Grocery,215,633,27.857142857142858,28.7,5.528297112630365,7.491289198606272,10,0.94,16.81,10,0,0
2023-10-16,SKU0017,2,Grocery,663,0,26.428571428571427,28.033333333333335,5.404234185010562,23.65041617122473,10,0.94,16.81,10,0,0
2023-10-23,SKU0017,2,Grocery,484,0,25.571428571428573,27.1,4.780347700526713,17.859778597785976,10,0.94,16.81,10,0,0
2023-10-30,SKU0017,2,Grocery,304,633,25.714285714285715,26.566666666666666,4.430951741255294,11.442910915934755,10,0.94,16.81,10,0,0
2023-11-06,SKU0017,2,Grocery,32,633,38.857142857142854,28.766666666666666,7.536958745172804,1.1123986095017382,10,0.94,16.81,11,0,0
2023-11-13,SKU0017,2,Grocery,380,0,40.714285714285715,32.166666666666664,9.255318446181628,11.813471502590675,10,0.94,16.81,11,0,0
2023-11-20,SKU0017,2,Grocery,98,633,40.285714285714285,35.36666666666667,9.129275883711673,2.770970782280867,10,0.94,16.81,11,0,1
2023-11-27,SKU0017,2,Grocery,524,0,29.571428571428573,36.333333333333336,10.306788299827996,14.422018348623853,10,0.94,16.81,11,0,0
2023-12-04,SKU0017,2,Grocery,263,633,37.285714285714285,37.166666666666664,10.171235076848129,7.076233183856503,10,0.94,16.81,12,0,1
2023-12-11,SKU0017,2,Grocery,0,633,37.57142857142857,36.5,10.569148336158603,0.0,10,0.94,16.81,12,0,1
2023-12-18,SKU0017,2,Grocery,398,0,33.57142857142857,34.96666666666667,12.104383171150154,11.382268827454718,10,0.94,16.81,12,0,0
2023-01-30,SKU0017,3,Grocery,390,0,20.0,18.466666666666665,4.248596793371157,21.119133574007222,10,0.94,16.81,1,0,0
2023-02-06,SKU0017,3,Grocery,258,0,18.857142857142858,18.633333333333333,3.9434217010920465,13.846153846153847,10,0.94,16.81,2,0,0
2023-02-13,SKU0017,3,Grocery,137,312,17.285714285714285,17.8,3.9163670709578238,7.6966292134831455,10,0.94,16.81,2,0,0
2023-02-20,SKU0017,3,Grocery,321,0,18.285714285714285,18.566666666666666,3.2021903423291,17.289048473967686,10,0.94,16.81,2,0,0
2023-02-27,SKU0017,3,Grocery,205,312,16.571428571428573,18.0,3.3937061421564394,11.38888888888889,10,0.94,16.81,2,0,0
2023-03-06,SKU0017,3,Grocery,386,0,18.714285714285715,17.766666666666666,4.182750566176589,21.72607879924953,10,0.94,16.81,3,0,0
2023-03-13,SKU0017,3,Grocery,242,312,20.571428571428573,18.433333333333334,5.042463364429057,13.128390596745026,10,0.94,16.81,3,0,0
2023-03-20,SKU0017,3,Grocery,114,312,18.285714285714285,18.433333333333334,5.418253525294643,6.184448462929476,10,0.94,16.81,3,0,0
2023-03-27,SKU0017,3,Grocery,292,0,19.142857142857142,18.833333333333332,5.527881263591669,15.504424778761063,10,0.94,16.81,3,0,0
2023-04-03,SKU0017,3,Grocery,151,312,20.142857142857142,19.2,5.683612255939182,7.864583333333334,10,0.94,16.81,4,0,0
2023-04-10,SKU0017,3,Grocery,326,0,19.571428571428573,19.766666666666666,5.550292526204075,16.49241146711636,10,0.94,16.81,4,0,0
2023-04-17,SKU0017,3,Grocery,206,312,17.142857142857142,18.9,5.441538829006572,10.8994708994709,10,0.94,16.81,4,0,0
2023-04-24,SKU0017,3,Grocery,391,0,18.142857142857142,18.7,5.331429257810188,20.90909090909091,10,0.94,16.81,4,0,0
2023-05-01,SKU0017,3,Grocery,269,0,17.428571428571427,18.266666666666666,4.996090425545748,14.726277372262775,10,0.94,16.81,5,0,0
2023-05-08,SKU0017,3,Grocery,134,312,19.285714285714285,17.8,3.9426929358253218,7.528089887640449,10,0.94,16.81,5,0,0
2023-05-15,SKU0017,3,Grocery,318,0,18.285714285714285,18.133333333333333,3.6552591618420007,17.536764705882355,10,0.94,16.81,5,0,0
2023-05-22,SKU0017,3,Grocery,185,312,19.0,18.533333333333335,3.1374636509319966,9.982014388489208,10,0.94,16.81,5,0,0
2023-05-29,SKU0017,3,Grocery,371,0,18.0,18.533333333333335,3.370596318195028,20.017985611510788,10,0.94,16.81,5,0,0
2023-06-05,SKU0017,3,Grocery,253,0,16.857142857142858,18.133333333333333,3.1264536848765503,13.952205882352942,10,0.94,16.81,6,0,0
2023-06-12,SKU0017,3,Grocery,113,312,20.0,18.366666666666667,3.488733920466863,6.152450090744101,10,0.94,16.81,6,0,0
2023-06-19,SKU0017,3,Grocery,320,0,15.0,17.533333333333335,3.5982115608704324,18.250950570342205,10,0.94,16.81,6,0,0
2023-06-26,SKU0017,3,Grocery,174,312,20.857142857142858,17.933333333333334,4.151720319240617,9.70260223048327,10,0.94,16.81,6,0,0
2023-07-03,SKU0017,3,Grocery,351,0,19.285714285714285,18.633333333333333,3.9955434944562844,18.837209302325583,10,0.94,16.81,7,0,0
2023-07-10,SKU0017,3,Grocery,236,312,16.428571428571427,17.866666666666667,4.629242384826191,13.208955223880597,10,0.94,16.81,7,0,0
2023-07-17,SKU0017,3,Grocery,131,312,15.0,17.566666666666666,4.8472056175543665,7.4573055028463,10,0.94,16.81,7,0,0
2023-07-24,SKU0017,3,Grocery,306,0,19.571428571428573,17.866666666666667,4.7469288317114415,17.12686567164179,10,0.94,16.81,7,0,0
2023-07-31,SKU0017,3,Grocery,181,312,17.857142857142858,17.366666666666667,4.817234385665371,10.422264875239923,10,0.94,16.81,7,0,0
2023-08-07,SKU0017,3,Grocery,359,0,19.142857142857142,17.833333333333332,5.439848713244562,20.13084112149533,10,0.94,16.81,8,0,0
2023-08-14,SKU0017,3,Grocery,207,312,21.714285714285715,19.5,4.876049842748267,10.615384615384615,10,0.94,16.81,8,0,0
2023-08-21,SKU0017,3,Grocery,77,312,18.571428571428573,19.133333333333333,4.636685300374888,4.024390243902439,10,0.94,16.81,8,0,0
2023-08-28,SKU0017,3,Grocery,242,312,21.0,19.866666666666667,4.6143205375210306,12.181208053691275,10,0.94,16.81,8,0,0
2023-09-04,SKU0017,3,Grocery,124,312,16.857142857142858,19.266666666666666,4.510014399650779,6.43598615916955,10,0.94,16.81,9,0,0
2023-09-11,SKU0017,3,Grocery,300,0,19.428571428571427,19.133333333333333,4.695803947424083,15.679442508710801,10,0.94,16.81,9,0,0
2023-09-18,SKU0017,3,Grocery,157,312,20.428571428571427,19.233333333333334,5.170762188420127,8.162911611785095,10,0.94,16.81,9,0,0
2023-09-25,SKU0017,3,Grocery,337,0,18.857142857142858,18.666666666666668,5.114774632398757,18.053571428571427,10,0.94,16.81,9,0,0
2023-10-02,SKU0017,3,Grocery,200,312,19.571428571428573,19.3,5.305494874379662,10.362694300518134,10,0.94,16.81,10,0,0
2023-10-09,SKU0017,3,Grocery,372,0,20.0,19.566666666666666,4.868500677885811,19.01192504258944,10,0.94,16.81,10,0,0
2023-10-16,SKU0017,3,Grocery,235,312,19.571428571428573,19.233333333333334,4.304635299008638,12.218370883882148,10,0.94,16.81,10,0,0
2023-10-23,SKU0017,3,Grocery,123,312,16.0,19.133333333333333,4.477786809646436,6.428571428571429,10,0.94,16.81,10,0,0
2023-10-30,SKU0017,3,Grocery,291,0,20.571428571428573,18.833333333333332,4.210687005403183,15.45132743362832,10,0.94,16.81,10,0,0
2023-11-06,SKU0017,3,Grocery,122,312,24.142857142857142,20.0,4.7415987410038705,6.1,10,0.94,16.81,11,0,0
2023-11-13,SKU0017,3,Grocery,272,0,23.142857142857142,20.733333333333334,5.030481798638829,13.118971061093246,10,0.94,16.81,11,0,0
2023-11-20,SKU0017,3,Grocery,113,312,22.714285714285715,22.266666666666666,4.615814892999543,5.074850299401198,10,0.94,16.81,11,0,0
2023-11-27,SKU0017,3,Grocery,257,0,24.0,23.333333333333332,4.436007317345152,11.014285714285714,10,0.94,16.81,11,0,0
2023-12-04,SKU0017,3,Grocery,84,312,24.714285714285715,23.766666666666666,4.199206274206209,3.5343618513323984,10,0.94,16.81,12,0,0
2023-12-11,SKU0017,3,Grocery,205,312,27.285714285714285,24.8,4.634205656740417,8.266129032258064,10,0.94,16.81,12,0,0
2023-12-18,SKU0017,3,Grocery,11,312,27.714285714285715,25.766666666666666,4.789955966490593,0.4269081500646831,10,0.94,16.81,12,0,0
2023-01-30,SKU0017,4,Grocery,511,0,30.714285714285715,31.533333333333335,6.344877561022578,16.20507399577167,10,0.94,16.81,1,0,0
2023-02-06,SKU0017,4,Grocery,273,675,34.0,31.833333333333332,5.8550498883786055,8.575916230366493,10,0.94,16.81,2,0,0
2023-02-13,SKU0017,4,Grocery,729,0,31.285714285714285,32.3,5.908205865719656,22.56965944272446,10,0.94,16.81,2,0,0
2023-02-20,SKU0017,4,Grocery,494,0,33.57142857142857,32.733333333333334,5.419844337587397,15.091649694501017,10,0.94,16.81,2,0,0
2023-02-27,SKU0017,4,Grocery,269,675,32.142857142857146,32.4,6.037811889566709,8.30246913580247,10,0.94,16.81,2,0,0
2023-03-06,SKU0017,4,Grocery,734,0,30.0,31.733333333333334,5.959248583350163,23.130252100840334,10,0.94,16.81,3,0,0
2023-03-13,SKU0017,4,Grocery,511,0,31.857142857142858,32.2,5.397317341305644,15.869565217391303,10,0.94,16.81,3,0,0
2023-03-20,SKU0017,4,Grocery,303,675,29.714285714285715,30.966666666666665,5.189401223404417,9.784714747039828,10,0.94,16.81,3,0,0
2023-03-27,SKU0017,4,Grocery,742,0,33.714285714285715,30.933333333333334,5.17242911875124,23.987068965517242,10,0.94,16.81,3,0,0
2023-04-03,SKU0017,4,Grocery,529,0,30.428571428571427,30.866666666666667,5.083667786246416,17.138228941684666,10,0.94,16.81,4,0,0
2023-04-10,SKU0017,4,Grocery,334,675,27.857142857142858,30.633333333333333,6.250425272887758,10.903155603917302,10,0.94,16.81,4,0,0
2023-04-17,SKU0017,4,Grocery,776,0,33.285714285714285,31.133333333333333,6.668160752118378,24.925053533190578,10,0.94,16.81,4,0,0
2023-04-24,SKU0017,4,Grocery,549,0,32.42857142857143,31.233333333333334,6.409493676992144,17.577374599786552,10,0.94,16.81,4,0,0
2023-05-01,SKU0017,4,Grocery,347,675,28.857142857142858,30.666666666666668,6.194175981674559,11.315217391304348,10,0.94,16.81,5,0,0
2023-05-08,SKU0017,4,Grocery,783,0,34.142857142857146,31.666666666666668,6.024852742989875,24.726315789473684,10,0.94,16.81,5,0,0
2023-05-15,SKU0017,4,Grocery,571,0,30.285714285714285,31.533333333333335,5.257069678936676,18.10782241014799,10,0.94,16.81,5,0,0
2023-05-22,SKU0017,4,Grocery,340,675,33.0,31.533333333333335,6.468668963621457,10.782241014799153,10,0.94,16.81,5,0,0
2023-05-29,SKU0017,4,Grocery,778,0,33.857142857142854,32.333333333333336,6.7432384184319085,24.061855670103093,10,0.94,16.81,5,0,0
2023-06-05,SKU0017,4,Grocery,565,0,30.428571428571427,31.666666666666668,6.138253898262939,17.842105263157894,10,0.94,16.81,6,0,0
2023-06-12,SKU0017,4,Grocery,330,675,33.57142857142857,32.2,6.969885963545427,10.248447204968944,10,0.94,16.81,6,0,0
2023-06-19,SKU0017,4,Grocery,785,0,31.428571428571427,32.56666666666667,6.1626423650525295,24.104401228249742,10,0.94,16.81,6,0,0
2023-06-26,SKU0017,4,Grocery,563,0,31.714285714285715,32.0,6.351757834348446,17.59375,10,0.94,16.81,6,0,0
2023-07-03,SKU0017,4,Grocery,340,675,31.857142857142858,31.833333333333332,6.908681861069536,10.68062827225131,10,0.94,16.81,7,0,0
2023-07-10,SKU0017,4,Grocery,804,0,30.142857142857142,31.5,6.511263450678209,25.523809523809526,10,0.94,16.81,7,0,0
2023-07-17,SKU0017,4,Grocery,578,0,32.285714285714285,31.3,5.896521476026467,18.466453674121404,10,0.94,16.81,7,0,0
2023-07-24,SKU0017,4,Grocery,340,675,34.0,32.333333333333336,5.554329366597162,10.515463917525773,10,0.94,16.81,7,0,0
2023-07-31,SKU0017,4,Grocery,778,0,33.857142857142854,32.86666666666667,6.078414796374261,23.671399594320487,10,0.94,16.81,7,0,0
2023-08-07,SKU0017,4,Grocery,527,0,35.857142857142854,33.766666666666666,5.858582465558292,15.6071076011846,10,0.94,16.81,8,0,0
2023-08-14,SKU0017,4,Grocery,285,675,34.57142857142857,34.1,6.895025693233113,8.357771260997067,10,0.94,16.81,8,0,0
2023-08-21,SKU0017,4,Grocery,728,0,33.142857142857146,34.2,6.619719756543503,21.286549707602337,10,0.94,16.81,8,0,0
2023-08-28,SKU0017,4,Grocery,511,0,31.0,33.233333333333334,6.112075855580312,15.376128385155466,10,0.94,16.81,8,0,0
2023-09-04,SKU0017,4,Grocery,263,675,35.42857142857143,33.63333333333333,5.798235958451936,7.8196233894945495,10,0.94,16.81,9,0,0
2023-09-11,SKU0017,4,Grocery,709,0,32.714285714285715,33.233333333333334,6.505612077717753,21.334002006018054,10,0.94,16.81,9,0,0
2023-09-18,SKU0017,4,Grocery,461,0,35.42857142857143,33.4,6.856157564680388,13.802395209580839,10,0.94,16.81,9,0,0
2023-09-25,SKU0017,4,Grocery,238,675,31.857142857142858,33.7,6.968649005762681,7.062314540059346,10,0.94,16.81,9,0,0
2023-10-02,SKU0017,4,Grocery,659,0,36.285714285714285,34.1,7.480319004814771,19.325513196480937,10,0.94,16.81,10,0,0
2023-10-09,SKU0017,4,Grocery,456,0,29.0,32.86666666666667,7.015909670580651,13.874239350912779,10,0.94,16.81,10,0,0
2023-10-16,SKU0017,4,Grocery,218,675,34.0,33.13333333333333,7.319003763624799,6.579476861167002,10,0.94,16.81,10,0,0
2023-10-23,SKU0017,4,Grocery,678,0,30.714285714285715,32.233333333333334,6.9216468706731105,21.03412616339193,10,0.94,16.81,10,0,0
2023-10-30,SKU0017,4,Grocery,471,0,29.571428571428573,31.133333333333333,5.769918025673207,15.128479657387581,10,0.94,16.81,10,0,0
2023-11-06,SKU0017,4,Grocery,192,675,39.857142857142854,33.13333333333333,7.319003763624799,5.79476861167002,10,0.94,16.81,11,0,0
2023-11-13,SKU0017,4,Grocery,610,0,36.714285714285715,34.36666666666667,7.044113871161149,17.749757516973812,10,0.94,16.81,11,0,0
2023-11-20,SKU0017,4,Grocery,284,675,46.57142857142857,37.3,9.34086313666626,7.613941018766757,10,0.94,16.81,11,0,0
2023-11-27,SKU0017,4,Grocery,671,0,41.142857142857146,40.3,8.63892553983179,16.65012406947891,10,0.94,16.81,11,0,0
2023-12-04,SKU0017,4,Grocery,383,675,41.142857142857146,41.43333333333333,8.564897621359355,9.24376508447305,10,0.94,16.81,12,0,0
2023-12-11,SKU0017,4,Grocery,38,675,49.285714285714285,43.9,8.934049550976843,0.8656036446469249,10,0.94,16.81,12,0,1
2023-12-18,SKU0017,4,Grocery,394,0,45.57142857142857,44.333333333333336,8.104206371973717,8.887218045112782,10,0.94,16.81,12,0,0
2023-01-30,SKU0018,1,Grocery,123,0,7.857142857142857,8.666666666666666,3.1659103755076714,14.192307692307693,9,0.77,11.68,1,0,0
2023-02-06,SKU0018,1,Grocery,57,179,9.428571428571429,8.5,3.1595503826794173,6.705882352941177,9,0.77,11.68,2,0,0
2023-02-13,SKU0018,1,Grocery,172,0,9.142857142857142,8.766666666666667,2.955804731235708,19.61977186311787,9,0.77,11.68,2,0,0
2023-02-20,SKU0018,1,Grocery,112,179,8.571428571428571,9.0,3.0285993120753765,12.444444444444445,9,0.77,11.68,2,0,0
2023-02-27,SKU0018,1,Grocery,49,179,9.0,9.266666666666667,2.5988503205274713,5.287769784172661,9,0.77,11.68,2,0,0
2023-03-06,SKU0018,1,Grocery,175,0,7.571428571428571,8.6,2.6470543159754256,20.348837209302328,9,0.77,11.68,3,0,0
2023-03-13,SKU0018,1,Grocery,113,179,8.857142857142858,8.566666666666666,2.6740558544360415,13.190661478599223,9,0.77,11.68,3,0,0
2023-03-20,SKU0018,1,Grocery,45,179,9.714285714285714,8.666666666666666,2.382889195816755,5.1923076923076925,9,0.77,11.68,3,0,0
2023-03-27,SKU0018,1,Grocery,167,0,8.142857142857142,8.666666666666666,2.832488041589429,19.26923076923077,9,0.77,11.68,3,0,0
2023-04-03,SKU0018,1,Grocery,111,179,8.0,8.466666666666667,2.62262481486396,13.11023622047244,9,0.77,11.68,4,0,0
2023-04-10,SKU0018,1,Grocery,215,0,10.714285714285714,9.133333333333333,2.968028874909886,23.540145985401463,9,0.77,11.68,4,0,0
2023-04-17,SKU0018,1,Grocery,141,0,10.571428571428571,9.433333333333334,3.0926312124293043,14.946996466431095,9,0.77,11.68,4,0,0
2023-04-24,SKU0018,1,Grocery,89,179,7.428571428571429,8.866666666666667,3.0369373562434774,10.037593984962406,9,0.77,11.68,4,0,0
2023-05-01,SKU0018,1,Grocery,213,0,7.857142857142857,9.033333333333333,2.7099221687936974,23.579335793357934,9,0.77,11.68,5,0,0
2023-05-08,SKU0018,1,Grocery,151,0,8.857142857142858,8.866666666666667,2.515240899319426,17.030075187969924,9,0.77,11.68,5,0,0
2023-05-15,SKU0018,1,Grocery,77,179,10.571428571428571,8.733333333333333,2.3034207445529313,8.816793893129772,9,0.77,11.68,5,0,0
2023-05-22,SKU0018,1,Grocery,189,0,9.571428571428571,9.066666666666666,2.3915560269174247,20.84558823529412,9,0.77,11.68,5,0,0
2023-05-29,SKU0018,1,Grocery,122,0,9.571428571428571,9.533333333333333,2.330211376135493,12.797202797202797,9,0.77,11.68,5,0,0
2023-06-05,SKU0018,1,Grocery,63,179,8.428571428571429,9.566666666666666,2.896886953781336,6.585365853658537,9,0.77,11.68,6,0,0
2023-06-12,SKU0018,1,Grocery,175,0,9.571428571428571,9.433333333333334,2.6997232723237468,18.551236749116608,9,0.77,11.68,6,0,0
2023-06-19,SKU0018,1,Grocery,118,179,8.142857142857142,8.9,2.4684212461157964,13.258426966292134,9,0.77,11.68,6,0,0
2023-06-26,SKU0018,1,Grocery,50,179,9.714285714285714,8.933333333333334,2.6252531350306976,5.597014925373134,9,0.77,11.68,6,0,0
2023-07-03,SKU0018,1,Grocery,168,0,8.714285714285714,8.9,2.1551862068524144,18.876404494382022,9,0.77,11.68,7,0,0
2023-07-10,SKU0018,1,Grocery,101,179,9.571428571428571,9.1,2.368616648507354,11.098901098901099,9,0.77,11.68,7,0,0
2023-07-17,SKU0018,1,Grocery,213,0,9.571428571428571,9.233333333333333,2.3734644158557203,23.068592057761734,9,0.77,11.68,7,0,0
2023-07-24,SKU0018,1,Grocery,147,0,9.428571428571429,9.266666666666667,2.5855478087369352,15.863309352517984,9,0.77,11.68,7,0,0
2023-07-31,SKU0018,1,Grocery,78,179,9.857142857142858,9.433333333333334,2.648139663643313,8.268551236749117,9,0.77,11.68,7,0,0
2023-08-07,SKU0018,1,Grocery,199,0,8.285714285714286,9.133333333333333,2.5828790850165815,21.78832116788321,9,0.77,11.68,8,0,0
2023-08-14,SKU0018,1,Grocery,133,0,9.428571428571429,9.233333333333333,3.0363695805822215,14.4043321299639,9,0.77,11.68,8,0,0
2023-08-21,SKU0018,1,Grocery,79,179,7.714285714285714,8.8,2.8088529994312266,8.977272727272727,9,0.77,11.68,8,0,0
2023-08-28,SKU0018,1,Grocery,193,0,9.285714285714286,8.9,2.808239109575915,21.685393258426966,9,0.77,11.68,8,0,0
2023-09-04,SKU0018,1,Grocery,145,0,6.857142857142857,8.5,2.9565823699577245,17.058823529411764,9,0.77,11.68,9,0,0
2023-09-11,SKU0018,1,Grocery,88,179,8.142857142857142,7.9,2.808239109575916,11.139240506329113,9,0.77,11.68,9,0,0
2023-09-18,SKU0018,1,Grocery,195,0,10.285714285714286,8.6,3.146974463808385,22.674418604651162,9,0.77,11.68,9,0,0
2023-09-25,SKU0018,1,Grocery,139,0,8.0,8.4,3.2547048173798907,16.547619047619047,9,0.77,11.68,9,0,0
2023-10-02,SKU0018,1,Grocery,77,179,8.857142857142858,8.6,3.2120462915889534,8.953488372093023,9,0.77,11.68,10,0,0
2023-10-09,SKU0018,1,Grocery,195,0,8.714285714285714,8.866666666666667,2.897482061868645,21.992481203007518,9,0.77,11.68,10,0,0
2023-10-16,SKU0018,1,Grocery,115,179,11.428571428571429,9.4,3.212046291588953,12.23404255319149,9,0.77,11.68,10,0,0
2023-10-23,SKU0018,1,Grocery,55,179,8.571428571428571,9.3,3.163912898230008,5.913978494623655,9,0.77,11.68,10,0,0
2023-10-30,SKU0018,1,Grocery,176,0,8.285714285714286,9.2,3.4381229843000694,19.1304347826087,9,0.77,11.68,10,0,0
2023-11-06,SKU0018,1,Grocery,84,179,13.142857142857142,10.2,3.960146287789082,8.23529411764706,9,0.77,11.68,11,0,0
2023-11-13,SKU0018,1,Grocery,184,0,11.285714285714286,10.2,4.237761282759466,18.03921568627451,9,0.77,11.68,11,0,0
2023-11-20,SKU0018,1,Grocery,97,179,12.428571428571429,11.266666666666667,4.059330107239395,8.609467455621301,9,0.77,11.68,11,0,0
2023-11-27,SKU0018,1,Grocery,209,0,9.571428571428571,11.566666666666666,3.7479496310358242,18.069164265129682,9,0.77,11.68,11,0,0
2023-12-04,SKU0018,1,Grocery,119,179,12.857142857142858,11.766666666666667,3.597732363714608,10.113314447592067,9,0.77,11.68,12,0,0
2023-12-11,SKU0018,1,Grocery,38,179,11.571428571428571,11.333333333333334,3.020999301822024,3.352941176470588,9,0.77,11.68,12,0,0
2023-12-18,SKU0018,1,Grocery,119,0,14.0,11.966666666666667,3.167543738187886,9.944289693593314,9,0.77,11.68,12,0,0
2023-01-30,SKU0018,2,Grocery,677,0,35.714285714285715,36.53333333333333,5.600082101204398,18.53102189781022,9,0.77,11.68,1,0,0
2023-02-06,SKU0018,2,Grocery,411,0,38.0,37.266666666666666,5.982349517298902,11.028622540250447,9,0.77,11.68,2,0,0
2023-02-13,SKU0018,2,Grocery,160,787,35.857142857142854,37.06666666666667,6.787073582634265,4.316546762589928,9,0.77,11.68,2,0,0
2023-02-20,SKU0018,2,Grocery,673,0,39.142857142857146,37.0,6.659191211116172,18.18918918918919,9,0.77,11.68,2,0,0
2023-02-27,SKU0018,2,Grocery,430,0,34.714285714285715,36.53333333333333,7.166653301243886,11.770072992700731,9,0.77,11.68,2,0,0
2023-03-06,SKU0018,2,Grocery,187,787,34.714285714285715,36.166666666666664,7.38163300002963,5.170506912442397,9,0.77,11.68,3,0,1
2023-03-13,SKU0018,2,Grocery,752,0,31.714285714285715,35.166666666666664,7.874372808448736,21.38388625592417,9,0.77,11.68,3,0,0
2023-03-20,SKU0018,2,Grocery,484,0,38.285714285714285,34.833333333333336,8.017581255927649,13.894736842105262,9,0.77,11.68,3,0,0
2023-03-27,SKU0018,2,Grocery,235,787,35.57142857142857,34.9,7.675981348021403,6.73352435530086,9,0.77,11.68,3,0,0
2023-04-03,SKU0018,2,Grocery,764,0,36.857142857142854,35.3,7.367917405654855,21.643059490084987,9,0.77,11.68,4,0,0
2023-04-10,SKU0018,2,Grocery,506,0,36.857142857142854,35.96666666666667,7.083167678928411,14.068582020389249,9,0.77,11.68,4,0,0
2023-04-17,SKU0018,2,Grocery,232,787,39.142857142857146,36.96666666666667,6.048558296922029,6.275924256086564,9,0.77,11.68,4,0,0
2023-04-24,SKU0018,2,Grocery,768,0,35.857142857142854,36.86666666666667,6.038573326216375,20.831826401446655,9,0.77,11.68,4,0,0
2023-05-01,SKU0018,2,Grocery,496,0,38.857142857142854,37.6,6.234498016459808,13.191489361702127,9,0.77,11.68,5,0,0
2023-05-08,SKU0018,2,Grocery,231,787,37.857142857142854,37.86666666666667,6.652628898741287,6.100352112676056,9,0.77,11.68,5,0,1
2023-05-15,SKU0018,2,Grocery,0,787,33.0,36.3,9.979807198745771,0.0,9,0.77,11.68,5,0,1
2023-05-22,SKU0018,2,Grocery,561,0,32.285714285714285,35.56666666666667,11.92991988681178,15.773195876288659,9,0.77,11.68,5,0,0
2023-05-29,SKU0018,2,Grocery,281,787,40.0,36.166666666666664,11.814903893937881,7.7695852534562215,9,0.77,11.68,5,0,0
2023-06-05,SKU0018,2,Grocery,770,0,42.57142857142857,36.766666666666666,12.224010666782371,20.942883046237533,9,0.77,11.68,6,0,0
2023-06-12,SKU0018,2,Grocery,503,0,38.142857142857146,36.46666666666667,12.130705791029053,13.79341864716636,9,0.77,11.68,6,0,0
2023-06-19,SKU0018,2,Grocery,229,787,39.142857142857146,39.56666666666667,6.457731710947316,5.787700084245998,9,0.77,11.68,6,0,0
2023-06-26,SKU0018,2,Grocery,757,0,37.0,39.03333333333333,6.277949002513543,19.393680614859097,9,0.77,11.68,6,0,0
2023-07-03,SKU0018,2,Grocery,504,0,36.142857142857146,37.43333333333333,5.568899682896158,13.463935886019591,9,0.77,11.68,7,0,0
2023-07-10,SKU0018,2,Grocery,243,787,37.285714285714285,37.43333333333333,5.2304370051046245,6.491540516473732,9,0.77,11.68,7,0,0
2023-07-17,SKU0018,2,Grocery,758,0,38.857142857142854,37.266666666666666,5.002987613163888,20.33989266547406,9,0.77,11.68,7,0,0
2023-07-24,SKU0018,2,Grocery,510,0,35.42857142857143,36.93333333333333,5.212275519574351,13.808664259927799,9,0.77,11.68,7,0,0
2023-07-31,SKU0018,2,Grocery,250,787,37.142857142857146,37.0,5.971195224893686,6.756756756756757,9,0.77,11.68,7,0,0
2023-08-07,SKU0018,2,Grocery,780,0,36.714285714285715,37.53333333333333,5.513202544696738,20.781527531083483,9,0.77,11.68,8,0,0
2023-08-14,SKU0018,2,Grocery,508,0,38.857142857142854,37.233333333333334,6.072455240154364,13.643688451208595,9,0.77,11.68,8,0,0
2023-08-21,SKU0018,2,Grocery,214,787,42.0,38.6,5.84630741107817,5.544041450777202,9,0.77,11.68,8,0,0
2023-08-28,SKU0018,2,Grocery,730,0,38.714285714285715,38.8,5.979274549469273,18.814432989690722,9,0.77,11.68,8,0,0
2023-09-04,SKU0018,2,Grocery,485,0,35.0,38.7,6.5239611407117675,12.532299741602067,9,0.77,11.68,9,0,0
2023-09-11,SKU0018,2,Grocery,244,787,34.42857142857143,37.3,6.103419053115315,6.541554959785524,9,0.77,11.68,9,0,0
2023-09-18,SKU0018,2,Grocery,779,0,36.0,36.233333333333334,6.134601318205887,21.499540018399262,9,0.77,11.68,9,0,0
2023-09-25,SKU0018,2,Grocery,494,0,40.714285714285715,36.46666666666667,6.9417941302754365,13.546617915904935,9,0.77,11.68,9,0,0
2023-10-02,SKU0018,2,Grocery,232,787,37.42857142857143,36.666666666666664,6.8899393587909135,6.327272727272728,9,0.77,11.68,10,0,1
2023-10-09,SKU0018,2,Grocery,0,787,33.142857142857146,36.93333333333333,8.862681672991625,0.0,9,0.77,11.68,10,0,0
2023-10-16,SKU0018,2,Grocery,548,0,34.142857142857146,36.2,8.503143434981094,15.138121546961324,9,0.77,11.68,10,0,0
2023-10-23,SKU0018,2,Grocery,314,787,33.42857142857143,34.46666666666667,7.62361726674976,9.110251450676982,9,0.77,11.68,10,0,0
2023-10-30,SKU0018,2,Grocery,819,0,40.285714285714285,35.7,8.61894465097391,22.941176470588232,9,0.77,11.68,10,0,0
2023-11-06,SKU0018,2,Grocery,513,0,43.714285714285715,36.9,9.293490491588262,13.902439024390244,9,0.77,11.68,11,0,0
2023-11-13,SKU0018,2,Grocery,193,787,45.714285714285715,40.3,8.371338623232703,4.7890818858560795,9,0.77,11.68,11,0,0
2023-11-20,SKU0018,2,Grocery,625,0,50.714285714285715,44.7,8.209120243510492,13.982102908277405,9,0.77,11.68,11,0,0
2023-11-27,SKU0018,2,Grocery,275,787,50.0,46.7,8.62694255985482,5.8886509635974305,9,0.77,11.68,11,0,0
2023-12-04,SKU0018,2,Grocery,688,0,53.42857142857143,49.53333333333333,7.1762699625022845,13.88963660834455,9,0.77,11.68,12,0,0
2023-12-11,SKU0018,2,Grocery,328,787,51.42857142857143,51.1,7.958296473405634,6.418786692759295,9,0.77,11.68,12,0,1
2023-12-18,SKU0018,2,Grocery,0,787,46.857142857142854,50.53333333333333,13.942575167409013,0.0,9,0.77,11.68,12,0,1
2023-01-30,SKU0018,3,Grocery,198,0,12.857142857142858,11.533333333333333,3.411272725713293,17.167630057803468,9,0.77,11.68,1,0,0
2023-02-06,SKU0018,3,Grocery,129,0,9.857142857142858,11.366666666666667,3.438958676926664,11.348973607038122,9,0.77,11.68,2,0,0
2023-02-13,SKU0018,3,Grocery,49,189,11.428571428571429,11.466666666666667,3.5886154599706312,4.273255813953488,9,0.77,11.68,2,0,0
2023-02-20,SKU0018,3,Grocery,172,0,9.428571428571429,11.033333333333333,3.3782604514988064,15.589123867069487,9,0.77,11.68,2,0,0
2023-02-27,SKU0018,3,Grocery,104,189,9.714285714285714,10.466666666666667,3.370596318195029,9.936305732484076,9,0.77,11.68,2,0,0
2023-03-06,SKU0018,3,Grocery,214,0,11.285714285714286,10.3,3.2179453714743365,20.776699029126213,9,0.77,11.68,3,0,0
2023-03-13,SKU0018,3,Grocery,146,0,9.714285714285714,10.166666666666666,3.1413080224572094,14.360655737704919,9,0.77,11.68,3,0,0
2023-03-20,SKU0018,3,Grocery,55,189,13.0,10.766666666666667,3.5202207349807635,5.1083591331269345,9,0.77,11.68,3,0,0
2023-03-27,SKU0018,3,Grocery,172,0,10.285714285714286,10.966666666666667,3.773622912408906,15.683890577507599,9,0.77,11.68,3,0,0
2023-04-03,SKU0018,3,Grocery,86,189,12.285714285714286,11.333333333333334,3.6420279812340763,7.588235294117647,9,0.77,11.68,4,0,0
2023-04-10,SKU0018,3,Grocery,8,189,11.142857142857142,11.533333333333333,3.617327393430733,0.6936416184971098,9,0.77,11.68,4,0,0
2023-04-17,SKU0018,3,Grocery,123,189,10.571428571428571,11.0,3.413967254352788,11.181818181818182,9,0.77,11.68,4,0,0
2023-04-24,SKU0018,3,Grocery,59,189,9.142857142857142,10.6,2.8599493605355306,5.566037735849057,9,0.77,11.68,4,0,0
2023-05-01,SKU0018,3,Grocery,170,0,11.142857142857142,10.533333333333333,2.8129421746919943,16.139240506329113,9,0.77,11.68,5,0,0
2023-05-08,SKU0018,3,Grocery,92,189,11.142857142857142,10.366666666666667,2.6324674845990534,8.87459807073955,9,0.77,11.68,5,0,0
2023-05-15,SKU0018,3,Grocery,9,189,11.857142857142858,10.666666666666666,2.7957274463049853,0.84375,9,0.77,11.68,5,0,1
2023-05-22,SKU0018,3,Grocery,141,0,8.142857142857142,10.433333333333334,4.005886473276747,13.514376996805112,9,0.77,11.68,5,0,0
2023-05-29,SKU0018,3,Grocery,56,189,12.142857142857142,10.566666666666666,3.9539010272556565,5.299684542586751,9,0.77,11.68,5,0,0
2023-06-05,SKU0018,3,Grocery,176,0,9.857142857142858,10.666666666666666,4.163331998932266,16.5,9,0.77,11.68,6,0,0
2023-06-12,SKU0018,3,Grocery,100,189,10.857142857142858,10.2,4.172157301891209,9.803921568627452,9,0.77,11.68,6,0,0
2023-06-19,SKU0018,3,Grocery,218,0,10.142857142857142,10.833333333333334,3.494659307881231,20.123076923076923,9,0.77,11.68,6,0,0
2023-06-26,SKU0018,3,Grocery,140,0,11.142857142857142,10.5,3.5598333940092544,13.333333333333334,9,0.77,11.68,6,0,0
2023-07-03,SKU0018,3,Grocery,65,189,10.714285714285714,10.5,3.277404355636458,6.190476190476191,9,0.77,11.68,7,0,0
2023-07-10,SKU0018,3,Grocery,177,0,11.0,10.7,3.2072117012370303,16.542056074766357,9,0.77,11.68,7,0,0
2023-07-17,SKU0018,3,Grocery,99,189,11.142857142857142,10.8,2.7342022728696427,9.166666666666666,9,0.77,11.68,7,0,0
2023-07-24,SKU0018,3,Grocery,191,0,13.857142857142858,11.7,3.052980454436684,16.324786324786327,9,0.77,11.68,7,0,0
2023-07-31,SKU0018,3,Grocery,113,189,11.142857142857142,11.7,2.8424127682002123,9.65811965811966,9,0.77,11.68,7,0,0
2023-08-07,SKU0018,3,Grocery,42,189,10.142857142857142,11.366666666666667,3.0792221737643914,3.695014662756598,9,0.77,11.68,8,0,0
2023-08-14,SKU0018,3,Grocery,152,0,11.285714285714286,11.4,2.8357325879470427,13.333333333333332,9,0.77,11.68,8,0,0
2023-08-21,SKU0018,3,Grocery,85,189,9.571428571428571,10.533333333333333,2.1452969143162233,8.069620253164556,9,0.77,11.68,8,0,0
2023-08-28,SKU0018,3,Grocery,195,0,11.285714285714286,10.6,2.672981029900305,18.39622641509434,9,0.77,11.68,8,0,0
2023-09-04,SKU0018,3,Grocery,108,189,12.428571428571429,10.933333333333334,2.9934795038934023,9.878048780487804,9,0.77,11.68,9,0,0
2023-09-11,SKU0018,3,Grocery,217,0,11.428571428571429,11.066666666666666,2.935318032858279,19.60843373493976,9,0.77,11.68,9,0,0
2023-09-18,SKU0018,3,Grocery,130,0,12.428571428571429,11.666666666666666,3.46741813252269,11.142857142857144,9,0.77,11.68,9,0,0
2023-09-25,SKU0018,3,Grocery,69,189,8.714285714285714,11.366666666666667,3.5572493570883896,6.070381231671554,9,0.77,11.68,9,0,0
2023-10-02,SKU0018,3,Grocery,174,0,12.0,11.133333333333333,3.636342737661996,15.62874251497006,9,0.77,11.68,10,0,0
2023-10-09,SKU0018,3,Grocery,94,189,11.428571428571429,11.2,3.8092446531545097,8.392857142857144,9,0.77,11.68,10,0,0
2023-10-16,SKU0018,3,Grocery,180,0,14.714285714285714,11.833333333333334,4.0350476075756925,15.211267605633802,9,0.77,11.68,10,0,0
2023-10-23,SKU0018,3,Grocery,89,189,13.0,12.3,4.227577769018977,7.235772357723577,9,0.77,11.68,10,0,0
2023-10-30,SKU0018,3,Grocery,199,0,11.285714285714286,12.733333333333333,3.841096586719185,15.628272251308902,9,0.77,11.68,10,0,0
2023-11-06,SKU0018,3,Grocery,120,189,11.285714285714286,12.566666666666666,3.9713051214702855,9.549071618037136,9,0.77,11.68,11,0,0
2023-11-13,SKU0018,3,Grocery,24,189,13.714285714285714,12.466666666666667,4.04912364578443,1.9251336898395721,9,0.77,11.68,11,0,0
2023-11-20,SKU0018,3,Grocery,116,189,13.857142857142858,12.733333333333333,4.093167842699072,9.109947643979059,9,0.77,11.68,11,0,0
2023-11-27,SKU0018,3,Grocery,14,189,14.571428571428571,13.366666666666667,3.458954728829504,1.0473815461346634,9,0.77,11.68,11,0,0
2023-12-04,SKU0018,3,Grocery,96,189,15.285714285714286,14.0,4.518162580457716,6.857142857142857,9,0.77,11.68,12,0,0
2023-12-11,SKU0018,3,Grocery,176,0,15.571428571428571,14.633333333333333,4.429395018496896,12.027334851936219,9,0.77,11.68,12,0,0
2023-12-18,SKU0018,3,Grocery,66,189,15.714285714285714,15.0,4.7705996153162165,4.4,9,0.77,11.68,12,0,1
2023-01-30,SKU0018,4,Grocery,340,0,30.0,29.266666666666666,6.585948120329993,11.617312072892938,9,0.77,11.68,1,0,0
2023-02-06,SKU0018,4,Grocery,135,428,29.285714285714285,29.733333333333334,6.475062685535114,4.540358744394618,9,0.77,11.68,2,0,0
2023-02-13,SKU0018,4,Grocery,365,0,28.285714285714285,28.733333333333334,5.860053744212377,12.703016241299304,9,0.77,11.68,2,0,0
2023-02-20,SKU0018,4,Grocery,171,428,27.714285714285715,28.5,6.05577524294813,6.0,9,0.77,11.68,2,0,0
2023-02-27,SKU0018,4,Grocery,392,0,29.571428571428573,29.333333333333332,5.827008064908249,13.363636363636363,9,0.77,11.68,2,0,0
2023-03-06,SKU0018,4,Grocery,165,428,32.42857142857143,29.266666666666666,5.7711131618117495,5.637813211845103,9,0.77,11.68,3,0,0
2023-03-13,SKU0018,4,Grocery,391,0,28.857142857142858,29.633333333333333,5.4423836900649585,13.194600674915636,9,0.77,11.68,3,0,0
2023-03-20,SKU0018,4,Grocery,183,428,29.714285714285715,30.166666666666668,5.219878009760535,6.066298342541436,9,0.77,11.68,3,0,1
2023-03-27,SKU0018,4,Grocery,0,428,26.142857142857142,29.233333333333334,6.976232227496018,0.0,9,0.77,11.68,3,0,1
2023-04-03,SKU0018,4,Grocery,281,428,21.0,26.466666666666665,8.31174214417558,10.617128463476071,9,0.77,11.68,4,0,0
2023-04-10,SKU0018,4,Grocery,502,0,29.571428571428573,26.766666666666666,8.303232994497966,18.754669987546702,9,0.77,11.68,4,0,0
2023-04-17,SKU0018,4,Grocery,311,428,27.285714285714285,26.133333333333333,8.110161073843004,11.900510204081632,9,0.77,11.68,4,0,0
2023-04-24,SKU0018,4,Grocery,111,428,28.571428571428573,25.866666666666667,8.653216796055695,4.291237113402062,9,0.77,11.68,4,0,0
2023-05-01,SKU0018,4,Grocery,314,0,32.142857142857146,29.3,5.395719887415237,10.716723549488055,9,0.77,11.68,5,0,0
2023-05-08,SKU0018,4,Grocery,89,428,32.142857142857146,29.866666666666667,6.235235434170889,2.9799107142857144,9,0.77,11.68,5,0,0
2023-05-15,SKU0018,4,Grocery,338,0,25.571428571428573,29.066666666666666,6.580710229636071,11.628440366972477,9,0.77,11.68,5,0,0
2023-05-22,SKU0018,4,Grocery,122,428,30.857142857142858,29.933333333333334,5.9476644696618655,4.075723830734966,9,0.77,11.68,5,0,0
2023-05-29,SKU0018,4,Grocery,363,0,26.714285714285715,29.133333333333333,6.072739161164447,12.459954233409611,9,0.77,11.68,5,0,0
2023-06-05,SKU0018,4,Grocery,144,428,31.285714285714285,29.2,5.862799143165616,4.931506849315069,9,0.77,11.68,6,0,0
2023-06-12,SKU0018,4,Grocery,348,0,32.0,29.866666666666667,5.302786081852166,11.651785714285714,9,0.77,11.68,6,0,0
2023-06-19,SKU0018,4,Grocery,146,428,28.857142857142858,29.4,5.586930561896066,4.965986394557824,9,0.77,11.68,6,0,0
2023-06-26,SKU0018,4,Grocery,367,0,29.571428571428573,30.366666666666667,5.013659502718086,12.08562019758507,9,0.77,11.68,6,0,0
2023-07-03,SKU0018,4,Grocery,162,428,29.285714285714285,29.866666666666667,4.768671710765742,5.424107142857142,9,0.77,11.68,7,0,0
2023-07-10,SKU0018,4,Grocery,388,0,28.857142857142858,29.433333333333334,5.612076469440755,13.18233295583239,9,0.77,11.68,7,0,0
2023-07-17,SKU0018,4,Grocery,186,428,28.857142857142858,29.1,5.447872093288133,6.391752577319587,9,0.77,11.68,7,0,0
2023-07-24,SKU0018,4,Grocery,396,0,31.142857142857142,29.666666666666668,5.862407022030629,13.348314606741573,9,0.77,11.68,7,0,0
2023-07-31,SKU0018,4,Grocery,194,428,28.857142857142858,29.4,5.922487827675591,6.598639455782314,9,0.77,11.68,7,0,0
2023-08-07,SKU0018,4,Grocery,406,0,30.857142857142858,30.033333333333335,6.222779805339981,13.518312985571587,9,0.77,11.68,8,0,0
2023-08-14,SKU0018,4,Grocery,217,428,27.0,29.366666666666667,6.294405470724386,7.389330306469921,9,0.77,11.68,8,0,0
2023-08-21,SKU0018,4,Grocery,441,0,29.142857142857142,29.0,6.674707794198267,15.206896551724139,9,0.77,11.68,8,0,0
2023-08-28,SKU0018,4,Grocery,268,428,24.714285714285715,27.8,6.723094525588655,9.640287769784173,9,0.77,11.68,8,0,0
2023-09-04,SKU0018,4,Grocery,482,0,30.571428571428573,27.733333333333334,6.252907369753115,17.379807692307693,9,0.77,11.68,9,0,0
2023-09-11,SKU0018,4,Grocery,271,428,30.142857142857142,28.433333333333334,6.162642365052539,9.531066822977726,9,0.77,11.68,9,0,0
2023-09-18,SKU0018,4,Grocery,508,0,27.285714285714285,28.3,5.344349255570539,17.95053003533569,9,0.77,11.68,9,0,0
2023-09-25,SKU0018,4,Grocery,311,428,28.142857142857142,29.133333333333333,4.980882994238966,10.675057208237986,9,0.77,11.68,9,0,0
2023-10-02,SKU0018,4,Grocery,95,428,30.857142857142858,29.2,4.922853111623459,3.2534246575342465,9,0.77,11.68,10,0,0
2023-10-09,SKU0018,4,Grocery,341,0,26.0,28.3,5.784342718896879,12.049469964664311,9,0.77,11.68,10,0,0
2023-10-16,SKU0018,4,Grocery,147,428,27.714285714285715,27.9,5.622307784850133,5.268817204301076,9,0.77,11.68,10,0,0
2023-10-23,SKU0018,4,Grocery,377,0,28.285714285714285,27.8,5.647092630054336,13.56115107913669,9,0.77,11.68,10,0,0
2023-10-30,SKU0018,4,Grocery,171,428,29.428571428571427,28.0,5.936445006091188,6.107142857142857,9,0.77,11.68,10,0,1
2023-11-06,SKU0018,4,Grocery,342,0,36.714285714285715,29.733333333333334,8.224996943017283,11.502242152466367,9,0.77,11.68,11,0,0
2023-11-13,SKU0018,4,Grocery,57,428,40.714285714285715,33.63333333333333,8.833647793144856,1.694747274529237,9,0.77,11.68,11,0,1
2023-11-20,SKU0018,4,Grocery,232,428,36.142857142857146,35.06666666666667,9.512000889378623,6.615969581749049,9,0.77,11.68,11,0,0
2023-11-27,SKU0018,4,Grocery,406,0,36.285714285714285,37.0,8.179031221614032,10.972972972972974,9,0.77,11.68,11,0,0
2023-12-04,SKU0018,4,Grocery,104,428,43.142857142857146,39.333333333333336,7.906057622256214,2.6440677966101696,9,0.77,11.68,12,0,1
2023-12-11,SKU0018,4,Grocery,0,428,14.857142857142858,32.8,15.60150302220027,0.0,9,0.77,11.68,12,0,1
2023-12-18,SKU0018,4,Grocery,197,428,33.0,32.1,18.745758140866485,6.137071651090342,9,0.77,11.68,12,0,1
2023-01-30,SKU0019,1,Electronics,338,666,12.0,11.933333333333334,3.016430104397024,28.324022346368714,21,0.81,123.64,1,0,0
2023-02-06,SKU0019,1,Electronics,223,666,16.428571428571427,12.7,3.896505950295681,17.559055118110237,21,0.81,123.64,2,0,0
2023-02-13,SKU0019,1,Electronics,790,0,14.142857142857142,13.4,4.0479880059792315,58.95522388059701,21,0.81,123.64,2,0,0
2023-02-20,SKU0019,1,Electronics,693,0,13.857142857142858,14.0,4.076848004914139,49.5,21,0.81,123.64,2,0,0
2023-02-27,SKU0019,1,Electronics,577,0,16.571428571428573,14.966666666666667,4.723261098256038,38.55233853006681,21,0.81,123.64,2,0,0
2023-03-06,SKU0019,1,Electronics,485,0,13.142857142857142,14.4,4.2475144861842224,33.68055555555556,21,0.81,123.64,3,0,0
2023-03-13,SKU0019,1,Electronics,386,666,14.142857142857142,14.733333333333333,4.401671573808994,26.199095022624437,21,0.81,123.64,3,0,0
2023-03-20,SKU0019,1,Electronics,282,666,14.857142857142858,14.333333333333334,4.474705409940092,19.674418604651162,21,0.81,123.64,3,0,0
2023-03-27,SKU0019,1,Electronics,181,666,14.428571428571429,13.966666666666667,4.0041644987854,12.959427207637232,21,0.81,123.64,3,0,0
2023-04-03,SKU0019,1,Electronics,749,0,14.0,14.133333333333333,4.183162747815658,52.99528301886792,21,0.81,123.64,4,0,0
2023-04-10,SKU0019,1,Electronics,627,0,17.428571428571427,15.133333333333333,4.614320537521044,41.43171806167401,21,0.81,123.64,4,0,0
2023-04-17,SKU0019,1,Electronics,535,0,13.142857142857142,14.733333333333333,4.448427334140284,36.31221719457014,21,0.81,123.64,4,0,0
2023-04-24,SKU0019,1,Electronics,426,666,15.571428571428571,15.066666666666666,4.638172450239525,28.274336283185843,21,0.81,123.64,4,0,0
2023-05-01,SKU0019,1,Electronics,310,666,16.571428571428573,15.866666666666667,4.305035810923449,19.53781512605042,21,0.81,123.64,5,0,0
2023-05-08,SKU0019,1,Electronics,204,666,15.142857142857142,15.0,4.160570252692077,13.6,21,0.81,123.64,5,0,0
2023-05-15,SKU0019,1,Electronics,766,0,14.857142857142858,15.233333333333333,4.048697818186547,50.28446389496718,21,0.81,123.64,5,0,0
2023-05-22,SKU0019,1,Electronics,671,0,13.571428571428571,14.9,4.171744032879063,45.033557046979865,21,0.81,123.64,5,0,0
2023-05-29,SKU0019,1,Electronics,574,0,13.857142857142858,14.233333333333333,3.9364199850689956,40.32786885245902,21,0.81,123.64,5,0,0
2023-06-05,SKU0019,1,Electronics,503,0,10.142857142857142,13.4,3.9965502365294348,37.53731343283582,21,0.81,123.64,6,0,0
2023-06-12,SKU0019,1,Electronics,412,666,13.0,12.733333333333333,3.1832897030168925,32.35602094240838,21,0.81,123.64,6,0,0
2023-06-19,SKU0019,1,Electronics,302,666,15.714285714285714,12.966666666666667,3.7183916928706195,23.290488431876607,21,0.81,123.64,6,0,0
2023-06-26,SKU0019,1,Electronics,214,666,12.571428571428571,13.133333333333333,3.607782137826926,16.294416243654823,21,0.81,123.64,6,0,0
2023-07-03,SKU0019,1,Electronics,784,0,13.714285714285714,13.433333333333334,3.58813498125115,58.36228287841191,21,0.81,123.64,7,0,0
2023-07-10,SKU0019,1,Electronics,696,0,12.571428571428571,13.466666666666667,3.5109025594011043,51.68316831683168,21,0.81,123.64,7,0,0
2023-07-17,SKU0019,1,Electronics,590,0,15.142857142857142,13.766666666666667,3.578511859200246,42.857142857142854,21,0.81,123.64,7,0,0
2023-07-24,SKU0019,1,Electronics,481,0,15.571428571428571,14.066666666666666,3.685323485856067,34.19431279620853,21,0.81,123.64,7,0,0
2023-07-31,SKU0019,1,Electronics,375,666,15.142857142857142,14.666666666666666,3.8267059151337373,25.56818181818182,21,0.81,123.64,7,0,0
2023-08-07,SKU0019,1,Electronics,278,666,13.857142857142858,14.766666666666667,3.4808177134149068,18.826185101580133,21,0.81,123.64,8,0,0
2023-08-14,SKU0019,1,Electronics,170,666,15.428571428571429,14.933333333333334,3.6001277116555004,11.383928571428571,21,0.81,123.64,8,0,0
2023-08-21,SKU0019,1,Electronics,733,0,14.714285714285714,14.466666666666667,4.099901877154971,50.66820276497696,21,0.81,123.64,8,0,0
2023-08-28,SKU0019,1,Electronics,630,0,14.714285714285714,14.666666666666666,3.9942487389377415,42.95454545454545,21,0.81,123.64,8,0,0
2023-09-04,SKU0019,1,Electronics,534,0,13.714285714285714,14.666666666666666,4.011477785428768,36.409090909090914,21,0.81,123.64,9,0,0
2023-09-11,SKU0019,1,Electronics,438,0,13.714285714285714,14.066666666666666,3.5324440433700066,31.137440758293838,21,0.81,123.64,9,0,0
2023-09-18,SKU0019,1,Electronics,336,666,14.571428571428571,13.866666666666667,3.451469785201797,24.23076923076923,21,0.81,123.64,9,0,0
2023-09-25,SKU0019,1,Electronics,208,666,18.285714285714285,14.933333333333334,4.250219737389108,13.928571428571429,21,0.81,123.64,9,0,0
2023-10-02,SKU0019,1,Electronics,792,0,11.714285714285714,14.6,4.853722353993394,54.24657534246575,21,0.81,123.64,10,0,0
2023-10-09,SKU0019,1,Electronics,691,0,14.428571428571429,14.566666666666666,5.5688996828961566,47.4370709382151,21,0.81,123.64,10,0,0
2023-10-16,SKU0019,1,Electronics,592,0,14.142857142857142,14.633333333333333,5.391457696389171,40.45558086560364,21,0.81,123.64,10,0,0
2023-10-23,SKU0019,1,Electronics,479,0,16.142857142857142,14.233333333333333,4.724720997661888,33.65339578454333,21,0.81,123.64,10,0,0
2023-10-30,SKU0019,1,Electronics,388,666,13.0,14.066666666666666,4.494696747342888,27.582938388625593,21,0.81,123.64,10,0,0
2023-11-06,SKU0019,1,Electronics,223,666,23.571428571428573,16.466666666666665,6.699116428271729,13.542510121457491,21,0.81,123.64,11,0,0
2023-11-13,SKU0019,1,Electronics,37,666,26.571428571428573,19.366666666666667,7.730295677680616,1.910499139414802,21,0.81,123.64,11,0,1
2023-11-20,SKU0019,1,Electronics,528,0,25.0,21.7,9.120458246200645,24.331797235023043,21,0.81,123.64,11,0,0
2023-11-27,SKU0019,1,Electronics,351,666,25.285714285714285,24.433333333333334,7.83750194778979,14.3656207366985,21,0.81,123.64,11,0,0
2023-12-04,SKU0019,1,Electronics,146,666,29.285714285714285,26.933333333333334,6.877917353853289,5.420792079207921,21,0.81,123.64,12,0,1
2023-12-11,SKU0019,1,Electronics,0,666,20.857142857142858,25.066666666666666,9.702233419854052,0.0,21,0.81,123.64,12,0,1
2023-12-18,SKU0019,1,Electronics,557,0,15.571428571428571,23.066666666666666,11.395502238355595,24.147398843930635,21,0.81,123.64,12,0,0
2023-01-30,SKU0019,2,Electronics,610,0,12.571428571428571,12.3,2.9495762407505253,49.59349593495935,21,0.81,123.64,1,0,0
2023-02-06,SKU0019,2,Electronics,509,0,14.428571428571429,13.033333333333333,3.274597457054398,39.0537084398977,21,0.81,123.64,2,0,0
2023-02-13,SKU0019,2,Electronics,390,766,17.0,13.9,3.817834735680098,28.057553956834532,21,0.81,123.64,2,0,0
2023-02-20,SKU0019,2,Electronics,286,766,14.857142857142858,14.633333333333333,4.1479810904145635,19.544419134396357,21,0.81,123.64,2,0,0
2023-02-27,SKU0019,2,Electronics,187,766,14.142857142857142,15.133333333333333,3.7575976673780653,12.3568281938326,21,0.81,123.64,2,0,0
2023-03-06,SKU0019,2,Electronics,839,0,16.285714285714285,15.466666666666667,3.77590668109897,54.24568965517241,21,0.81,123.64,3,0,0
2023-03-13,SKU0019,2,Electronics,741,0,14.0,15.066666666666666,4.016632088371221,49.18141592920354,21,0.81,123.64,3,0,0
2023-03-20,SKU0019,2,Electronics,617,0,17.714285714285715,15.633333333333333,4.072475594925573,39.46695095948827,21,0.81,123.64,3,0,0
2023-03-27,SKU0019,2,Electronics,496,0,17.285714285714285,16.1,4.365618019210477,30.807453416149066,21,0.81,123.64,3,0,0
2023-04-03,SKU0019,2,Electronics,376,766,17.142857142857142,16.666666666666668,5.026367258377762,22.56,21,0.81,123.64,4,0,0
2023-04-10,SKU0019,2,Electronics,257,766,17.0,17.033333333333335,4.888292370434753,15.088062622309197,21,0.81,123.64,4,0,0
2023-04-17,SKU0019,2,Electronics,151,766,15.142857142857142,16.433333333333334,4.430951741255299,9.188640973630832,21,0.81,123.64,4,0,0
2023-04-24,SKU0019,2,Electronics,801,0,16.571428571428573,16.566666666666666,4.702774920621124,48.35010060362173,21,0.81,123.64,4,0,0
2023-05-01,SKU0019,2,Electronics,679,0,17.428571428571427,16.966666666666665,4.506572467219281,40.0196463654224,21,0.81,123.64,5,0,0
2023-05-08,SKU0019,2,Electronics,576,0,14.714285714285714,15.866666666666667,3.9543370631744845,36.30252100840336,21,0.81,123.64,5,0,0
2023-05-15,SKU0019,2,Electronics,450,0,18.0,16.566666666666666,4.485096649351385,27.16297786720322,21,0.81,123.64,5,0,0
2023-05-22,SKU0019,2,Electronics,318,766,18.857142857142858,17.0,4.690415759823433,18.705882352941178,21,0.81,123.64,5,0,0
2023-05-29,SKU0019,2,Electronics,202,766,16.571428571428573,17.133333333333333,4.538975528748172,11.789883268482491,21,0.81,123.64,5,0,0
2023-06-05,SKU0019,2,Electronics,842,0,18.0,17.366666666666667,4.156285919385025,48.48368522072936,21,0.81,123.64,6,0,0
2023-06-12,SKU0019,2,Electronics,726,0,16.571428571428573,17.833333333333332,3.582364210034124,40.71028037383178,21,0.81,123.64,6,0,0
2023-06-19,SKU0019,2,Electronics,622,0,14.857142857142858,16.7,2.680066906009937,37.24550898203593,21,0.81,123.64,6,0,0
2023-06-26,SKU0019,2,Electronics,519,0,14.714285714285714,15.933333333333334,3.117617717085441,32.57322175732217,21,0.81,123.64,6,0,0
2023-07-03,SKU0019,2,Electronics,404,766,16.428571428571427,15.9,3.346124881730792,25.40880503144654,21,0.81,123.64,7,0,0
2023-07-10,SKU0019,2,Electronics,274,766,18.571428571428573,16.166666666666668,3.8424429489703487,16.948453608247423,21,0.81,123.64,7,0,0
2023-07-17,SKU0019,2,Electronics,175,766,14.142857142857142,16.0,4.127285155961564,10.9375,21,0.81,123.64,7,0,0
2023-07-24,SKU0019,2,Electronics,819,0,17.428571428571427,16.4,4.239388374884219,49.93902439024391,21,0.81,123.64,7,0,0
2023-07-31,SKU0019,2,Electronics,704,0,16.428571428571427,16.466666666666665,3.8032049400593664,42.75303643724697,21,0.81,123.64,7,0,0
2023-08-07,SKU0019,2,Electronics,586,0,16.857142857142858,16.233333333333334,3.539757768191386,36.09856262833675,21,0.81,123.64,8,0,0
2023-08-14,SKU0019,2,Electronics,480,0,15.142857142857142,16.166666666666668,3.4946593078812294,29.690721649484534,21,0.81,123.64,8,0,0
2023-08-21,SKU0019,2,Electronics,342,766,19.714285714285715,17.366666666666667,3.4589547288295113,19.69289827255278,21,0.81,123.64,8,0,0
2023-08-28,SKU0019,2,Electronics,216,766,18.0,17.4,3.558380104136899,12.413793103448278,21,0.81,123.64,8,0,0
2023-09-04,SKU0019,2,Electronics,119,766,13.857142857142858,16.733333333333334,3.964787539059955,7.111553784860558,21,0.81,123.64,9,0,0
2023-09-11,SKU0019,2,Electronics,785,0,14.285714285714286,16.4,4.206726960968342,47.86585365853659,21,0.81,123.64,9,0,0
2023-09-18,SKU0019,2,Electronics,678,0,15.285714285714286,15.6,3.8916355926791035,43.46153846153846,21,0.81,123.64,9,0,0
2023-09-25,SKU0019,2,Electronics,563,0,16.428571428571427,15.233333333333333,3.7016616337227015,36.95842450765865,21,0.81,123.64,9,0,0
2023-10-02,SKU0019,2,Electronics,435,766,18.285714285714285,15.8,3.9075523690977385,27.531645569620252,21,0.81,123.64,10,0,0
2023-10-09,SKU0019,2,Electronics,305,766,18.571428571428573,16.966666666666665,4.28697573115831,17.976424361493127,21,0.81,123.64,10,0,0
2023-10-16,SKU0019,2,Electronics,164,766,20.142857142857142,17.966666666666665,4.745112427964503,9.128014842300557,21,0.81,123.64,10,0,0
2023-10-23,SKU0019,2,Electronics,814,0,16.571428571428573,18.066666666666666,5.023622359333513,45.055350553505534,21,0.81,123.64,10,0,0
2023-10-30,SKU0019,2,Electronics,703,0,15.857142857142858,17.733333333333334,5.2910681623705,39.64285714285714,21,0.81,123.64,10,0,0
2023-11-06,SKU0019,2,Electronics,509,0,27.714285714285715,19.966666666666665,7.30367566098878,25.49248747913189,21,0.81,123.64,11,0,0
2023-11-13,SKU0019,2,Electronics,313,766,28.0,21.666666666666668,8.230864258191973,14.446153846153845,21,0.81,123.64,11,0,0
2023-11-20,SKU0019,2,Electronics,120,766,27.571428571428573,24.266666666666666,8.115261626366,4.945054945054945,21,0.81,123.64,11,0,1
2023-11-27,SKU0019,2,Electronics,0,766,17.142857142857142,24.5,10.483977923643726,0.0,21,0.81,123.64,11,0,1
2023-12-04,SKU0019,2,Electronics,583,0,26.142857142857142,25.0,10.945003583748916,23.32,21,0.81,123.64,12,0,0
2023-12-11,SKU0019,2,Electronics,346,766,33.857142857142854,26.366666666666667,11.943785957078541,13.122629582806574,21,0.81,123.64,12,0,0
2023-12-18,SKU0019,2,Electronics,136,766,30.0,26.966666666666665,12.121463816613574,5.043263288009889,21,0.81,123.64,12,0,1
2023-01-30,SKU0019,3,Electronics,207,0,4.285714285714286,4.633333333333334,2.4842029642958114,44.67625899280575,21,0.81,123.64,1,0,0
2023-02-06,SKU0019,3,Electronics,175,0,4.571428571428571,4.6,2.5944237284527416,38.04347826086957,21,0.81,123.64,2,0,0
2023-02-13,SKU0019,3,Electronics,149,279,3.7142857142857144,4.733333333333333,2.5721765013355897,31.47887323943662,21,0.81,123.64,2,0,0
2023-02-20,SKU0019,3,Electronics,130,279,2.7142857142857144,4.133333333333334,2.622624814863963,31.451612903225804,21,0.81,123.64,2,0,0
2023-02-27,SKU0019,3,Electronics,101,279,4.142857142857143,3.8,2.1877401346027665,26.578947368421055,21,0.81,123.64,2,0,0
2023-03-06,SKU0019,3,Electronics,352,0,4.0,3.6333333333333333,1.9384197853839138,96.88073394495413,21,0.81,123.64,3,0,0
2023-03-13,SKU0019,3,Electronics,315,0,5.285714285714286,4.1,1.9360464514233562,76.82926829268294,21,0.81,123.64,3,0,0
2023-03-20,SKU0019,3,Electronics,267,0,6.857142857142857,4.933333333333334,2.625253135030699,54.12162162162162,21,0.81,123.64,3,0,0
2023-03-27,SKU0019,3,Electronics,228,0,5.571428571428571,5.3,2.6929025489109413,43.0188679245283,21,0.81,123.64,3,0,0
2023-04-03,SKU0019,3,Electronics,180,0,6.857142857142857,6.033333333333333,3.079222173764393,29.834254143646408,21,0.81,123.64,4,0,0
2023-04-10,SKU0019,3,Electronics,134,279,6.571428571428571,6.366666666666666,3.2215153141868256,21.04712041884817,21,0.81,123.64,4,0,0
2023-04-17,SKU0019,3,Electronics,106,279,4.0,6.133333333333334,3.350072910512119,17.282608695652172,21,0.81,123.64,4,0,0
2023-04-24,SKU0019,3,Electronics,56,279,7.142857142857143,6.233333333333333,3.0589984086899795,8.983957219251337,21,0.81,123.64,4,0,0
2023-05-01,SKU0019,3,Electronics,298,0,5.285714285714286,5.8,2.469119625319507,51.37931034482759,21,0.81,123.64,5,0,0
2023-05-08,SKU0019,3,Electronics,261,0,5.285714285714286,5.566666666666666,2.661129308282915,46.886227544910184,21,0.81,123.64,5,0,0
2023-05-15,SKU0019,3,Electronics,222,0,5.571428571428571,5.833333333333333,2.5472545509089675,38.05714285714286,21,0.81,123.64,5,0,0
2023-05-22,SKU0019,3,Electronics,191,0,4.428571428571429,5.433333333333334,2.648139663643315,35.15337423312883,21,0.81,123.64,5,0,0
2023-05-29,SKU0019,3,Electronics,140,279,7.285714285714286,5.6,2.5810984029124597,25.0,21,0.81,123.64,5,0,0
2023-06-05,SKU0019,3,Electronics,98,279,6.0,5.733333333333333,2.7029145614385945,17.093023255813954,21,0.81,123.64,6,0,0
2023-06-12,SKU0019,3,Electronics,67,279,4.428571428571429,5.4,2.6076809620810613,12.407407407407407,21,0.81,123.64,6,0,0
2023-06-19,SKU0019,3,Electronics,308,0,5.428571428571429,5.8,2.2499042125204465,53.10344827586207,21,0.81,123.64,6,0,0
2023-06-26,SKU0019,3,Electronics,271,0,5.285714285714286,5.366666666666666,2.1732437750393157,50.496894409937894,21,0.81,123.64,6,0,0
2023-07-03,SKU0019,3,Electronics,234,0,5.285714285714286,5.266666666666667,2.2273121784406182,44.43037974683544,21,0.81,123.64,7,0,0
2023-07-10,SKU0019,3,Electronics,195,0,5.571428571428571,5.533333333333333,2.208655907908753,35.24096385542169,21,0.81,123.64,7,0,0
2023-07-17,SKU0019,3,Electronics,159,279,5.142857142857143,5.366666666666666,2.370556945083806,29.627329192546586,21,0.81,123.64,7,0,0
2023-07-24,SKU0019,3,Electronics,119,279,5.714285714285714,5.533333333333333,2.6094435043316917,21.50602409638554,21,0.81,123.64,7,0,0
2023-07-31,SKU0019,3,Electronics,87,279,4.571428571428571,5.2,2.4968946230509403,16.73076923076923,21,0.81,123.64,7,0,0
2023-08-07,SKU0019,3,Electronics,327,0,5.571428571428571,5.233333333333333,2.192201433818706,62.48407643312102,21,0.81,123.64,8,0,0
2023-08-14,SKU0019,3,Electronics,287,0,5.714285714285714,5.366666666666666,2.108821101179903,53.47826086956522,21,0.81,123.64,8,0,0
2023-08-21,SKU0019,3,Electronics,250,0,5.285714285714286,5.233333333333333,1.6333450621206873,47.77070063694268,21,0.81,123.64,8,0,0
2023-08-28,SKU0019,3,Electronics,215,0,5.0,5.2,1.8270005567822816,41.34615384615385,21,0.81,123.64,8,0,0
2023-09-04,SKU0019,3,Electronics,177,0,5.428571428571429,5.466666666666667,1.7952683659406286,32.3780487804878,21,0.81,123.64,9,0,0
2023-09-11,SKU0019,3,Electronics,152,279,3.5714285714285716,4.933333333333334,1.8181713688309995,30.81081081081081,21,0.81,123.64,9,0,0
2023-09-18,SKU0019,3,Electronics,116,279,5.142857142857143,4.833333333333333,1.8769625744130156,24.0,21,0.81,123.64,9,0,0
2023-09-25,SKU0019,3,Electronics,74,279,6.0,4.833333333333333,2.0692049669866703,15.310344827586208,21,0.81,123.64,9,0,0
2023-10-02,SKU0019,3,Electronics,309,0,6.285714285714286,5.233333333333333,2.329471352390753,59.044585987261144,21,0.81,123.64,10,0,0
2023-10-09,SKU0019,3,Electronics,263,0,6.571428571428571,5.733333333333333,2.664366824352955,45.872093023255815,21,0.81,123.64,10,0,0
2023-10-16,SKU0019,3,Electronics,225,0,5.428571428571429,6.066666666666666,2.5042492623171717,37.08791208791209,21,0.81,123.64,10,0,0
2023-10-23,SKU0019,3,Electronics,196,0,4.142857142857143,5.533333333333333,2.635740206617795,35.42168674698795,21,0.81,123.64,10,0,0
2023-10-30,SKU0019,3,Electronics,156,279,5.714285714285714,5.633333333333334,2.552663697791583,27.69230769230769,21,0.81,123.64,10,0,0
2023-11-06,SKU0019,3,Electronics,94,279,8.857142857142858,5.866666666666666,3.014142908235171,16.022727272727273,21,0.81,123.64,11,0,0
2023-11-13,SKU0019,3,Electronics,24,279,10.0,7.2,3.4280787823401955,3.333333333333333,21,0.81,123.64,11,0,1
2023-11-20,SKU0019,3,Electronics,241,0,8.857142857142858,8.066666666666666,4.306637486111596,29.87603305785124,21,0.81,123.64,11,0,0
2023-11-27,SKU0019,3,Electronics,183,0,8.285714285714286,8.866666666666667,3.9193008994245235,20.6390977443609,21,0.81,123.64,11,0,0
2023-12-04,SKU0019,3,Electronics,117,279,9.428571428571429,9.2,3.889863041645375,12.717391304347828,21,0.81,123.64,12,0,0
2023-12-11,SKU0019,3,Electronics,41,279,10.857142857142858,9.266666666666667,4.109982241201109,4.424460431654676,21,0.81,123.64,12,0,1
2023-12-18,SKU0019,3,Electronics,0,279,5.857142857142857,9.0,4.799425252946512,0.0,21,0.81,123.64,12,0,0
2023-01-30,SKU0019,4,Electronics,942,0,14.714285714285714,15.7,4.243859661627161,60.0,21,0.81,123.64,1,0,0
2023-02-06,SKU0019,4,Electronics,796,0,20.857142857142858,16.766666666666666,4.461972142707623,47.4751491053678,21,0.81,123.64,2,0,0
2023-02-13,SKU0019,4,Electronics,642,0,22.0,18.7,4.4190028521032385,34.33155080213904,21,0.81,123.64,2,0,0
2023-02-20,SKU0019,4,Electronics,457,1131,26.428571428571427,20.733333333333334,5.806852867938457,22.041800643086816,21,0.81,123.64,2,0,0
2023-02-27,SKU0019,4,Electronics,300,1131,22.428571428571427,22.433333333333334,5.230437005104627,13.37295690936107,21,0.81,123.64,2,0,0
2023-03-06,SKU0019,4,Electronics,133,1131,23.857142857142858,23.666666666666668,5.08095384293373,5.619718309859155,21,0.81,123.64,3,0,0
2023-03-13,SKU0019,4,Electronics,1112,0,21.714285714285715,23.566666666666666,5.587444874885577,47.185289957567186,21,0.81,123.64,3,0,0
2023-03-20,SKU0019,4,Electronics,972,0,20.0,22.0,5.0377882393792195,44.18181818181818,21,0.81,123.64,3,0,0
2023-03-27,SKU0019,4,Electronics,836,0,19.428571428571427,21.066666666666666,4.891465708927045,39.68354430379747,21,0.81,123.64,3,0,0
2023-04-03,SKU0019,4,Electronics,687,0,21.285714285714285,20.966666666666665,4.723261098256035,32.76629570747218,21,0.81,123.64,4,0,0
2023-04-10,SKU0019,4,Electronics,540,0,21.0,20.1,4.196468137325259,26.865671641791042,21,0.81,123.64,4,0,0
2023-04-17,SKU0019,4,Electronics,410,1131,18.571428571428573,20.2,5.026824595829986,20.2970297029703,21,0.81,123.64,4,0,0
2023-04-24,SKU0019,4,Electronics,253,1131,22.428571428571427,20.666666666666668,4.957288840049379,12.241935483870966,21,0.81,123.64,4,0,0
2023-05-01,SKU0019,4,Electronics,111,1131,20.285714285714285,20.7,4.864721702356597,5.36231884057971,21,0.81,123.64,5,0,0
2023-05-08,SKU0019,4,Electronics,1094,0,21.142857142857142,21.1,4.787555707787888,51.84834123222748,21,0.81,123.64,5,0,0
2023-05-15,SKU0019,4,Electronics,956,0,19.714285714285715,20.666666666666668,3.781382098481003,46.25806451612903,21,0.81,123.64,5,0,0
2023-05-22,SKU0019,4,Electronics,820,0,19.428571428571427,20.3,4.111799673102286,40.39408866995074,21,0.81,123.64,5,0,0
2023-05-29,SKU0019,4,Electronics,665,0,22.142857142857142,20.3,4.316368205188078,32.758620689655174,21,0.81,123.64,5,0,0
2023-06-05,SKU0019,4,Electronics,530,0,19.285714285714285,20.266666666666666,4.463903760343532,26.151315789473685,21,0.81,123.64,6,0,0
2023-06-12,SKU0019,4,Electronics,402,1131,18.285714285714285,19.533333333333335,5.00160893653461,20.580204778156993,21,0.81,123.64,6,0,0
2023-06-19,SKU0019,4,Electronics,248,1131,22.0,20.033333333333335,5.281609820769656,12.37936772046589,21,0.81,123.64,6,0,0
2023-06-26,SKU0019,4,Electronics,1245,0,19.142857142857142,19.933333333333334,5.349401083674966,62.45819397993311,21,0.81,123.64,6,0,0
2023-07-03,SKU0019,4,Electronics,1111,0,19.142857142857142,19.433333333333334,5.321934658162105,57.16981132075472,21,0.81,123.64,7,0,0
2023-07-10,SKU0019,4,Electronics,967,0,20.571428571428573,20.333333333333332,4.96423993788772,47.55737704918033,21,0.81,123.64,7,0,0
2023-07-17,SKU0019,4,Electronics,831,0,19.428571428571427,20.133333333333333,5.354555478078083,41.27483443708609,21,0.81,123.64,7,0,0
2023-07-24,SKU0019,4,Electronics,682,0,21.285714285714285,20.066666666666666,4.784553691096843,33.98671096345515,21,0.81,123.64,7,0,0
2023-07-31,SKU0019,4,Electronics,542,0,20.0,20.166666666666668,5.146698528875221,26.876033057851238,21,0.81,123.64,7,0,0
2023-08-07,SKU0019,4,Electronics,417,1131,17.857142857142858,19.9,5.779571634287612,20.954773869346734,21,0.81,123.64,8,0,0
2023-08-14,SKU0019,4,Electronics,274,1131,20.428571428571427,19.633333333333333,5.229118296703511,13.955857385398982,21,0.81,123.64,8,0,0
2023-08-21,SKU0019,4,Electronics,122,1131,21.714285714285715,19.933333333333334,4.682567328038018,6.120401337792642,21,0.81,123.64,8,0,0
2023-08-28,SKU0019,4,Electronics,1133,0,17.142857142857142,19.333333333333332,4.130069159756006,58.60344827586207,21,0.81,123.64,8,0,0
2023-09-04,SKU0019,4,Electronics,992,0,20.142857142857142,19.4,4.064989290396022,51.134020618556704,21,0.81,123.64,9,0,0
2023-09-11,SKU0019,4,Electronics,847,0,20.714285714285715,20.0,3.6859472183621445,42.35,21,0.81,123.64,9,0,0
2023-09-18,SKU0019,4,Electronics,705,0,20.285714285714285,19.5,4.21614303231821,36.15384615384615,21,0.81,123.64,9,0,0
2023-09-25,SKU0019,4,Electronics,587,0,16.857142857142858,19.233333333333334,4.399712634294162,30.519930675909876,21,0.81,123.64,9,0,0
2023-10-02,SKU0019,4,Electronics,416,1131,24.428571428571427,20.6,5.506109459437787,20.19417475728155,21,0.81,123.64,10,0,0
2023-10-09,SKU0019,4,Electronics,283,1131,19.0,20.333333333333332,6.0590959456143985,13.918032786885247,21,0.81,123.64,10,0,0
2023-10-16,SKU0019,4,Electronics,154,1131,18.428571428571427,19.366666666666667,5.8691674398317755,7.951807228915662,21,0.81,123.64,10,0,0
2023-10-23,SKU0019,4,Electronics,1136,0,21.285714285714285,20.333333333333332,5.961562704950554,55.868852459016395,21,0.81,123.64,10,0,0
2023-10-30,SKU0019,4,Electronics,1000,0,19.428571428571427,20.1,5.460516585389173,49.75124378109452,21,0.81,123.64,10,0,0
2023-11-06,SKU0019,4,Electronics,775,0,32.142857142857146,22.466666666666665,7.468246959205225,34.49554896142433,21,0.81,123.64,11,0,0
2023-11-13,SKU0019,4,Electronics,506,1131,38.42857142857143,26.8,10.581050074999892,18.88059701492537,21,0.81,123.64,11,0,0
2023-11-20,SKU0019,4,Electronics,277,1131,32.714285714285715,30.166666666666668,9.829874708337302,9.18232044198895,21,0.81,123.64,11,0,0
2023-11-27,SKU0019,4,Electronics,11,1131,38.0,34.43333333333333,8.892784108219573,0.31945788964182,21,0.81,123.64,11,0,1
2023-12-04,SKU0019,4,Electronics,1040,0,14.571428571428571,31.5,15.451258178878025,33.01587301587302,21,0.81,123.64,12,0,0
2023-12-11,SKU0019,4,Electronics,733,0,43.857142857142854,32.56666666666667,16.03161388251854,22.507676560900713,21,0.81,123.64,12,0,0
2023-12-18,SKU0019,4,Electronics,420,1131,44.714285714285715,35.03333333333333,17.67812467299694,11.988582302568982,21,0.81,123.64,12,0,0
2023-01-30,SKU0020,1,Garden,182,0,2.0,1.8333333333333333,1.0854312136382618,99.27272727272728,19,0.86,89.83,1,0,0
2023-02-06,SKU0020,1,Garden,149,0,4.714285714285714,2.533333333333333,2.192987779787852,58.81578947368421,19,0.86,89.83,2,0,0
2023-02-13,SKU0020,1,Garden,117,204,4.571428571428571,3.1333333333333333,2.445732854463525,37.340425531914896,19,0.86,89.83,2,0,0
2023-02-20,SKU0020,1,Garden,85,204,4.571428571428571,3.933333333333333,2.434427403232472,21.610169491525426,19,0.86,89.83,2,0,0
2023-02-27,SKU0020,1,Garden,261,0,4.0,4.266666666666667,2.3625429510174625,61.171875,19,0.86,89.83,2,0,0
2023-03-06,SKU0020,1,Garden,221,0,5.714285714285714,4.633333333333334,2.2511810437976836,47.6978417266187,19,0.86,89.83,3,0,0
2023-03-13,SKU0020,1,Garden,194,0,3.857142857142857,4.4,2.660049260627615,44.090909090909086,19,0.86,89.83,3,0,0
2023-03-20,SKU0020,1,Garden,153,0,5.857142857142857,4.733333333333333,2.765967229134084,32.32394366197183,19,0.86,89.83,3,0,0
2023-03-27,SKU0020,1,Garden,117,204,5.142857142857143,5.066666666666666,2.981937964309202,23.092105263157897,19,0.86,89.83,3,0,0
2023-04-03,SKU0020,1,Garden,71,204,6.571428571428571,5.333333333333333,3.088726256089632,13.3125,19,0.86,89.83,4,0,0
2023-04-10,SKU0020,1,Garden,210,0,9.285714285714286,6.366666666666666,3.4289169229317613,32.98429319371728,19,0.86,89.83,4,0,0
2023-04-17,SKU0020,1,Garden,160,0,7.142857142857143,6.933333333333334,3.1724387805112886,23.076923076923077,19,0.86,89.83,4,0,0
2023-04-24,SKU0020,1,Garden,99,204,8.714285714285714,7.666666666666667,3.219909329772195,12.91304347826087,19,0.86,89.83,4,0,0
2023-05-01,SKU0020,1,Garden,33,204,9.428571428571429,8.7,2.914292958553731,3.7931034482758625,19,0.86,89.83,5,0,1
2023-05-08,SKU0020,1,Garden,190,0,6.714285714285714,8.2,4.113895712221504,23.170731707317074,19,0.86,89.83,5,0,0
2023-05-15,SKU0020,1,Garden,120,204,10.0,8.533333333333333,4.066120181860508,14.0625,19,0.86,89.83,5,0,0
2023-05-22,SKU0020,1,Garden,58,204,8.857142857142858,8.866666666666667,4.01491472261679,6.541353383458646,19,0.86,89.83,5,0,1
2023-05-29,SKU0020,1,Garden,0,204,8.285714285714286,8.466666666666667,4.516126913501277,0.0,19,0.86,89.83,5,0,1
2023-06-05,SKU0020,1,Garden,161,0,6.142857142857143,8.233333333333333,4.107884205242177,19.554655870445345,19,0.86,89.83,6,0,0
2023-06-12,SKU0020,1,Garden,103,204,8.285714285714286,7.933333333333334,3.522668789752855,12.983193277310924,19,0.86,89.83,6,0,0
2023-06-19,SKU0020,1,Garden,48,204,7.857142857142857,7.833333333333333,3.677361622923032,6.127659574468085,19,0.86,89.83,6,0,1
2023-06-26,SKU0020,1,Garden,186,0,9.428571428571429,7.6,3.7008852622228003,24.47368421052632,19,0.86,89.83,6,0,0
2023-07-03,SKU0020,1,Garden,131,204,7.857142857142857,8.3,3.465594440725314,15.783132530120481,19,0.86,89.83,7,0,0
2023-07-10,SKU0020,1,Garden,85,204,6.571428571428571,8.1,3.477513975281172,10.493827160493828,19,0.86,89.83,7,0,0
2023-07-17,SKU0020,1,Garden,42,204,6.142857142857143,7.533333333333333,3.5304911579115954,5.575221238938053,19,0.86,89.83,7,0,0
2023-07-24,SKU0020,1,Garden,192,0,7.714285714285714,7.2,2.6832815729997503,26.666666666666664,19,0.86,89.83,7,0,0
2023-07-31,SKU0020,1,Garden,136,204,8.0,7.133333333333334,2.3596220231117604,19.06542056074766,19,0.86,89.83,7,0,0
2023-08-07,SKU0020,1,Garden,100,204,5.142857142857143,6.666666666666667,2.2944210197982358,15.0,19,0.86,89.83,8,0,0
2023-08-14,SKU0020,1,Garden,67,204,4.714285714285714,6.233333333333333,2.555363977493479,10.748663101604278,19,0.86,89.83,8,0,0
2023-08-21,SKU0020,1,Garden,30,204,5.285714285714286,6.033333333333333,2.4842029642958168,4.972375690607735,19,0.86,89.83,8,0,1
2023-08-28,SKU0020,1,Garden,0,204,4.285714285714286,5.166666666666667,2.520034664968663,0.0,19,0.86,89.83,8,0,1
2023-09-04,SKU0020,1,Garden,0,204,0.0,3.6333333333333333,2.894505297894668,0.0,19,0.86,89.83,9,0,1
2023-09-11,SKU0020,1,Garden,0,204,0.0,2.5,2.9565823699577387,0.0,19,0.86,89.83,9,0,1
2023-09-18,SKU0020,1,Garden,0,204,0.0,1.3666666666666667,2.6971675223608695,0.0,19,0.86,89.83,9,0,1
2023-09-25,SKU0020,1,Garden,196,0,1.1428571428571428,0.26666666666666666,1.460593486680487,735.0,19,0.86,89.83,9,0,0
2023-10-02,SKU0020,1,Garden,152,0,6.285714285714286,1.7333333333333334,3.2688006166275225,87.6923076923077,19,0.86,89.83,10,0,0
2023-10-09,SKU0020,1,Garden,121,204,4.428571428571429,2.7666666666666666,3.48081771341492,43.734939759036145,19,0.86,89.83,10,0,0
2023-10-16,SKU0020,1,Garden,86,204,5.0,3.933333333333333,3.2898310755640914,21.864406779661017,19,0.86,89.83,10,0,0
2023-10-23,SKU0020,1,Garden,266,0,3.4285714285714284,4.733333333333333,2.59885032052748,56.19718309859155,19,0.86,89.83,10,0,0
2023-10-30,SKU0020,1,Garden,231,0,5.0,4.466666666666667,2.06336406491144,51.71641791044776,19,0.86,89.83,10,0,0
2023-11-06,SKU0020,1,Garden,208,0,3.2857142857142856,4.3,1.9502431324996685,48.372093023255815,19,0.86,89.83,11,0,0
2023-11-13,SKU0020,1,Garden,184,0,3.4285714285714284,3.8333333333333335,1.8019784784457529,48.0,19,0.86,89.83,11,0,0
2023-11-20,SKU0020,1,Garden,147,204,5.285714285714286,4.166666666666667,2.1348234738188236,35.279999999999994,19,0.86,89.83,11,0,0
2023-11-27,SKU0020,1,Garden,117,204,4.285714285714286,4.133333333333334,2.2086559079087635,28.306451612903224,19,0.86,89.83,11,0,0
2023-12-04,SKU0020,1,Garden,101,204,2.2857142857142856,3.7666666666666666,2.416656757807682,26.8141592920354,19,0.86,89.83,12,0,0
2023-12-11,SKU0020,1,Garden,295,0,1.4285714285714286,3.466666666666667,2.5425121073639017,85.09615384615384,19,0.86,89.83,12,0,0
2023-12-18,SKU0020,1,Garden,283,0,1.7142857142857142,2.6666666666666665,2.2180036586726253,106.125,19,0.86,89.83,12,0,0
2023-01-30,SKU0020,2,Garden,357,0,3.4285714285714284,3.6666666666666665,2.5908770094624174,97.36363636363637,19,0.86,89.83,1,0,0
2023-02-06,SKU0020,2,Garden,303,0,7.714285714285714,4.533333333333333,3.451469785201794,66.83823529411765,19,0.86,89.83,2,0,0
2023-02-13,SKU0020,2,Garden,231,0,10.285714285714286,5.833333333333333,4.457332845094028,39.6,19,0.86,89.83,2,0,0
2023-02-20,SKU0020,2,Garden,169,365,8.857142857142858,7.133333333333334,4.207819759262127,23.69158878504673,19,0.86,89.83,2,0,0
2023-02-27,SKU0020,2,Garden,108,365,8.714285714285714,8.466666666666667,3.7484096244465688,12.755905511811024,19,0.86,89.83,2,0,0
2023-03-06,SKU0020,2,Garden,414,0,8.428571428571429,8.966666666666667,3.156638689506917,46.17100371747212,19,0.86,89.83,3,0,0
2023-03-13,SKU0020,2,Garden,368,0,6.571428571428571,8.233333333333333,3.081461065606796,44.69635627530365,19,0.86,89.83,3,0,0
2023-03-20,SKU0020,2,Garden,309,0,8.428571428571429,8.133333333333333,3.036937356243477,37.99180327868853,19,0.86,89.83,3,0,0
2023-03-27,SKU0020,2,Garden,251,0,8.285714285714286,8.233333333333333,3.2555875928490448,30.485829959514174,19,0.86,89.83,3,0,0
2023-04-03,SKU0020,2,Garden,160,365,13.0,9.133333333333333,3.8482717422628614,17.51824817518248,19,0.86,89.83,4,0,0
2023-04-10,SKU0020,2,Garden,53,365,15.285714285714286,10.933333333333334,4.487018312123689,4.847560975609756,19,0.86,89.83,4,0,1
2023-04-17,SKU0020,2,Garden,0,365,7.571428571428571,10.7,6.438836905036124,0.0,19,0.86,89.83,4,0,1
2023-04-24,SKU0020,2,Garden,289,0,10.857142857142858,11.6,6.462624640297414,24.913793103448278,19,0.86,89.83,4,0,0
2023-05-01,SKU0020,2,Garden,174,365,16.428571428571427,12.7,6.80846329312225,13.700787401574804,19,0.86,89.83,5,0,0
2023-05-08,SKU0020,2,Garden,56,365,16.857142857142858,12.9,7.0678973120577435,4.341085271317829,19,0.86,89.83,5,0,1
2023-05-15,SKU0020,2,Garden,0,365,8.0,12.166666666666666,7.755235532265898,0.0,19,0.86,89.83,5,0,1
2023-05-22,SKU0020,2,Garden,0,365,0.0,10.233333333333333,8.672919936785135,0.0,19,0.86,89.83,5,0,1
2023-05-29,SKU0020,2,Garden,265,0,14.285714285714286,10.233333333333333,9.750979909496396,25.895765472312707,19,0.86,89.83,5,0,0
2023-06-05,SKU0020,2,Garden,153,365,16.0,9.866666666666667,9.772351332955273,15.506756756756756,19,0.86,89.83,6,0,0
2023-06-12,SKU0020,2,Garden,45,365,15.428571428571429,10.666666666666666,9.367343616884227,4.21875,19,0.86,89.83,6,0,1
2023-06-19,SKU0020,2,Garden,0,365,6.428571428571429,12.166666666666666,9.362741027083358,0.0,19,0.86,89.83,6,0,0
2023-06-26,SKU0020,2,Garden,250,0,16.428571428571427,14.1,7.953962361073839,17.73049645390071,19,0.86,89.83,6,0,0
2023-07-03,SKU0020,2,Garden,162,365,12.571428571428571,12.766666666666667,7.318768189804345,12.68929503916449,19,0.86,89.83,7,0,0
2023-07-10,SKU0020,2,Garden,86,365,10.857142857142858,11.666666666666666,6.829617717040945,7.371428571428572,19,0.86,89.83,7,0,1
2023-07-17,SKU0020,2,Garden,0,365,12.285714285714286,12.166666666666666,5.693815963822949,0.0,19,0.86,89.83,7,0,0
2023-07-24,SKU0020,2,Garden,292,0,10.428571428571429,11.733333333333333,4.209458424772131,24.886363636363637,19,0.86,89.83,7,0,0
2023-07-31,SKU0020,2,Garden,210,0,11.714285714285714,11.433333333333334,3.883504756711689,18.36734693877551,19,0.86,89.83,7,0,0
2023-08-07,SKU0020,2,Garden,162,365,6.857142857142857,10.466666666666667,4.2647984415592814,15.477707006369426,19,0.86,89.83,8,0,0
2023-08-14,SKU0020,2,Garden,95,365,9.571428571428571,9.266666666666667,3.2688006166275176,10.251798561151078,19,0.86,89.83,8,0,0
2023-08-21,SKU0020,2,Garden,43,365,7.428571428571429,9.1,3.1332477366640545,4.725274725274725,19,0.86,89.83,8,0,1
2023-08-28,SKU0020,2,Garden,0,365,6.142857142857143,7.633333333333334,3.0567430642629514,0.0,19,0.86,89.83,8,0,1
2023-09-04,SKU0020,2,Garden,0,365,0.0,5.8,4.294342709931871,0.0,19,0.86,89.83,9,0,1
2023-09-11,SKU0020,2,Garden,0,365,0.0,3.8,4.436525512232503,0.0,19,0.86,89.83,9,0,1
2023-09-18,SKU0020,2,Garden,0,365,0.0,1.7666666666666666,3.32890510459559,0.0,19,0.86,89.83,9,0,1
2023-09-25,SKU0020,2,Garden,0,365,0.0,0.13333333333333333,0.7302967433404454,0.0,19,0.86,89.83,9,0,0
2023-10-02,SKU0020,2,Garden,306,0,8.428571428571429,1.9666666666666666,3.960871841795277,155.59322033898306,19,0.86,89.83,10,0,0
2023-10-09,SKU0020,2,Garden,237,0,9.857142857142858,4.266666666666667,5.6258843493840045,55.546875,19,0.86,89.83,10,0,0
2023-10-16,SKU0020,2,Garden,181,365,8.0,6.133333333333334,5.399446544647507,29.51086956521739,19,0.86,89.83,10,0,0
2023-10-23,SKU0020,2,Garden,119,365,8.857142857142858,8.2,4.381780460041339,14.51219512195122,19,0.86,89.83,10,0,0
2023-10-30,SKU0020,2,Garden,58,365,8.714285714285714,8.633333333333333,3.9434217010920554,6.718146718146719,19,0.86,89.83,10,0,0
2023-11-06,SKU0020,2,Garden,369,0,7.714285714285714,8.166666666666666,2.817229420759958,45.183673469387756,19,0.86,89.83,11,0,0
2023-11-13,SKU0020,2,Garden,307,0,8.857142857142858,8.3,2.854518499163922,36.98795180722891,19,0.86,89.83,11,0,0
2023-11-20,SKU0020,2,Garden,252,0,7.857142857142857,8.466666666666667,2.932967584303446,29.763779527559056,19,0.86,89.83,11,0,0
2023-11-27,SKU0020,2,Garden,178,365,10.571428571428571,8.566666666666666,2.920596695449637,20.77821011673152,19,0.86,89.83,11,0,0
2023-12-04,SKU0020,2,Garden,133,365,6.428571428571429,8.433333333333334,3.616850728935655,15.770750988142293,19,0.86,89.83,12,0,0
2023-12-11,SKU0020,2,Garden,109,365,3.4285714285714284,7.166666666666667,4.086000770784398,15.209302325581394,19,0.86,89.83,12,0,0
2023-12-18,SKU0020,2,Garden,450,0,3.4285714285714284,6.066666666666666,4.258325179379034,74.17582417582418,19,0.86,89.83,12,0,0
2023-01-30,SKU0020,3,Garden,378,0,3.5714285714285716,3.7333333333333334,1.818171368830997,101.25,19,0.86,89.83,1,0,0
2023-02-06,SKU0020,3,Garden,320,0,8.285714285714286,4.733333333333333,2.887945616707052,67.6056338028169,19,0.86,89.83,2,0,0
2023-02-13,SKU0020,3,Garden,253,0,9.571428571428571,6.1,3.8358562412384907,41.47540983606557,19,0.86,89.83,2,0,0
2023-02-20,SKU0020,3,Garden,189,405,9.142857142857142,7.266666666666667,3.894588051637045,26.009174311926607,19,0.86,89.83,2,0,0
2023-02-27,SKU0020,3,Garden,132,405,8.142857142857142,8.366666666666667,3.458954728829502,15.776892430278883,19,0.86,89.83,2,0,0
2023-03-06,SKU0020,3,Garden,79,405,7.571428571428571,8.466666666666667,2.96802887490989,9.330708661417322,19,0.86,89.83,3,0,0
2023-03-13,SKU0020,3,Garden,409,0,10.714285714285714,9.266666666666667,3.0049767149632434,44.13669064748201,19,0.86,89.83,3,0,0
2023-03-20,SKU0020,3,Garden,330,0,11.285714285714286,9.433333333333334,3.158822711001719,34.98233215547703,19,0.86,89.83,3,0,0
2023-03-27,SKU0020,3,Garden,264,0,9.428571428571429,9.4,3.479992072920027,28.085106382978722,19,0.86,89.83,3,0,0
2023-04-03,SKU0020,3,Garden,179,405,12.142857142857142,10.6,3.4601175981610024,16.88679245283019,19,0.86,89.83,4,0,0
2023-04-10,SKU0020,3,Garden,83,405,13.714285714285714,11.433333333333334,3.645340278647036,7.259475218658892,19,0.86,89.83,4,0,1
2023-04-17,SKU0020,3,Garden,0,405,11.857142857142858,11.966666666666667,5.235708517303167,0.0,19,0.86,89.83,4,0,1
2023-04-24,SKU0020,3,Garden,319,0,12.285714285714286,12.1,6.900024987461004,26.363636363636363,19,0.86,89.83,4,0,0
2023-05-01,SKU0020,3,Garden,221,0,14.0,13.066666666666666,6.766720457291438,16.91326530612245,19,0.86,89.83,5,0,0
2023-05-08,SKU0020,3,Garden,87,405,19.142857142857142,14.333333333333334,7.321830058277702,6.069767441860465,19,0.86,89.83,5,0,1
2023-05-15,SKU0020,3,Garden,0,405,12.428571428571429,13.5,8.520765709480697,0.0,19,0.86,89.83,5,0,1
2023-05-22,SKU0020,3,Garden,373,0,4.571428571428571,13.0,8.509629433967632,28.692307692307693,19,0.86,89.83,5,0,0
2023-05-29,SKU0020,3,Garden,260,0,16.142857142857142,13.033333333333333,8.397386019114697,19.948849104859335,19,0.86,89.83,5,0,0
2023-06-05,SKU0020,3,Garden,168,405,13.142857142857142,12.133333333333333,8.169469375978924,13.846153846153847,19,0.86,89.83,6,0,0
2023-06-12,SKU0020,3,Garden,50,405,16.857142857142858,11.833333333333334,8.03476641006867,4.225352112676056,19,0.86,89.83,6,0,1
2023-06-19,SKU0020,3,Garden,0,405,7.142857142857143,13.5,6.621542689298837,0.0,19,0.86,89.83,6,0,0
2023-06-26,SKU0020,3,Garden,288,0,16.714285714285715,13.466666666666667,6.724803975265532,21.386138613861387,19,0.86,89.83,6,0,0
2023-07-03,SKU0020,3,Garden,189,405,14.142857142857142,13.566666666666666,6.46840242139104,13.931203931203932,19,0.86,89.83,7,0,0
2023-07-10,SKU0020,3,Garden,100,405,12.714285714285714,13.1,6.002011157190102,7.633587786259542,19,0.86,89.83,7,0,0
2023-07-17,SKU0020,3,Garden,21,405,11.285714285714286,12.8,5.221969505583249,1.640625,19,0.86,89.83,7,0,1
2023-07-24,SKU0020,3,Garden,362,0,9.142857142857142,11.9,4.1385488044599095,30.42016806722689,19,0.86,89.83,7,0,0
2023-07-31,SKU0020,3,Garden,271,0,13.0,11.666666666666666,4.163331998932265,23.22857142857143,19,0.86,89.83,7,0,0
2023-08-07,SKU0020,3,Garden,207,0,9.142857142857142,10.733333333333333,3.703989771838612,19.28571428571429,19,0.86,89.83,8,0,0
2023-08-14,SKU0020,3,Garden,151,405,8.0,10.033333333333333,3.800937573386546,15.049833887043189,19,0.86,89.83,8,0,0
2023-08-21,SKU0020,3,Garden,88,405,9.0,9.866666666666667,3.0708117912811352,8.91891891891892,19,0.86,89.83,8,0,0
2023-08-28,SKU0020,3,Garden,31,405,8.142857142857142,9.066666666666666,3.268800616627505,3.419117647058824,19,0.86,89.83,8,0,1
2023-09-04,SKU0020,3,Garden,0,405,4.428571428571429,7.466666666666667,3.7941273435205844,0.0,19,0.86,89.83,9,0,1
2023-09-11,SKU0020,3,Garden,0,405,0.0,5.4,4.694824736914556,0.0,19,0.86,89.83,9,0,1
2023-09-18,SKU0020,3,Garden,0,405,0.0,3.5,4.659066060030072,0.0,19,0.86,89.83,9,0,1
2023-09-25,SKU0020,3,Garden,0,405,0.0,1.4,3.201292842285592,0.0,19,0.86,89.83,9,0,1
2023-10-02,SKU0020,3,Garden,0,405,0.0,0.0,0.0,0.0,19,0.86,89.83,10,0,1
2023-10-09,SKU0020,3,Garden,0,405,0.0,0.0,0.0,0.0,19,0.86,89.83,10,0,0
2023-10-16,SKU0020,3,Garden,361,0,6.285714285714286,1.4666666666666666,3.0141429082351703,246.13636363636365,19,0.86,89.83,10,0,0
2023-10-23,SKU0020,3,Garden,292,0,9.857142857142858,3.7666666666666666,5.0287678159889655,77.52212389380531,19,0.86,89.83,10,0,0
2023-10-30,SKU0020,3,Garden,230,0,8.857142857142858,5.833333333333333,4.927637283262871,39.42857142857143,19,0.86,89.83,10,0,0
2023-11-06,SKU0020,3,Garden,174,405,8.0,7.7,3.8965059502956803,22.597402597402596,19,0.86,89.83,11,0,0
2023-11-13,SKU0020,3,Garden,103,405,10.142857142857142,9.066666666666666,3.3211270763810363,11.36029411764706,19,0.86,89.83,11,0,0
2023-11-20,SKU0020,3,Garden,444,0,9.142857142857142,9.0,2.5461261988930635,49.333333333333336,19,0.86,89.83,11,0,0
2023-11-27,SKU0020,3,Garden,393,0,7.285714285714286,8.633333333333333,3.7644739828847373,45.521235521235525,19,0.86,89.83,11,0,0
2023-12-04,SKU0020,3,Garden,357,0,5.142857142857143,8.1,4.4516560266164245,44.074074074074076,19,0.86,89.83,12,0,0
2023-12-11,SKU0020,3,Garden,340,0,2.4285714285714284,6.266666666666667,4.58583526279251,54.255319148936174,19,0.86,89.83,12,0,0
2023-12-18,SKU0020,3,Garden,324,0,2.2857142857142856,4.566666666666666,4.272472701902931,70.94890510948906,19,0.86,89.83,12,0,0
2023-01-30,SKU0020,4,Garden,854,1230,11.142857142857142,11.7,3.7338156502892357,72.991452991453,19,0.86,89.83,1,0,0
2023-02-06,SKU0020,4,Garden,664,1230,27.142857142857142,15.566666666666666,7.695423330128437,42.65524625267666,19,0.86,89.83,2,0,0
2023-02-13,SKU0020,4,Garden,1689,0,29.285714285714285,19.566666666666666,9.394361233660634,86.32027257240205,19,0.86,89.83,2,0,0
2023-02-20,SKU0020,4,Garden,1462,0,32.42857142857143,23.966666666666665,10.114800808829544,61.00139082058415,19,0.86,89.83,2,0,0
2023-02-27,SKU0020,4,Garden,1257,0,29.285714285714285,28.533333333333335,6.786057376167958,44.05373831775701,19,0.86,89.83,2,0,0
2023-03-06,SKU0020,4,Garden,1024,0,33.285714285714285,30.866666666666667,6.301249648001306,33.17494600431965,19,0.86,89.83,3,0,0
2023-03-13,SKU0020,4,Garden,785,1230,34.142857142857146,32.2,6.0765235069926495,24.37888198757764,19,0.86,89.83,3,0,0
2023-03-20,SKU0020,4,Garden,566,1230,31.285714285714285,32.03333333333333,6.599285924449967,17.669094693028097,19,0.86,89.83,3,0,0
2023-03-27,SKU0020,4,Garden,337,1230,32.714285714285715,32.36666666666667,6.403034481768189,10.411946446961895,19,0.86,89.83,3,0,0
2023-04-03,SKU0020,4,Garden,1268,0,42.714285714285715,34.9,9.484470064995344,36.3323782234957,19,0.86,89.83,4,0,0
2023-04-10,SKU0020,4,Garden,857,1230,58.714285714285715,41.1,14.042668967263221,20.851581508515814,19,0.86,89.83,4,0,0
2023-04-17,SKU0020,4,Garden,451,1230,58.0,46.7,14.596055206329082,9.657387580299785,19,0.86,89.83,4,0,0
2023-04-24,SKU0020,4,Garden,25,1230,60.857142857142854,53.46666666666667,13.192822848528017,0.4675810473815461,19,0.86,89.83,4,0,1
2023-05-01,SKU0020,4,Garden,1005,0,35.714285714285715,53.733333333333334,17.565509569516646,18.703473945409428,19,0.86,89.83,5,0,0
2023-05-08,SKU0020,4,Garden,593,1230,58.857142857142854,53.4,17.26187747011033,11.104868913857679,19,0.86,89.83,5,0,0
2023-05-15,SKU0020,4,Garden,166,1230,61.0,54.1,17.53489132538616,3.0683918669131236,19,0.86,89.83,5,0,1
2023-05-22,SKU0020,4,Garden,1110,0,40.857142857142854,49.6,21.800980680251275,22.379032258064516,19,0.86,89.83,5,0,0
2023-05-29,SKU0020,4,Garden,664,1230,63.714285714285715,56.46666666666667,17.05312861038402,11.759149940968122,19,0.86,89.83,5,0,0
2023-06-05,SKU0020,4,Garden,307,1230,51.0,53.9,18.134269330136533,5.695732838589982,19,0.86,89.83,6,0,1
2023-06-12,SKU0020,4,Garden,0,1230,43.857142857142854,50.63333333333333,20.162244219184107,0.0,19,0.86,89.83,6,0,0
2023-06-19,SKU0020,4,Garden,869,1230,51.57142857142857,53.03333333333333,14.51867604235965,16.385920804525455,19,0.86,89.83,6,0,0
2023-06-26,SKU0020,4,Garden,501,1230,52.57142857142857,50.43333333333333,13.066628547915307,9.933906146728354,19,0.86,89.83,6,0,0
2023-07-03,SKU0020,4,Garden,177,1230,46.285714285714285,47.8,12.807325490003631,3.702928870292887,19,0.86,89.83,7,0,0
2023-07-10,SKU0020,4,Garden,1137,0,38.57142857142857,45.6,12.488891615876241,24.934210526315788,19,0.86,89.83,7,0,0
2023-07-17,SKU0020,4,Garden,824,1230,44.714285714285715,45.8,9.618229817777623,17.99126637554585,19,0.86,89.83,7,0,0
2023-07-24,SKU0020,4,Garden,502,1230,46.0,44.9,9.271201238986972,11.180400890868597,19,0.86,89.83,7,0,0
2023-07-31,SKU0020,4,Garden,209,1230,41.857142857142854,42.4,6.278589782361406,4.929245283018868,19,0.86,89.83,7,0,1
2023-08-07,SKU0020,4,Garden,0,1230,29.857142857142858,40.03333333333333,8.248232133817172,0.0,19,0.86,89.83,8,0,1
2023-08-14,SKU0020,4,Garden,0,1230,0.0,30.4,18.51485889765304,0.0,19,0.86,89.83,8,0,1
2023-08-21,SKU0020,4,Garden,0,1230,0.0,20.1,20.084905981255304,0.0,19,0.86,89.83,8,0,1
2023-08-28,SKU0020,4,Garden,0,1230,0.0,9.8,15.636826558723177,0.0,19,0.86,89.83,8,0,1
2023-09-04,SKU0020,4,Garden,0,1230,0.0,1.9666666666666666,7.540617981321897,0.0,19,0.86,89.83,9,0,1
2023-09-11,SKU0020,4,Garden,1170,0,8.571428571428571,2.0,7.77263102838759,585.0,19,0.86,89.83,9,0,0
2023-09-18,SKU0020,4,Garden,962,0,29.714285714285715,8.933333333333334,14.260950622019648,107.6865671641791,19,0.86,89.83,9,0,0
2023-09-25,SKU0020,4,Garden,741,1230,31.571428571428573,16.3,16.06270042139832,45.4601226993865,19,0.86,89.83,9,0,0
2023-10-02,SKU0020,4,Garden,537,1230,29.142857142857142,23.1,14.13811185754853,23.246753246753244,19,0.86,89.83,10,0,0
2023-10-09,SKU0020,4,Garden,1563,0,29.142857142857142,29.9,6.885016214640589,52.274247491638796,19,0.86,89.83,10,0,0
2023-10-16,SKU0020,4,Garden,1369,0,27.714285714285715,29.466666666666665,6.876914571447744,46.45927601809955,19,0.86,89.83,10,0,0
2023-10-23,SKU0020,4,Garden,1159,0,30.0,28.933333333333334,6.5228158364914375,40.05760368663594,19,0.86,89.83,10,0,0
2023-10-30,SKU0020,4,Garden,932,0,32.42857142857143,29.5,6.168607957872899,31.593220338983052,19,0.86,89.83,10,0,0
2023-11-06,SKU0020,4,Garden,723,1230,29.857142857142858,29.533333333333335,5.418571725116473,24.48081264108352,19,0.86,89.83,11,0,0
2023-11-13,SKU0020,4,Garden,492,1230,33.0,31.1,6.0077536108164,15.819935691318328,19,0.86,89.83,11,0,0
2023-11-20,SKU0020,4,Garden,1522,0,28.571428571428573,30.8,6.17782463666467,49.41558441558441,19,0.86,89.83,11,0,0
2023-11-27,SKU0020,4,Garden,1317,0,29.285714285714285,30.233333333333334,6.52677949487451,43.561190738699004,19,0.86,89.83,11,0,0
2023-12-04,SKU0020,4,Garden,1154,0,23.285714285714285,28.833333333333332,8.238192525788401,40.02312138728324,19,0.86,89.83,12,0,0
2023-12-11,SKU0020,4,Garden,1077,0,11.0,23.8,10.206150951332322,45.252100840336134,19,0.86,89.83,12,0,0
2023-12-18,SKU0020,4,Garden,994,0,11.857142857142858,19.433333333333334,9.974738207033477,51.14922813036021,19,0.86,89.83,12,0,0
2023-01-30,SKU0021,1,Apparel,252,575,11.0,12.0,3.0057416320470214,21.0,21,0.81,17.74,1,0,0
2023-02-06,SKU0021,1,Apparel,171,575,11.571428571428571,11.833333333333334,3.5143384459445106,14.450704225352112,21,0.81,17.74,2,0,0
2023-02-13,SKU0021,1,Apparel,667,0,11.285714285714286,11.733333333333333,3.95608072625467,56.846590909090914,21,0.81,17.74,2,0,0
2023-02-20,SKU0021,1,Apparel,581,0,12.285714285714286,11.5,3.702282613702544,50.52173913043478,21,0.81,17.74,2,0,0
2023-02-27,SKU0021,1,Apparel,496,0,12.142857142857142,11.833333333333334,4.077552793233853,41.91549295774648,21,0.81,17.74,2,0,0
2023-03-06,SKU0021,1,Apparel,405,0,13.0,11.866666666666667,3.7850279763311123,34.12921348314607,21,0.81,17.74,3,0,0
2023-03-13,SKU0021,1,Apparel,295,575,15.714285714285714,13.133333333333333,3.626847527606549,22.461928934010153,21,0.81,17.74,3,0,0
2023-03-20,SKU0021,1,Apparel,169,575,18.0,14.466666666666667,4.739659040067327,11.682027649769585,21,0.81,17.74,3,0,0
2023-03-27,SKU0021,1,Apparel,68,575,14.428571428571429,15.033333333333333,4.73055608988417,4.523281596452328,21,0.81,17.74,3,0,0
2023-04-03,SKU0021,1,Apparel,522,0,17.285714285714285,15.9,4.744143394936973,32.83018867924528,21,0.81,17.74,4,0,0
2023-04-10,SKU0021,1,Apparel,430,0,13.142857142857142,15.666666666666666,4.936376818270055,27.4468085106383,21,0.81,17.74,4,0,0
2023-04-17,SKU0021,1,Apparel,317,575,16.142857142857142,15.3,4.0865633483405075,20.71895424836601,21,0.81,17.74,4,0,0
2023-04-24,SKU0021,1,Apparel,198,575,17.0,16.133333333333333,4.462358533125828,12.272727272727273,21,0.81,17.74,4,0,0
2023-05-01,SKU0021,1,Apparel,101,575,13.857142857142858,15.1,4.428356899300935,6.688741721854305,21,0.81,17.74,5,0,0
2023-05-08,SKU0021,1,Apparel,598,0,11.142857142857142,14.166666666666666,4.742204734838684,42.21176470588235,21,0.81,17.74,5,0,0
2023-05-15,SKU0021,1,Apparel,510,0,12.571428571428571,13.666666666666666,5.087735986788659,37.31707317073171,21,0.81,17.74,5,0,0
2023-05-22,SKU0021,1,Apparel,452,0,8.285714285714286,11.833333333333334,5.072463411151557,38.197183098591545,21,0.81,17.74,5,0,0
2023-05-29,SKU0021,1,Apparel,370,575,11.714285714285714,10.833333333333334,4.06060411110545,34.15384615384615,21,0.81,17.74,5,0,0
2023-06-05,SKU0021,1,Apparel,299,575,10.142857142857142,10.633333333333333,4.046994059736223,28.11912225705329,21,0.81,17.74,6,0,0
2023-06-12,SKU0021,1,Apparel,228,575,10.142857142857142,10.333333333333334,3.283536081026421,22.064516129032256,21,0.81,17.74,6,0,0
2023-06-19,SKU0021,1,Apparel,714,0,12.714285714285714,10.833333333333334,3.1413080224572165,65.9076923076923,21,0.81,17.74,6,0,0
2023-06-26,SKU0021,1,Apparel,642,0,10.285714285714286,10.833333333333334,2.614064523559695,59.26153846153846,21,0.81,17.74,6,0,0
2023-07-03,SKU0021,1,Apparel,562,0,11.428571428571429,11.233333333333333,2.9905982948098497,50.02967359050445,21,0.81,17.74,7,0,0
2023-07-10,SKU0021,1,Apparel,475,0,12.428571428571429,11.533333333333333,3.1264536848765574,41.1849710982659,21,0.81,17.74,7,0,0
2023-07-17,SKU0021,1,Apparel,382,575,13.285714285714286,11.833333333333334,2.91350403245413,32.28169014084507,21,0.81,17.74,7,0,0
2023-07-24,SKU0021,1,Apparel,267,575,16.428571428571427,13.133333333333333,4.091482602316367,20.32994923857868,21,0.81,17.74,7,0,0
2023-07-31,SKU0021,1,Apparel,194,575,10.428571428571429,12.966666666666667,4.1893406059478755,14.961439588688945,21,0.81,17.74,7,0,0
2023-08-07,SKU0021,1,Apparel,691,0,11.142857142857142,12.7,4.4345819691803365,54.409448818897644,21,0.81,17.74,8,0,0
2023-08-14,SKU0021,1,Apparel,608,0,11.857142857142858,12.5,4.516254169567738,48.64,21,0.81,17.74,8,0,0
2023-08-21,SKU0021,1,Apparel,529,0,11.285714285714286,11.8,4.42874622251584,44.83050847457627,21,0.81,17.74,8,0,0
2023-08-28,SKU0021,1,Apparel,460,0,9.857142857142858,10.9,3.088912318332278,42.20183486238532,21,0.81,17.74,8,0,0
2023-09-04,SKU0021,1,Apparel,378,575,11.714285714285714,10.866666666666667,2.991174758649463,34.78527607361963,21,0.81,17.74,9,0,0
2023-09-11,SKU0021,1,Apparel,294,575,12.0,11.1,2.808239109575925,26.486486486486488,21,0.81,17.74,9,0,0
2023-09-18,SKU0021,1,Apparel,221,575,10.428571428571429,11.033333333333333,3.0792221737644003,20.03021148036254,21,0.81,17.74,9,0,0
2023-09-25,SKU0021,1,Apparel,731,0,9.285714285714286,10.733333333333333,3.4634379305612852,68.1055900621118,21,0.81,17.74,9,0,0
2023-10-02,SKU0021,1,Apparel,654,0,11.0,10.8,3.438122984300079,60.55555555555555,21,0.81,17.74,10,0,0
2023-10-09,SKU0021,1,Apparel,577,0,11.0,10.666666666666666,3.6230424758218422,54.09375,21,0.81,17.74,10,0,0
2023-10-16,SKU0021,1,Apparel,499,0,11.142857142857142,10.566666666666666,3.0021065401082945,47.22397476340694,21,0.81,17.74,10,0,0
2023-10-23,SKU0021,1,Apparel,422,0,11.0,10.9,3.100055616853716,38.715596330275226,21,0.81,17.74,10,0,0
2023-10-30,SKU0021,1,Apparel,349,575,10.428571428571429,10.833333333333334,2.7926422210359694,32.215384615384615,21,0.81,17.74,10,0,0
2023-11-06,SKU0021,1,Apparel,235,575,16.285714285714285,12.166666666666666,3.611125847302683,19.315068493150687,21,0.81,17.74,11,0,0
2023-11-13,SKU0021,1,Apparel,126,575,15.571428571428571,13.333333333333334,3.950847428375195,9.45,21,0.81,17.74,11,0,0
2023-11-20,SKU0021,1,Apparel,599,0,14.571428571428571,13.966666666666667,3.800937573386551,42.88782816229117,21,0.81,17.74,11,0,0
2023-11-27,SKU0021,1,Apparel,484,0,16.428571428571427,15.333333333333334,4.079666427653068,31.565217391304348,21,0.81,17.74,11,0,0
2023-12-04,SKU0021,1,Apparel,363,575,17.285714285714285,15.9,4.365618019210472,22.830188679245282,21,0.81,17.74,12,0,0
2023-12-11,SKU0021,1,Apparel,228,575,19.285714285714285,16.833333333333332,4.646714325519537,13.544554455445546,21,0.81,17.74,12,0,0
2023-12-18,SKU0021,1,Apparel,118,575,15.714285714285714,17.033333333333335,4.708637209195041,6.927592954990215,21,0.81,17.74,12,0,0
2023-01-30,SKU0021,2,Apparel,866,0,24.142857142857142,22.8,4.611828869032478,37.98245614035088,21,0.81,17.74,1,0,0
2023-02-06,SKU0021,2,Apparel,682,859,26.285714285714285,23.066666666666666,5.613612355530164,29.566473988439306,21,0.81,17.74,2,0,0
2023-02-13,SKU0021,2,Apparel,509,859,24.714285714285715,24.366666666666667,5.549049830645651,20.889192886456907,21,0.81,17.74,2,0,0
2023-02-20,SKU0021,2,Apparel,332,859,25.285714285714285,24.933333333333334,5.464199050580776,13.315508021390373,21,0.81,17.74,2,0,0
2023-02-27,SKU0021,2,Apparel,1018,0,24.714285714285715,25.233333333333334,5.612076469440755,40.34346103038309,21,0.81,17.74,2,0,0
2023-03-06,SKU0021,2,Apparel,781,0,33.857142857142854,26.533333333333335,7.161840128276291,29.43467336683417,21,0.81,17.74,3,0,0
2023-03-13,SKU0021,2,Apparel,553,859,32.57142857142857,28.433333333333334,7.209588124126116,19.44900351699883,21,0.81,17.74,3,0,0
2023-03-20,SKU0021,2,Apparel,325,859,32.57142857142857,30.4,7.190031413292857,10.69078947368421,21,0.81,17.74,3,0,0
2023-03-27,SKU0021,2,Apparel,112,859,30.428571428571427,31.733333333333334,6.25841961616143,3.5294117647058822,21,0.81,17.74,3,0,0
2023-04-03,SKU0021,2,Apparel,760,0,30.142857142857142,31.933333333333334,5.514453318534758,23.79958246346555,21,0.81,17.74,4,0,0
2023-04-10,SKU0021,2,Apparel,524,859,33.714285714285715,31.8,5.713866979731776,16.47798742138365,21,0.81,17.74,4,0,0
2023-04-17,SKU0021,2,Apparel,299,859,32.142857142857146,31.466666666666665,5.864759355578942,9.502118644067798,21,0.81,17.74,4,0,0
2023-04-24,SKU0021,2,Apparel,57,859,34.57142857142857,32.46666666666667,5.882371872856638,1.7556468172484598,21,0.81,17.74,4,0,0
2023-05-01,SKU0021,2,Apparel,718,0,28.285714285714285,31.8,6.299425261140086,22.57861635220126,21,0.81,17.74,5,0,0
2023-05-08,SKU0021,2,Apparel,533,859,26.428571428571427,30.5,6.399083986170921,17.475409836065573,21,0.81,17.74,5,0,0
2023-05-15,SKU0021,2,Apparel,394,859,19.857142857142858,27.566666666666666,7.523220758073816,14.292623941958889,21,0.81,17.74,5,0,0
2023-05-22,SKU0021,2,Apparel,1083,0,24.285714285714285,25.1,6.036383936967801,43.147410358565736,21,0.81,17.74,5,0,0
2023-05-29,SKU0021,2,Apparel,923,0,22.857142857142858,23.433333333333334,5.525385512113287,39.388335704125176,21,0.81,17.74,5,0,0
2023-06-05,SKU0021,2,Apparel,736,0,26.714285714285715,24.1,5.973216080540509,30.539419087136928,21,0.81,17.74,6,0,0
2023-06-12,SKU0021,2,Apparel,550,859,26.571428571428573,24.5,6.032955471751642,22.448979591836736,21,0.81,17.74,6,0,0
2023-06-19,SKU0021,2,Apparel,351,859,28.428571428571427,26.0,5.558466670237221,13.5,21,0.81,17.74,6,0,0
2023-06-26,SKU0021,2,Apparel,186,859,23.571428571428573,25.966666666666665,5.467668817590429,7.163029525032093,21,0.81,17.74,6,0,0
2023-07-03,SKU0021,2,Apparel,870,0,25.0,26.0,5.527361408297017,33.46153846153846,21,0.81,17.74,7,0,0
2023-07-10,SKU0021,2,Apparel,691,859,25.571428571428573,25.6,4.383354092866376,26.9921875,21,0.81,17.74,7,0,0
2023-07-17,SKU0021,2,Apparel,530,859,23.0,24.6,4.657955745188877,21.54471544715447,21,0.81,17.74,7,0,0
2023-07-24,SKU0021,2,Apparel,348,859,26.0,24.766666666666666,4.26439415055228,14.05114401076716,21,0.81,17.74,7,0,0
2023-07-31,SKU0021,2,Apparel,1062,0,20.714285714285715,23.7,4.120177431733452,44.810126582278485,21,0.81,17.74,7,0,0
2023-08-07,SKU0021,2,Apparel,880,0,26.0,23.933333333333334,3.8945880516370615,36.768802228412255,21,0.81,17.74,8,0,0
2023-08-14,SKU0021,2,Apparel,714,0,23.714285714285715,24.133333333333333,4.166643678097519,29.585635359116022,21,0.81,17.74,8,0,0
2023-08-21,SKU0021,2,Apparel,557,859,22.428571428571427,23.566666666666666,4.4542372955487695,23.635077793493636,21,0.81,17.74,8,0,0
2023-08-28,SKU0021,2,Apparel,403,859,22.0,23.366666666666667,4.574919131249361,17.24679029957204,21,0.81,17.74,8,0,0
2023-09-04,SKU0021,2,Apparel,1081,0,25.857142857142858,23.766666666666666,5.50036571406901,45.483870967741936,21,0.81,17.74,9,0,0
2023-09-11,SKU0021,2,Apparel,912,0,24.142857142857142,23.866666666666667,6.162922131213605,38.212290502793294,21,0.81,17.74,9,0,0
2023-09-18,SKU0021,2,Apparel,735,0,25.285714285714285,24.3,6.063741874225974,30.24691358024691,21,0.81,17.74,9,0,0
2023-09-25,SKU0021,2,Apparel,583,859,21.714285714285715,23.766666666666666,6.229425906649579,24.53015427769986,21,0.81,17.74,9,0,0
2023-10-02,SKU0021,2,Apparel,416,859,23.857142857142858,23.733333333333334,5.588987529883705,17.528089887640448,21,0.81,17.74,10,0,0
2023-10-09,SKU0021,2,Apparel,1083,0,27.428571428571427,24.133333333333333,5.367419808650987,44.87569060773481,21,0.81,17.74,10,0,0
2023-10-16,SKU0021,2,Apparel,922,0,23.0,24.266666666666666,5.375123628623686,37.994505494505496,21,0.81,17.74,10,0,0
2023-10-23,SKU0021,2,Apparel,755,0,23.857142857142858,24.266666666666666,5.413478283547181,31.112637362637365,21,0.81,17.74,10,0,0
2023-10-30,SKU0021,2,Apparel,559,859,28.0,25.733333333333334,5.29758131755352,21.72279792746114,21,0.81,17.74,10,0,0
2023-11-06,SKU0021,2,Apparel,319,859,34.285714285714285,27.166666666666668,6.828355349687749,11.742331288343557,21,0.81,17.74,11,0,0
2023-11-13,SKU0021,2,Apparel,66,859,36.142857142857146,30.5,6.816561981041418,2.1639344262295084,21,0.81,17.74,11,0,0
2023-11-20,SKU0021,2,Apparel,665,859,37.142857142857146,33.3,7.057155820574031,19.96996996996997,21,0.81,17.74,11,0,0
2023-11-27,SKU0021,2,Apparel,417,859,35.42857142857143,35.266666666666666,6.643292356454973,11.824196597353497,21,0.81,17.74,11,0,0
2023-12-04,SKU0021,2,Apparel,200,859,31.0,34.56666666666667,6.234958912749782,5.785920925747347,21,0.81,17.74,12,0,0
2023-12-11,SKU0021,2,Apparel,784,0,39.285714285714285,35.96666666666667,6.970298234025862,21.79796107506951,21,0.81,17.74,12,0,0
2023-12-18,SKU0021,2,Apparel,537,859,35.285714285714285,35.06666666666667,7.201213180039011,15.313688212927755,21,0.81,17.74,12,0,0
2023-01-30,SKU0021,3,Apparel,45,146,2.5714285714285716,2.966666666666667,1.6914252984479938,15.168539325842696,21,0.81,17.74,1,0,0
2023-02-06,SKU0021,3,Apparel,24,146,3.0,2.8666666666666667,1.8143742786394723,8.372093023255815,21,0.81,17.74,2,0,0
2023-02-13,SKU0021,3,Apparel,146,0,3.4285714285714284,2.933333333333333,2.066703744569137,49.77272727272727,21,0.81,17.74,2,0,0
2023-02-20,SKU0021,3,Apparel,123,0,3.2857142857142856,3.1,1.9713464679126607,39.67741935483871,21,0.81,17.74,2,0,0
2023-02-27,SKU0021,3,Apparel,102,0,3.0,3.2666666666666666,1.892513988165556,31.22448979591837,21,0.81,17.74,2,0,0
2023-03-06,SKU0021,3,Apparel,77,146,3.5714285714285716,3.4,1.5887535778195694,22.647058823529413,21,0.81,17.74,3,0,0
2023-03-13,SKU0021,3,Apparel,41,146,5.142857142857143,3.8333333333333335,1.8769625744130136,10.695652173913043,21,0.81,17.74,3,0,0
2023-03-20,SKU0021,3,Apparel,9,146,4.571428571428571,4.1,1.7090025322311304,2.1951219512195124,21,0.81,17.74,3,0,1
2023-03-27,SKU0021,3,Apparel,131,0,3.4285714285714284,4.066666666666666,1.740656501861084,32.21311475409836,21,0.81,17.74,3,0,0
2023-04-03,SKU0021,3,Apparel,103,0,4.0,4.166666666666667,1.8019784784457367,24.72,21,0.81,17.74,4,0,0
2023-04-10,SKU0021,3,Apparel,69,146,4.857142857142857,4.433333333333334,2.079179767539866,15.56390977443609,21,0.81,17.74,4,0,0
2023-04-17,SKU0021,3,Apparel,39,146,4.285714285714286,4.133333333333334,2.0296650536197003,9.43548387096774,21,0.81,17.74,4,0,0
2023-04-24,SKU0021,3,Apparel,14,146,3.5714285714285716,4.133333333333334,1.9780403631273358,3.387096774193548,21,0.81,17.74,4,0,0
2023-05-01,SKU0021,3,Apparel,124,0,5.142857142857143,4.466666666666667,2.06336406491143,27.761194029850746,21,0.81,17.74,5,0,0
2023-05-08,SKU0021,3,Apparel,104,0,2.857142857142857,3.9,1.9181528470973281,26.666666666666668,21,0.81,17.74,5,0,0
2023-05-15,SKU0021,3,Apparel,77,146,3.857142857142857,3.9,1.6473594335931292,19.743589743589745,21,0.81,17.74,5,0,0
2023-05-22,SKU0021,3,Apparel,56,146,3.0,3.7,1.7250687142735839,15.135135135135135,21,0.81,17.74,5,0,0
2023-05-29,SKU0021,3,Apparel,31,146,3.5714285714285716,3.4,1.7140393911700962,9.117647058823529,21,0.81,17.74,5,0,0
2023-06-05,SKU0021,3,Apparel,150,0,3.857142857142857,3.6,1.8307714597761875,41.666666666666664,21,0.81,17.74,6,0,0
2023-06-12,SKU0021,3,Apparel,130,0,2.857142857142857,3.433333333333333,1.8879533405494824,37.86407766990291,21,0.81,17.74,6,0,0
2023-06-19,SKU0021,3,Apparel,106,0,3.4285714285714284,3.4,1.9046223265772528,31.176470588235293,21,0.81,17.74,6,0,0
2023-06-26,SKU0021,3,Apparel,91,0,2.142857142857143,3.033333333333333,1.751518224842098,30.0,21,0.81,17.74,6,0,0
2023-07-03,SKU0021,3,Apparel,62,146,4.142857142857143,3.2666666666666666,1.9988502442280582,18.979591836734695,21,0.81,17.74,7,0,0
2023-07-10,SKU0021,3,Apparel,31,146,4.428571428571429,3.4,1.9046223265772526,9.117647058823529,21,0.81,17.74,7,0,0
2023-07-17,SKU0021,3,Apparel,9,146,3.142857142857143,3.433333333333333,1.7943077299853143,2.621359223300971,21,0.81,17.74,7,0,0
2023-07-24,SKU0021,3,Apparel,135,0,2.857142857142857,3.5,1.7762804997502781,38.57142857142857,21,0.81,17.74,7,0,0
2023-07-31,SKU0021,3,Apparel,119,0,2.2857142857142856,3.1,1.6262925893598872,38.387096774193544,21,0.81,17.74,7,0,0
2023-08-07,SKU0021,3,Apparel,98,0,3.0,2.933333333333333,1.5070714541175807,33.409090909090914,21,0.81,17.74,8,0,0
2023-08-14,SKU0021,3,Apparel,82,146,2.2857142857142856,2.6333333333333333,1.3767361035618115,31.139240506329113,21,0.81,17.74,8,0,0
2023-08-21,SKU0021,3,Apparel,51,146,4.428571428571429,3.033333333333333,1.5196036990935629,16.813186813186814,21,0.81,17.74,8,0,0
2023-08-28,SKU0021,3,Apparel,25,146,3.7142857142857144,3.2333333333333334,1.735696885450023,7.731958762886598,21,0.81,17.74,8,0,1
2023-09-04,SKU0021,3,Apparel,138,0,4.714285714285714,3.7333333333333334,1.8370390969378299,36.964285714285715,21,0.81,17.74,9,0,0
2023-09-11,SKU0021,3,Apparel,106,0,4.571428571428571,4.133333333333334,1.8705214713316298,25.645161290322577,21,0.81,17.74,9,0,0
2023-09-18,SKU0021,3,Apparel,84,0,3.142857142857143,4.1,1.8634413844023776,20.48780487804878,21,0.81,17.74,9,0,0
2023-09-25,SKU0021,3,Apparel,60,146,3.4285714285714284,3.966666666666667,1.7904600320690718,15.126050420168067,21,0.81,17.74,9,0,0
2023-10-02,SKU0021,3,Apparel,43,146,2.4285714285714284,3.3333333333333335,1.7485626280942324,12.899999999999999,21,0.81,17.74,10,0,0
2023-10-09,SKU0021,3,Apparel,169,0,2.857142857142857,3.066666666666667,1.837039096937828,55.10869565217391,21,0.81,17.74,10,0,0
2023-10-16,SKU0021,3,Apparel,148,0,3.0,2.933333333333333,1.8557149999176945,50.45454545454546,21,0.81,17.74,10,0,0
2023-10-23,SKU0021,3,Apparel,120,0,4.0,3.066666666666667,1.9640446187314093,39.130434782608695,21,0.81,17.74,10,0,0
2023-10-30,SKU0021,3,Apparel,99,0,3.0,3.1333333333333333,2.129162589689506,31.595744680851062,21,0.81,17.74,10,0,0
2023-11-06,SKU0021,3,Apparel,63,146,5.142857142857143,3.7,2.351081922625528,17.027027027027025,21,0.81,17.74,11,0,0
2023-11-13,SKU0021,3,Apparel,37,146,3.7142857142857144,3.8,2.4410286130349172,9.736842105263158,21,0.81,17.74,11,0,1
2023-11-20,SKU0021,3,Apparel,0,146,5.285714285714286,4.266666666666667,2.3479019737120472,0.0,21,0.81,17.74,11,0,1
2023-11-27,SKU0021,3,Apparel,0,146,0.0,3.3,2.9495762407505235,0.0,21,0.81,17.74,11,0,1
2023-12-04,SKU0021,3,Apparel,119,0,3.857142857142857,3.433333333333333,3.1914036835324295,34.66019417475729,21,0.81,17.74,12,0,0
2023-12-11,SKU0021,3,Apparel,84,0,5.0,3.4,3.201292842285591,24.705882352941178,21,0.81,17.74,12,0,0
2023-12-18,SKU0021,3,Apparel,57,146,3.857142857142857,3.2,2.940795107121364,17.8125,21,0.81,17.74,12,0,0
2023-01-30,SKU0021,4,Apparel,468,0,11.428571428571429,11.666666666666666,3.477348705981111,40.114285714285714,21,0.81,17.74,1,0,0
2023-02-06,SKU0021,4,Apparel,379,0,12.714285714285714,11.7,4.324349662087931,32.39316239316239,21,0.81,17.74,2,0,0
2023-02-13,SKU0021,4,Apparel,290,423,12.714285714285714,12.2,4.245890508114471,23.77049180327869,21,0.81,17.74,2,0,0
2023-02-20,SKU0021,4,Apparel,187,423,14.714285714285714,12.633333333333333,4.063999502217365,14.802110817941953,21,0.81,17.74,2,0,0
2023-02-27,SKU0021,4,Apparel,97,423,12.857142857142858,13.0,3.8506604896947954,7.461538461538462,21,0.81,17.74,2,0,0
2023-03-06,SKU0021,4,Apparel,442,0,11.142857142857142,13.1,3.1332477366640448,33.74045801526718,21,0.81,17.74,3,0,0
2023-03-13,SKU0021,4,Apparel,343,0,14.142857142857142,13.133333333333333,2.8735816091365542,26.116751269035532,21,0.81,17.74,3,0,0
2023-03-20,SKU0021,4,Apparel,251,423,13.142857142857142,12.833333333333334,3.1413080224572116,19.558441558441558,21,0.81,17.74,3,0,0
2023-03-27,SKU0021,4,Apparel,135,423,16.571428571428573,13.6,4.628249091737872,9.926470588235293,21,0.81,17.74,3,0,0
2023-04-03,SKU0021,4,Apparel,30,423,15.0,14.366666666666667,4.979151938130482,2.088167053364269,21,0.81,17.74,4,0,1
2023-04-10,SKU0021,4,Apparel,0,423,4.285714285714286,12.5,7.659792020225056,0.0,21,0.81,17.74,4,0,1
2023-04-17,SKU0021,4,Apparel,335,0,12.571428571428571,11.9,8.04877373397275,28.15126050420168,21,0.81,17.74,4,0,0
2023-04-24,SKU0021,4,Apparel,228,423,15.285714285714286,11.833333333333334,7.339469741878769,19.267605633802816,21,0.81,17.74,4,0,0
2023-05-01,SKU0021,4,Apparel,113,423,16.428571428571427,12.066666666666666,7.305799931812953,9.3646408839779,21,0.81,17.74,5,0,0
2023-05-08,SKU0021,4,Apparel,23,423,12.857142857142858,13.333333333333334,5.504439169862144,1.7249999999999999,21,0.81,17.74,5,0,0
2023-05-15,SKU0021,4,Apparel,356,0,12.857142857142858,14.333333333333334,3.575137647056727,24.83720930232558,21,0.81,17.74,5,0,0
2023-05-22,SKU0021,4,Apparel,282,423,10.571428571428571,13.3,3.8430411807891653,21.20300751879699,21,0.81,17.74,5,0,0
2023-05-29,SKU0021,4,Apparel,209,423,10.428571428571429,11.733333333333333,3.194103763276124,17.8125,21,0.81,17.74,5,0,0
2023-06-05,SKU0021,4,Apparel,116,423,13.285714285714286,11.933333333333334,3.7502490338765435,9.720670391061452,21,0.81,17.74,6,0,0
2023-06-12,SKU0021,4,Apparel,463,0,10.857142857142858,11.3,3.505168597450301,40.97345132743362,21,0.81,17.74,6,0,0
2023-06-19,SKU0021,4,Apparel,378,0,12.142857142857142,11.466666666666667,3.683451654624234,32.96511627906977,21,0.81,17.74,6,0,0
2023-06-26,SKU0021,4,Apparel,285,423,13.285714285714286,12.266666666666667,3.7410429426632588,23.23369565217391,21,0.81,17.74,6,0,0
2023-07-03,SKU0021,4,Apparel,201,423,12.0,12.133333333333333,3.4912040540659364,16.565934065934066,21,0.81,17.74,7,0,0
2023-07-10,SKU0021,4,Apparel,122,423,11.285714285714286,11.766666666666667,3.3185303491396465,10.36827195467422,21,0.81,17.74,7,0,0
2023-07-17,SKU0021,4,Apparel,472,0,10.428571428571429,11.9,2.998275366342088,39.66386554621849,21,0.81,17.74,7,0,0
2023-07-24,SKU0021,4,Apparel,396,0,10.857142857142858,11.4,3.296811416693614,34.73684210526316,21,0.81,17.74,7,0,0
2023-07-31,SKU0021,4,Apparel,313,0,11.857142857142858,11.266666666666667,3.3002960508094548,27.781065088757394,21,0.81,17.74,7,0,0
2023-08-07,SKU0021,4,Apparel,226,423,12.428571428571429,11.5,3.3088178949692817,19.652173913043477,21,0.81,17.74,8,0,0
2023-08-14,SKU0021,4,Apparel,127,423,14.142857142857142,12.133333333333333,4.280938773401133,10.467032967032967,21,0.81,17.74,8,0,0
2023-08-21,SKU0021,4,Apparel,485,0,9.285714285714286,11.766666666666667,4.091061183751155,41.21813031161473,21,0.81,17.74,8,0,0
2023-08-28,SKU0021,4,Apparel,385,0,14.285714285714286,12.4,4.287914049576056,31.048387096774192,21,0.81,17.74,8,0,0
2023-09-04,SKU0021,4,Apparel,303,423,11.714285714285714,12.166666666666666,4.094431317789072,24.9041095890411,21,0.81,17.74,9,0,0
2023-09-11,SKU0021,4,Apparel,210,423,13.285714285714286,12.333333333333334,3.660915029138852,17.027027027027025,21,0.81,17.74,9,0,0
2023-09-18,SKU0021,4,Apparel,119,423,13.0,12.866666666666667,3.5207104821116153,9.248704663212434,21,0.81,17.74,9,0,0
2023-09-25,SKU0021,4,Apparel,468,0,10.571428571428571,12.3,3.4854376858680127,38.048780487804876,21,0.81,17.74,9,0,0
2023-10-02,SKU0021,4,Apparel,386,0,11.714285714285714,12.1,3.844835317759351,31.90082644628099,21,0.81,17.74,10,0,0
2023-10-09,SKU0021,4,Apparel,313,0,10.428571428571429,11.4,3.9618873941769097,27.45614035087719,21,0.81,17.74,10,0,0
2023-10-16,SKU0021,4,Apparel,239,423,10.571428571428571,11.033333333333333,3.736892802328147,21.661631419939578,21,0.81,17.74,10,0,0
2023-10-23,SKU0021,4,Apparel,162,423,11.0,10.866666666666667,3.380811301665803,14.9079754601227,21,0.81,17.74,10,0,0
2023-10-30,SKU0021,4,Apparel,493,0,13.142857142857142,11.3,3.27108544675922,43.6283185840708,21,0.81,17.74,10,0,0
2023-11-06,SKU0021,4,Apparel,370,0,17.571428571428573,13.133333333333333,4.415750284460463,28.17258883248731,21,0.81,17.74,11,0,0
2023-11-13,SKU0021,4,Apparel,252,423,16.857142857142858,14.3,5.207090656350082,17.62237762237762,21,0.81,17.74,11,0,0
2023-11-20,SKU0021,4,Apparel,130,423,17.428571428571427,15.866666666666667,5.335200822470701,8.193277310924369,21,0.81,17.74,11,0,0
2023-11-27,SKU0021,4,Apparel,25,423,15.0,16.333333333333332,5.005743827281607,1.5306122448979593,21,0.81,17.74,11,0,1
2023-12-04,SKU0021,4,Apparel,0,423,3.5714285714285716,13.533333333333333,8.290972794856915,0.0,21,0.81,17.74,12,0,1
2023-12-11,SKU0021,4,Apparel,323,0,14.285714285714286,12.833333333333334,8.933020238122861,25.16883116883117,21,0.81,17.74,12,0,0
2023-12-18,SKU0021,4,Apparel,207,423,16.571428571428573,12.666666666666666,8.623677643091373,16.342105263157894,21,0.81,17.74,12,0,0
2023-01-30,SKU0022,1,HomeGoods,885,1128,43.285714285714285,45.3,8.03075983007062,19.536423841059605,19,0.86,92.89,1,0,0
2023-02-06,SKU0022,1,HomeGoods,600,1128,40.714285714285715,43.733333333333334,7.427504028403764,13.71951219512195,19,0.86,92.89,2,0,0
2023-02-13,SKU0022,1,HomeGoods,1443,0,40.714285714285715,41.833333333333336,6.913671280492937,34.494023904382466,19,0.86,92.89,2,0,0
2023-02-20,SKU0022,1,HomeGoods,1175,0,38.285714285714285,40.6,6.1900921947343095,28.940886699507388,19,0.86,92.89,2,0,0
2023-02-27,SKU0022,1,HomeGoods,928,1128,35.285714285714285,38.93333333333333,7.357535819371434,23.835616438356166,19,0.86,92.89,2,0,0
2023-03-06,SKU0022,1,HomeGoods,666,1128,37.42857142857143,37.86666666666667,6.699116428271763,17.588028169014084,19,0.86,92.89,3,0,0
2023-03-13,SKU0022,1,HomeGoods,1519,0,39.285714285714285,37.86666666666667,6.179684922965477,40.11443661971831,19,0.86,92.89,3,0,0
2023-03-20,SKU0022,1,HomeGoods,1270,0,35.57142857142857,36.96666666666667,7.083167678928439,34.35527502254283,19,0.86,92.89,3,0,0
2023-03-27,SKU0022,1,HomeGoods,1015,1128,36.42857142857143,36.56666666666667,6.595104419101414,27.757520510483133,19,0.86,92.89,3,0,0
2023-04-03,SKU0022,1,HomeGoods,742,1128,39.0,37.63333333333333,6.531004745711496,19.71656333038087,19,0.86,92.89,4,0,0
2023-04-10,SKU0022,1,HomeGoods,445,1128,42.42857142857143,38.266666666666666,7.17242484526118,11.628919860627178,19,0.86,92.89,4,0,0
2023-04-17,SKU0022,1,HomeGoods,1292,0,40.142857142857146,38.96666666666667,6.578351818174398,33.15654405474765,19,0.86,92.89,4,0,0
2023-04-24,SKU0022,1,HomeGoods,1039,1128,36.142857142857146,38.96666666666667,6.546825149660721,26.663815226689476,19,0.86,92.89,4,0,0
2023-05-01,SKU0022,1,HomeGoods,787,1128,36.0,38.5,6.505965432347209,20.441558441558442,19,0.86,92.89,5,0,0
2023-05-08,SKU0022,1,HomeGoods,538,1128,35.57142857142857,37.3,6.00660555928454,14.423592493297589,19,0.86,92.89,5,0,0
2023-05-15,SKU0022,1,HomeGoods,1411,0,36.42857142857143,36.333333333333336,5.390498238972744,38.834862385321095,19,0.86,92.89,5,0,0
2023-05-22,SKU0022,1,HomeGoods,1169,0,34.57142857142857,35.46666666666667,5.519453579485243,32.96052631578947,19,0.86,92.89,5,0,0
2023-05-29,SKU0022,1,HomeGoods,905,1128,37.714285714285715,36.1,5.510804434675742,25.069252077562325,19,0.86,92.89,5,0,0
2023-06-05,SKU0022,1,HomeGoods,652,1128,36.142857142857146,36.3,6.069425922975186,17.961432506887054,19,0.86,92.89,6,0,0
2023-06-12,SKU0022,1,HomeGoods,1531,0,35.57142857142857,35.56666666666667,6.251528548715327,43.04592314901593,19,0.86,92.89,6,0,0
2023-06-19,SKU0022,1,HomeGoods,1298,0,33.285714285714285,35.36666666666667,5.991277184278077,36.70122525918944,19,0.86,92.89,6,0,0
2023-06-26,SKU0022,1,HomeGoods,1012,1128,40.857142857142854,36.266666666666666,6.756520902997645,27.904411764705884,19,0.86,92.89,6,0,0
2023-07-03,SKU0022,1,HomeGoods,747,1128,37.857142857142854,36.6,7.294778482136979,20.40983606557377,19,0.86,92.89,7,0,0
2023-07-10,SKU0022,1,HomeGoods,470,1128,39.57142857142857,37.86666666666667,6.886935824985714,12.411971830985916,19,0.86,92.89,7,0,0
2023-07-17,SKU0022,1,HomeGoods,1346,0,36.0,38.3,6.560855705333508,35.143603133159274,19,0.86,92.89,7,0,0
2023-07-24,SKU0022,1,HomeGoods,1097,0,35.57142857142857,37.333333333333336,6.407610417649331,29.38392857142857,19,0.86,92.89,7,0,0
2023-07-31,SKU0022,1,HomeGoods,833,1128,37.714285714285715,36.6,6.815803137840292,22.759562841530055,19,0.86,92.89,7,0,0
2023-08-07,SKU0022,1,HomeGoods,581,1128,36.0,36.2,6.2333917263231235,16.049723756906076,19,0.86,92.89,8,0,0
2023-08-14,SKU0022,1,HomeGoods,324,1128,36.714285714285715,36.7,6.36883576217174,8.8283378746594,19,0.86,92.89,8,0,0
2023-08-21,SKU0022,1,HomeGoods,86,1128,34.0,35.86666666666667,6.146113621116894,2.3977695167286246,19,0.86,92.89,8,0,1
2023-08-28,SKU0022,1,HomeGoods,0,1128,12.285714285714286,30.0,13.933338832974792,0.0,19,0.86,92.89,8,0,1
2023-09-04,SKU0022,1,HomeGoods,0,1128,0.0,21.466666666666665,17.90922192293842,0.0,19,0.86,92.89,9,0,1
2023-09-11,SKU0022,1,HomeGoods,0,1128,0.0,13.066666666666666,17.38793345642485,0.0,19,0.86,92.89,9,0,1
2023-09-18,SKU0022,1,HomeGoods,0,1128,0.0,4.9,12.25406336549304,0.0,19,0.86,92.89,9,0,1
2023-09-25,SKU0022,1,HomeGoods,1012,1128,16.571428571428573,3.8666666666666667,11.961816645947463,261.7241379310345,19,0.86,92.89,9,0,0
2023-10-02,SKU0022,1,HomeGoods,747,1128,37.857142857142854,12.7,18.656883725446455,58.81889763779528,19,0.86,92.89,10,0,0
2023-10-09,SKU0022,1,HomeGoods,510,1128,33.857142857142854,20.6,18.89462612892155,24.757281553398055,19,0.86,92.89,10,0,0
2023-10-16,SKU0022,1,HomeGoods,1397,0,34.42857142857143,28.633333333333333,15.720584645909195,48.78928987194412,19,0.86,92.89,10,0,0
2023-10-23,SKU0022,1,HomeGoods,1178,0,31.285714285714285,34.9,6.80947615586116,33.75358166189112,19,0.86,92.89,10,0,0
2023-10-30,SKU0022,1,HomeGoods,898,1128,40.0,34.96666666666667,7.341348806510346,25.681601525262153,19,0.86,92.89,10,0,0
2023-11-06,SKU0022,1,HomeGoods,557,1128,48.714285714285715,38.166666666666664,9.791211165731957,14.593886462882097,19,0.86,92.89,11,0,0
2023-11-13,SKU0022,1,HomeGoods,244,1128,44.714285714285715,40.63333333333333,9.600586667897755,6.004922067268253,19,0.86,92.89,11,0,0
2023-11-20,SKU0022,1,HomeGoods,1054,1128,45.42857142857143,43.666666666666664,9.304553328541786,24.137404580152673,19,0.86,92.89,11,0,0
2023-11-27,SKU0022,1,HomeGoods,739,1128,45.0,44.96666666666667,8.109098054923718,16.43439584877687,19,0.86,92.89,11,0,0
2023-12-04,SKU0022,1,HomeGoods,405,1128,47.714285714285715,45.93333333333333,7.206000054233207,8.817126269956459,19,0.86,92.89,12,0,0
2023-12-11,SKU0022,1,HomeGoods,1165,0,52.57142857142857,47.56666666666667,7.806643206969259,24.491941135248773,19,0.86,92.89,12,0,0
2023-12-18,SKU0022,1,HomeGoods,793,1128,53.142857142857146,48.7,7.874664743821537,16.28336755646817,19,0.86,92.89,12,0,0
2023-01-30,SKU0022,2,HomeGoods,609,0,11.714285714285714,14.333333333333334,4.2534637676825815,42.48837209302325,19,0.86,92.89,1,0,0
2023-02-06,SKU0022,2,HomeGoods,529,0,11.428571428571429,13.366666666666667,4.358767093423626,39.576059850374065,19,0.86,92.89,2,0,0
2023-02-13,SKU0022,2,HomeGoods,437,0,13.142857142857142,13.266666666666667,4.322621597047833,32.93969849246231,19,0.86,92.89,2,0,0
2023-02-20,SKU0022,2,HomeGoods,349,577,12.571428571428571,12.433333333333334,4.141325236279283,28.06970509383378,19,0.86,92.89,2,0,0
2023-02-27,SKU0022,2,HomeGoods,257,577,13.142857142857142,12.433333333333334,3.7663055467213957,20.67024128686327,19,0.86,92.89,2,0,0
2023-03-06,SKU0022,2,HomeGoods,185,577,10.285714285714286,12.166666666666666,3.733199915514221,15.205479452054796,19,0.86,92.89,3,0,0
2023-03-13,SKU0022,2,HomeGoods,668,0,13.428571428571429,12.1,3.717155011471855,55.20661157024794,19,0.86,92.89,3,0,0
2023-03-20,SKU0022,2,HomeGoods,573,0,13.571428571428571,12.433333333333334,3.103761159195939,46.0857908847185,19,0.86,92.89,3,0,0
2023-03-27,SKU0022,2,HomeGoods,499,0,10.571428571428571,11.933333333333334,3.382850596895986,41.815642458100555,19,0.86,92.89,3,0,0
2023-04-03,SKU0022,2,HomeGoods,404,0,13.571428571428571,12.7,3.860945033502047,31.811023622047244,19,0.86,92.89,4,0,0
2023-04-10,SKU0022,2,HomeGoods,309,577,13.571428571428571,12.633333333333333,4.246567241117621,24.45910290237467,19,0.86,92.89,4,0,0
2023-04-17,SKU0022,2,HomeGoods,224,577,12.142857142857142,12.433333333333334,4.190986496768026,18.01608579088472,19,0.86,92.89,4,0,0
2023-04-24,SKU0022,2,HomeGoods,727,0,10.571428571428571,12.366666666666667,3.925893997315886,58.78706199460916,19,0.86,92.89,4,0,0
2023-05-01,SKU0022,2,HomeGoods,649,0,11.142857142857142,12.2,3.8542408349496133,53.196721311475414,19,0.86,92.89,5,0,0
2023-05-08,SKU0022,2,HomeGoods,543,0,15.142857142857142,12.333333333333334,3.447471170476174,44.027027027027025,19,0.86,92.89,5,0,0
2023-05-15,SKU0022,2,HomeGoods,470,0,10.428571428571429,11.866666666666667,3.2561171432512523,39.60674157303371,19,0.86,92.89,5,0,0
2023-05-22,SKU0022,2,HomeGoods,393,0,11.0,11.9,3.155181835297783,33.02521008403361,19,0.86,92.89,5,0,0
2023-05-29,SKU0022,2,HomeGoods,307,577,12.285714285714286,12.033333333333333,3.0567430642629296,25.51246537396122,19,0.86,92.89,5,0,0
2023-06-05,SKU0022,2,HomeGoods,209,577,14.0,12.0,2.729152956884049,17.416666666666668,19,0.86,92.89,6,0,0
2023-06-12,SKU0022,2,HomeGoods,695,0,13.0,12.566666666666666,3.0477049967354817,55.30503978779841,19,0.86,92.89,6,0,0
2023-06-19,SKU0022,2,HomeGoods,613,0,11.714285714285714,12.666666666666666,3.165910375507669,48.39473684210527,19,0.86,92.89,6,0,0
2023-06-26,SKU0022,2,HomeGoods,514,0,14.142857142857142,13.266666666666667,3.403176339157624,38.743718592964825,19,0.86,92.89,6,0,0
2023-07-03,SKU0022,2,HomeGoods,428,0,12.285714285714286,12.9,3.356414342923009,33.17829457364341,19,0.86,92.89,7,0,0
2023-07-10,SKU0022,2,HomeGoods,341,577,12.428571428571429,12.433333333333334,3.3598371608050326,27.42627345844504,19,0.86,92.89,7,0,0
2023-07-17,SKU0022,2,HomeGoods,267,577,10.571428571428571,12.2,3.6141484426510804,21.885245901639344,19,0.86,92.89,7,0,0
2023-07-24,SKU0022,2,HomeGoods,198,577,9.857142857142858,11.4,3.479992072920022,17.36842105263158,19,0.86,92.89,7,0,0
2023-07-31,SKU0022,2,HomeGoods,701,0,10.571428571428571,10.9,3.376899210201876,64.31192660550458,19,0.86,92.89,7,0,0
2023-08-07,SKU0022,2,HomeGoods,600,0,14.428571428571429,11.166666666666666,3.8424429489703464,53.73134328358209,19,0.86,92.89,8,0,0
2023-08-14,SKU0022,2,HomeGoods,514,0,12.285714285714286,11.833333333333334,3.3330459646243744,43.436619718309856,19,0.86,92.89,8,0,0
2023-08-21,SKU0022,2,HomeGoods,433,0,11.571428571428571,12.033333333333333,3.7918545488375743,35.983379501385045,19,0.86,92.89,8,0,0
2023-08-28,SKU0022,2,HomeGoods,345,577,12.571428571428571,12.433333333333334,3.8567749018678983,27.74798927613941,19,0.86,92.89,8,0,0
2023-09-04,SKU0022,2,HomeGoods,263,577,11.714285714285714,12.1,3.4073956077312464,21.735537190082646,19,0.86,92.89,9,0,0
2023-09-11,SKU0022,2,HomeGoods,195,577,9.714285714285714,11.4,3.577708763999663,17.105263157894736,19,0.86,92.89,9,0,0
2023-09-18,SKU0022,2,HomeGoods,116,577,11.285714285714286,11.433333333333334,3.3803012856266514,10.145772594752186,19,0.86,92.89,9,0,0
2023-09-25,SKU0022,2,HomeGoods,26,577,12.857142857142858,11.366666666666667,2.965122935560767,2.287390029325513,19,0.86,92.89,9,0,1
2023-10-02,SKU0022,2,HomeGoods,0,577,3.7142857142857144,9.766666666666667,5.399127217675435,0.0,19,0.86,92.89,10,0,1
2023-10-09,SKU0022,2,HomeGoods,0,577,0.0,7.133333333333334,6.489956874270052,0.0,19,0.86,92.89,10,0,1
2023-10-16,SKU0022,2,HomeGoods,0,577,0.0,4.633333333333334,6.677204315524909,0.0,19,0.86,92.89,10,0,1
2023-10-23,SKU0022,2,HomeGoods,554,0,3.2857142857142856,2.3666666666666667,5.23570851730318,234.0845070422535,19,0.86,92.89,10,0,0
2023-10-30,SKU0022,2,HomeGoods,472,0,11.714285714285714,3.5,5.823555022788777,134.85714285714286,19,0.86,92.89,10,0,0
2023-11-06,SKU0022,2,HomeGoods,356,577,16.571428571428573,7.366666666666666,7.66309262019892,48.325791855203626,19,0.86,92.89,11,0,0
2023-11-13,SKU0022,2,HomeGoods,235,577,17.285714285714285,11.4,7.5548568529764655,20.614035087719298,19,0.86,92.89,11,0,0
2023-11-20,SKU0022,2,HomeGoods,124,577,15.857142857142858,15.1,4.269781549770257,8.211920529801324,19,0.86,92.89,11,0,0
2023-11-27,SKU0022,2,HomeGoods,584,0,16.714285714285715,15.966666666666667,4.139659600642941,36.57620041753653,19,0.86,92.89,11,0,0
2023-12-04,SKU0022,2,HomeGoods,468,0,16.571428571428573,16.566666666666666,3.223655382169187,28.249496981891348,19,0.86,92.89,12,0,0
2023-12-11,SKU0022,2,HomeGoods,352,577,16.571428571428573,16.666666666666668,3.356243110397668,21.119999999999997,19,0.86,92.89,12,0,0
2023-12-18,SKU0022,2,HomeGoods,210,577,20.285714285714285,17.333333333333332,3.6135123168971846,12.115384615384617,19,0.86,92.89,12,0,0
2023-01-30,SKU0022,3,HomeGoods,405,1192,34.0,36.766666666666666,6.162642365052528,11.015412511332729,19,0.86,92.89,1,0,0
2023-02-06,SKU0022,3,HomeGoods,1403,0,27.714285714285715,34.36666666666667,7.2134134314714835,40.824442289039766,19,0.86,92.89,2,0,0
2023-02-13,SKU0022,3,HomeGoods,1170,0,33.285714285714285,33.06666666666667,7.0756178398844956,35.38306451612903,19,0.86,92.89,2,0,0
2023-02-20,SKU0022,3,HomeGoods,946,0,32.0,32.3,5.639454608015016,29.28792569659443,19,0.86,92.89,2,0,0
2023-02-27,SKU0022,3,HomeGoods,748,1192,28.285714285714285,30.333333333333332,4.991947538775284,24.65934065934066,19,0.86,92.89,2,0,0
2023-03-06,SKU0022,3,HomeGoods,526,1192,31.714285714285715,30.466666666666665,5.157741642480193,17.26477024070022,19,0.86,92.89,3,0,0
2023-03-13,SKU0022,3,HomeGoods,1481,0,33.857142857142854,31.466666666666665,4.614320537521007,47.065677966101696,19,0.86,92.89,3,0,0
2023-03-20,SKU0022,3,HomeGoods,1302,0,25.571428571428573,30.0,5.336924078595198,43.4,19,0.86,92.89,3,0,0
2023-03-27,SKU0022,3,HomeGoods,1111,0,27.285714285714285,29.4,6.162176059891745,37.78911564625851,19,0.86,92.89,3,0,0
2023-04-03,SKU0022,3,HomeGoods,928,1192,26.142857142857142,28.266666666666666,6.6172883983642325,32.83018867924528,19,0.86,92.89,4,0,0
2023-04-10,SKU0022,3,HomeGoods,712,1192,30.857142857142858,28.166666666666668,6.747072587852198,25.278106508875737,19,0.86,92.89,4,0,0
2023-04-17,SKU0022,3,HomeGoods,475,1192,33.857142857142854,29.166666666666668,6.2757515463300395,16.285714285714285,19,0.86,92.89,4,0,0
2023-04-24,SKU0022,3,HomeGoods,1456,0,30.142857142857142,29.6,6.36043806775859,49.189189189189186,19,0.86,92.89,4,0,0
2023-05-01,SKU0022,3,HomeGoods,1270,0,26.571428571428573,29.666666666666668,5.809227697102355,42.80898876404494,19,0.86,92.89,5,0,0
2023-05-08,SKU0022,3,HomeGoods,1075,0,27.857142857142858,29.733333333333334,5.297581317553463,36.15470852017937,19,0.86,92.89,5,0,0
2023-05-15,SKU0022,3,HomeGoods,855,1192,31.428571428571427,29.333333333333332,5.707426096208138,29.147727272727273,19,0.86,92.89,5,0,0
2023-05-22,SKU0022,3,HomeGoods,621,1192,33.42857142857143,29.733333333333334,6.152842535313848,20.885650224215247,19,0.86,92.89,5,0,0
2023-05-29,SKU0022,3,HomeGoods,427,1192,27.714285714285715,29.866666666666667,6.563920891606167,14.296875,19,0.86,92.89,5,0,0
2023-06-05,SKU0022,3,HomeGoods,1405,0,30.571428571428573,30.433333333333334,6.463069268375179,46.16648411829134,19,0.86,92.89,6,0,0
2023-06-12,SKU0022,3,HomeGoods,1204,0,28.714285714285715,29.733333333333334,6.141623582562235,40.493273542600896,19,0.86,92.89,6,0,0
2023-06-19,SKU0022,3,HomeGoods,1014,0,27.142857142857142,28.566666666666666,5.347789316597289,35.49591598599767,19,0.86,92.89,6,0,0
2023-06-26,SKU0022,3,HomeGoods,795,1192,31.285714285714285,28.966666666666665,6.255939706326691,27.445339470655927,19,0.86,92.89,6,0,0
2023-07-03,SKU0022,3,HomeGoods,584,1192,30.142857142857142,29.633333333333333,5.933443108890176,19.707536557930258,19,0.86,92.89,7,0,0
2023-07-10,SKU0022,3,HomeGoods,1550,0,32.285714285714285,29.666666666666668,6.814453874610566,52.247191011235955,19,0.86,92.89,7,0,0
2023-07-17,SKU0022,3,HomeGoods,1327,0,31.857142857142858,31.033333333333335,6.504551898655161,42.76047261009667,19,0.86,92.89,7,0,0
2023-07-24,SKU0022,3,HomeGoods,1103,0,32.0,31.0,5.98849471616339,35.58064516129032,19,0.86,92.89,7,0,0
2023-07-31,SKU0022,3,HomeGoods,895,1192,29.714285714285715,31.466666666666665,5.673491495289833,28.44279661016949,19,0.86,92.89,7,0,0
2023-08-07,SKU0022,3,HomeGoods,705,1192,27.142857142857142,30.2,4.80947341013111,23.344370860927153,19,0.86,92.89,8,0,0
2023-08-14,SKU0022,3,HomeGoods,492,1192,30.428571428571427,30.133333333333333,5.751961184784188,16.327433628318584,19,0.86,92.89,8,0,0
2023-08-21,SKU0022,3,HomeGoods,275,1192,31.0,29.533333333333335,5.393056412764833,9.311512415349886,19,0.86,92.89,8,0,0
2023-08-28,SKU0022,3,HomeGoods,37,1192,34.0,30.466666666666665,5.739958748700305,1.214442013129103,19,0.86,92.89,8,0,1
2023-09-04,SKU0022,3,HomeGoods,0,1192,5.285714285714286,25.333333333333332,13.742291465132116,0.0,19,0.86,92.89,9,0,1
2023-09-11,SKU0022,3,HomeGoods,0,1192,0.0,18.1,16.616049574079714,0.0,19,0.86,92.89,9,0,1
2023-09-18,SKU0022,3,HomeGoods,0,1192,0.0,11.266666666666667,16.34315913692059,0.0,19,0.86,92.89,9,0,1
2023-09-25,SKU0022,3,HomeGoods,1160,0,4.571428571428571,4.566666666666666,11.70229371366645,254.014598540146,19,0.86,92.89,9,0,0
2023-10-02,SKU0022,3,HomeGoods,959,0,28.714285714285715,7.766666666666667,13.364088093645245,123.47639484978541,19,0.86,92.89,10,0,0
2023-10-09,SKU0022,3,HomeGoods,747,1192,30.285714285714285,14.833333333333334,15.664771223074498,50.359550561797754,19,0.86,92.89,10,0,0
2023-10-16,SKU0022,3,HomeGoods,538,1192,29.857142857142858,21.8,14.305533050609055,24.678899082568808,19,0.86,92.89,10,0,0
2023-10-23,SKU0022,3,HomeGoods,1507,0,31.857142857142858,29.233333333333334,8.024459734024973,51.55074116305587,19,0.86,92.89,10,0,0
2023-10-30,SKU0022,3,HomeGoods,1302,0,29.285714285714285,30.0,5.930633506894783,43.4,19,0.86,92.89,10,0,0
2023-11-06,SKU0022,3,HomeGoods,1020,0,40.285714285714285,32.233333333333334,8.002944860286206,31.644260599793174,19,0.86,92.89,11,0,0
2023-11-13,SKU0022,3,HomeGoods,727,1192,41.857142857142854,35.166666666666664,8.682456879896632,20.672985781990523,19,0.86,92.89,11,0,0
2023-11-20,SKU0022,3,HomeGoods,463,1192,37.714285714285715,37.03333333333333,8.763101849401762,12.502250225022502,19,0.86,92.89,11,0,0
2023-11-27,SKU0022,3,HomeGoods,1386,0,38.42857142857143,38.96666666666667,8.040772536796823,35.5688622754491,19,0.86,92.89,11,0,0
2023-12-04,SKU0022,3,HomeGoods,1099,0,41.0,40.3,7.80428706236031,27.270471464019852,19,0.86,92.89,12,0,0
2023-12-11,SKU0022,3,HomeGoods,781,1192,45.42857142857143,40.5,8.29520010774825,19.28395061728395,19,0.86,92.89,12,0,0
2023-12-18,SKU0022,3,HomeGoods,499,1192,40.285714285714285,40.93333333333333,7.277425337317471,12.190553745928339,19,0.86,92.89,12,0,0
2023-01-30,SKU0022,4,HomeGoods,111,706,14.571428571428571,16.466666666666665,3.7484096244465697,6.74089068825911,19,0.86,92.89,1,0,0
2023-02-06,SKU0022,4,HomeGoods,709,0,15.428571428571429,16.4,3.538945878511634,43.23170731707317,19,0.86,92.89,2,0,0
2023-02-13,SKU0022,4,HomeGoods,592,0,16.714285714285715,16.633333333333333,3.347498637256896,35.59118236472946,19,0.86,92.89,2,0,0
2023-02-20,SKU0022,4,HomeGoods,490,0,14.571428571428571,15.633333333333333,2.8825675017766472,31.343283582089555,19,0.86,92.89,2,0,0
2023-02-27,SKU0022,4,HomeGoods,393,0,13.857142857142858,14.966666666666667,3.2107935782760744,26.258351893095767,19,0.86,92.89,2,0,0
2023-03-06,SKU0022,4,HomeGoods,291,706,14.571428571428571,14.9,3.3150648820820723,19.530201342281877,19,0.86,92.89,3,0,0
2023-03-13,SKU0022,4,HomeGoods,182,706,15.571428571428571,14.566666666666666,3.2872096261779253,12.494279176201374,19,0.86,92.89,3,0,0
2023-03-20,SKU0022,4,HomeGoods,787,0,14.428571428571429,14.633333333333333,3.518261064722211,53.781321184510254,19,0.86,92.89,3,0,0
2023-03-27,SKU0022,4,HomeGoods,693,0,13.428571428571429,14.433333333333334,3.18058044294167,48.01385681293303,19,0.86,92.89,3,0,0
2023-04-03,SKU0022,4,HomeGoods,583,0,15.714285714285714,14.533333333333333,3.137463650932004,40.11467889908257,19,0.86,92.89,4,0,0
2023-04-10,SKU0022,4,HomeGoods,482,0,14.428571428571429,14.766666666666667,3.1148513368337096,32.64108352144469,19,0.86,92.89,4,0,0
2023-04-17,SKU0022,4,HomeGoods,366,706,16.571428571428573,15.066666666666666,3.372641790003527,24.292035398230087,19,0.86,92.89,4,0,0
2023-04-24,SKU0022,4,HomeGoods,273,706,13.285714285714286,14.8,3.652113228595575,18.445945945945944,19,0.86,92.89,4,0,0
2023-05-01,SKU0022,4,HomeGoods,182,706,13.0,14.433333333333334,3.9364199850689983,12.609699769053117,19,0.86,92.89,5,0,0
2023-05-08,SKU0022,4,HomeGoods,791,0,13.857142857142858,14.266666666666667,4.362325647802019,55.443925233644855,19,0.86,92.89,5,0,0
2023-05-15,SKU0022,4,HomeGoods,692,0,14.142857142857142,13.966666666666667,4.230295769665594,49.54653937947494,19,0.86,92.89,5,0,0
2023-05-22,SKU0022,4,HomeGoods,583,0,15.571428571428571,13.866666666666667,3.6268475276065573,42.043269230769226,19,0.86,92.89,5,0,0
2023-05-29,SKU0022,4,HomeGoods,470,0,16.142857142857142,14.9,3.5169540112491404,31.543624161073826,19,0.86,92.89,5,0,0
2023-06-05,SKU0022,4,HomeGoods,372,706,14.0,14.733333333333333,4.4484273341402885,25.248868778280546,19,0.86,92.89,6,0,0
2023-06-12,SKU0022,4,HomeGoods,252,706,17.142857142857142,15.833333333333334,4.323818023327371,15.91578947368421,19,0.86,92.89,6,0,0
2023-06-19,SKU0022,4,HomeGoods,153,706,14.142857142857142,15.266666666666667,4.417311815817507,10.02183406113537,19,0.86,92.89,6,0,0
2023-06-26,SKU0022,4,HomeGoods,759,0,14.285714285714286,15.033333333333333,4.4835587261208865,50.48780487804878,19,0.86,92.89,6,0,0
2023-07-03,SKU0022,4,HomeGoods,645,0,16.285714285714285,15.3,4.2600793257953535,42.15686274509804,19,0.86,92.89,7,0,0
2023-07-10,SKU0022,4,HomeGoods,542,0,14.714285714285714,14.933333333333334,3.161550616208857,36.294642857142854,19,0.86,92.89,7,0,0
2023-07-17,SKU0022,4,HomeGoods,425,0,16.714285714285715,15.566666666666666,3.7202459441624955,27.301927194860813,19,0.86,92.89,7,0,0
2023-07-24,SKU0022,4,HomeGoods,337,706,12.571428571428571,14.966666666666667,3.9258939973158906,22.51670378619154,19,0.86,92.89,7,0,0
2023-07-31,SKU0022,4,HomeGoods,235,706,14.571428571428571,14.8,3.8182863099599547,15.878378378378377,19,0.86,92.89,7,0,0
2023-08-07,SKU0022,4,HomeGoods,125,706,15.714285714285714,14.733333333333333,3.8590094613758756,8.484162895927602,19,0.86,92.89,8,0,0
2023-08-14,SKU0022,4,HomeGoods,11,706,16.285714285714285,14.866666666666667,3.5402448126271366,0.7399103139013453,19,0.86,92.89,8,0,1
2023-08-21,SKU0022,4,HomeGoods,0,706,1.5714285714285714,11.833333333333334,6.848525304806483,0.0,19,0.86,92.89,8,0,1
2023-08-28,SKU0022,4,HomeGoods,0,706,0.0,8.833333333333334,8.183597275514975,0.0,19,0.86,92.89,8,0,1
2023-09-04,SKU0022,4,HomeGoods,0,706,0.0,5.133333333333334,7.587345787029484,0.0,19,0.86,92.89,9,0,1
2023-09-11,SKU0022,4,HomeGoods,0,706,0.0,1.6333333333333333,5.135967379135139,0.0,19,0.86,92.89,9,0,1
2023-09-18,SKU0022,4,HomeGoods,0,706,0.0,0.0,0.0,0.0,19,0.86,92.89,9,0,1
2023-09-25,SKU0022,4,HomeGoods,627,0,11.285714285714286,2.6333333333333333,5.678048069984747,238.10126582278482,19,0.86,92.89,9,0,0
2023-10-02,SKU0022,4,HomeGoods,532,0,13.571428571428571,5.8,7.053490209671454,91.72413793103449,19,0.86,92.89,10,0,0
2023-10-09,SKU0022,4,HomeGoods,440,0,13.142857142857142,8.866666666666667,7.03063902198593,49.62406015037594,19,0.86,92.89,10,0,0
2023-10-16,SKU0022,4,HomeGoods,341,706,14.142857142857142,12.166666666666666,5.298557600298233,28.027397260273975,19,0.86,92.89,10,0,0
2023-10-23,SKU0022,4,HomeGoods,233,706,15.428571428571429,13.833333333333334,3.227931261641899,16.843373493975903,19,0.86,92.89,10,0,0
2023-10-30,SKU0022,4,HomeGoods,119,706,16.285714285714285,14.666666666666666,3.642027981234076,8.113636363636363,19,0.86,92.89,10,0,0
2023-11-06,SKU0022,4,HomeGoods,707,0,16.857142857142858,15.533333333333333,3.9016648377003285,45.51502145922747,19,0.86,92.89,11,0,0
2023-11-13,SKU0022,4,HomeGoods,576,0,18.714285714285715,16.533333333333335,4.174911383187823,34.83870967741935,19,0.86,92.89,11,0,0
2023-11-20,SKU0022,4,HomeGoods,410,0,23.714285714285715,18.5,5.643122148793774,22.16216216216216,19,0.86,92.89,11,0,0
2023-11-27,SKU0022,4,HomeGoods,280,706,18.571428571428573,19.066666666666666,5.551845504491914,14.685314685314685,19,0.86,92.89,11,0,0
2023-12-04,SKU0022,4,HomeGoods,131,706,21.285714285714285,20.333333333333332,5.403276996309787,6.442622950819673,19,0.86,92.89,12,0,0
2023-12-11,SKU0022,4,HomeGoods,698,0,19.857142857142858,20.6,5.506109459437787,33.883495145631066,19,0.86,92.89,12,0,0
2023-12-18,SKU0022,4,HomeGoods,540,0,22.571428571428573,20.333333333333332,5.280630404721041,26.557377049180328,19,0.86,92.89,12,0,0
2023-01-30,SKU0023,1,Apparel,6,124,5.142857142857143,3.533333333333333,1.814374278639472,1.6981132075471699,17,0.98,19.09,1,0,1
2023-02-06,SKU0023,1,Apparel,113,0,2.4285714285714284,3.566666666666667,1.9945327571990963,31.682242990654203,17,0.98,19.09,2,0,0
2023-02-13,SKU0023,1,Apparel,89,0,3.4285714285714284,3.7666666666666666,2.1605129233480698,23.628318584070797,17,0.98,19.09,2,0,0
2023-02-20,SKU0023,1,Apparel,60,124,4.142857142857143,3.8,2.107458021016036,15.789473684210527,17,0.98,19.09,2,0,0
2023-02-27,SKU0023,1,Apparel,38,124,3.142857142857143,3.433333333333333,2.0457413011581806,11.067961165048544,17,0.98,19.09,2,0,0
2023-03-06,SKU0023,1,Apparel,7,124,4.428571428571429,3.7333333333333334,1.928610958665603,1.875,17,0.98,19.09,3,0,0
2023-03-13,SKU0023,1,Apparel,99,0,4.571428571428571,4.1,1.5613875350094089,24.146341463414636,17,0.98,19.09,3,0,0
2023-03-20,SKU0023,1,Apparel,78,0,3.0,3.7333333333333334,1.7798359733284477,20.892857142857142,17,0.98,19.09,3,0,0
2023-03-27,SKU0023,1,Apparel,46,124,4.571428571428571,4.133333333333334,1.736689941821219,11.129032258064514,17,0.98,19.09,3,0,0
2023-04-03,SKU0023,1,Apparel,13,124,4.714285714285714,4.133333333333334,1.8705214713316294,3.1451612903225805,17,0.98,19.09,4,0,1
2023-04-10,SKU0023,1,Apparel,123,0,2.0,3.7333333333333334,2.50424926231717,32.94642857142857,17,0.98,19.09,4,0,0
2023-04-17,SKU0023,1,Apparel,99,0,3.4285714285714284,3.7333333333333334,2.4202213254923226,26.517857142857142,17,0.98,19.09,4,0,0
2023-04-24,SKU0023,1,Apparel,64,124,5.0,3.8666666666666667,2.7003618318641123,16.551724137931036,17,0.98,19.09,4,0,0
2023-05-01,SKU0023,1,Apparel,31,124,4.714285714285714,3.7666666666666666,2.7124659010516265,8.230088495575222,17,0.98,19.09,5,0,0
2023-05-08,SKU0023,1,Apparel,9,124,3.142857142857143,3.8333333333333335,2.2755572766995407,2.3478260869565215,17,0.98,19.09,5,0,0
2023-05-15,SKU0023,1,Apparel,103,0,4.285714285714286,4.1,2.090207051284963,25.121951219512198,17,0.98,19.09,5,0,0
2023-05-22,SKU0023,1,Apparel,84,0,2.7142857142857144,3.6666666666666665,1.8257418583505527,22.90909090909091,17,0.98,19.09,5,0,0
2023-05-29,SKU0023,1,Apparel,61,124,3.2857142857142856,3.433333333333333,1.4781939897267757,17.766990291262136,17,0.98,19.09,5,0,0
2023-06-05,SKU0023,1,Apparel,36,124,3.5714285714285716,3.466666666666667,1.6131642354623126,10.384615384615385,17,0.98,19.09,6,0,0
2023-06-12,SKU0023,1,Apparel,9,124,3.857142857142857,3.3333333333333335,1.5829551877538337,2.6999999999999997,17,0.98,19.09,6,0,0
2023-06-19,SKU0023,1,Apparel,111,0,3.142857142857143,3.433333333333333,1.4307782626184962,32.33009708737864,17,0.98,19.09,6,0,0
2023-06-26,SKU0023,1,Apparel,95,0,2.2857142857142856,3.1333333333333333,1.6965143440419894,30.319148936170212,17,0.98,19.09,6,0,0
2023-07-03,SKU0023,1,Apparel,70,0,3.5714285714285716,3.1666666666666665,1.703613468652647,22.105263157894736,17,0.98,19.09,7,0,0
2023-07-10,SKU0023,1,Apparel,37,124,4.714285714285714,3.566666666666667,1.8879533405494813,10.373831775700934,17,0.98,19.09,7,0,0
2023-07-17,SKU0023,1,Apparel,19,124,2.5714285714285716,3.2666666666666666,1.8557149999176952,5.816326530612245,17,0.98,19.09,7,0,0
2023-07-24,SKU0023,1,Apparel,118,0,3.5714285714285716,3.533333333333333,1.5916448515084405,33.39622641509434,17,0.98,19.09,7,0,0
2023-07-31,SKU0023,1,Apparel,92,0,3.7142857142857144,3.5,1.7170544144170148,26.285714285714285,17,0.98,19.09,7,0,0
2023-08-07,SKU0023,1,Apparel,74,0,2.5714285714285716,3.1666666666666665,1.5104996509110127,23.36842105263158,17,0.98,19.09,8,0,0
2023-08-14,SKU0023,1,Apparel,45,124,4.142857142857143,3.4,1.6733200530681487,13.23529411764706,17,0.98,19.09,8,0,0
2023-08-21,SKU0023,1,Apparel,22,124,3.2857142857142856,3.4,1.6315848018160848,6.470588235294118,17,0.98,19.09,8,0,0
2023-08-28,SKU0023,1,Apparel,5,124,2.4285714285714284,3.1,1.422722014672745,1.6129032258064515,17,0.98,19.09,8,0,1
2023-09-04,SKU0023,1,Apparel,0,124,0.7142857142857143,2.533333333333333,1.7167196733251473,0.0,17,0.98,19.09,9,0,1
2023-09-11,SKU0023,1,Apparel,0,124,0.0,1.8,1.669193486852772,0.0,17,0.98,19.09,9,0,1
2023-09-18,SKU0023,1,Apparel,0,124,0.0,0.9666666666666667,1.3256965204630387,0.0,17,0.98,19.09,9,0,1
2023-09-25,SKU0023,1,Apparel,0,124,0.0,0.36666666666666664,0.8899179866642191,0.0,17,0.98,19.09,9,0,1
2023-10-02,SKU0023,1,Apparel,117,0,1.0,0.23333333333333334,0.7279320417946004,501.42857142857144,17,0.98,19.09,10,0,0
2023-10-09,SKU0023,1,Apparel,101,0,2.2857142857142856,0.7666666666666667,1.4781939897267744,131.7391304347826,17,0.98,19.09,10,0,0
2023-10-16,SKU0023,1,Apparel,70,0,4.428571428571429,1.8,2.107458021016034,38.888888888888886,17,0.98,19.09,10,0,0
2023-10-23,SKU0023,1,Apparel,50,124,2.857142857142857,2.466666666666667,2.063364064911427,20.27027027027027,17,0.98,19.09,10,0,0
2023-10-30,SKU0023,1,Apparel,22,124,4.0,3.3333333333333335,1.8445321495096538,6.6,17,0.98,19.09,10,0,0
2023-11-06,SKU0023,1,Apparel,111,0,5.0,3.966666666666667,1.847334208572155,27.983193277310924,17,0.98,19.09,11,0,0
2023-11-13,SKU0023,1,Apparel,70,0,5.857142857142857,4.466666666666667,2.046583921349532,15.671641791044776,17,0.98,19.09,11,0,0
2023-11-20,SKU0023,1,Apparel,47,124,3.2857142857142856,4.5,1.9956850003669533,10.444444444444445,17,0.98,19.09,11,0,0
2023-11-27,SKU0023,1,Apparel,14,124,4.714285714285714,4.7,2.1837961253838167,2.978723404255319,17,0.98,19.09,11,0,1
2023-12-04,SKU0023,1,Apparel,108,0,4.285714285714286,4.5,2.2244720411974064,24.0,17,0.98,19.09,12,0,0
2023-12-11,SKU0023,1,Apparel,75,0,4.714285714285714,4.366666666666666,2.2358109434191062,17.17557251908397,17,0.98,19.09,12,0,0
2023-12-18,SKU0023,1,Apparel,40,124,5.0,4.6,2.143152688978518,8.695652173913045,17,0.98,19.09,12,0,1
2023-01-30,SKU0023,2,Apparel,659,0,20.857142857142858,23.3,5.784342718896865,28.283261802575108,17,0.98,19.09,1,0,0
2023-02-06,SKU0023,2,Apparel,483,0,25.142857142857142,23.566666666666666,5.575088267947182,20.495049504950494,17,0.98,19.09,2,0,0
2023-02-13,SKU0023,2,Apparel,319,679,23.428571428571427,23.066666666666666,5.245249629727923,13.829479768786127,17,0.98,19.09,2,0,0
2023-02-20,SKU0023,2,Apparel,167,679,21.714285714285715,22.766666666666666,5.727630149235962,7.335285505124451,17,0.98,19.09,2,0,0
2023-02-27,SKU0023,2,Apparel,691,0,22.142857142857142,22.8,6.116117767973745,30.307017543859647,17,0.98,19.09,2,0,0
2023-03-06,SKU0023,2,Apparel,483,0,29.714285714285715,24.5,6.652715286982843,19.714285714285715,17,0.98,19.09,3,0,0
2023-03-13,SKU0023,2,Apparel,251,679,33.142857142857146,26.1,7.79190561438268,9.616858237547893,17,0.98,19.09,3,0,0
2023-03-20,SKU0023,2,Apparel,42,679,29.857142857142858,28.5,7.403400896046781,1.4736842105263157,17,0.98,19.09,3,0,1
2023-03-27,SKU0023,2,Apparel,558,0,23.285714285714285,28.2,8.821603576174374,19.78723404255319,17,0.98,19.09,3,0,0
2023-04-03,SKU0023,2,Apparel,307,679,35.857142857142854,30.633333333333333,8.80236384134412,10.021762785636561,17,0.98,19.09,4,0,0
2023-04-10,SKU0023,2,Apparel,95,679,30.285714285714285,30.0,9.153857298880947,3.1666666666666665,17,0.98,19.09,4,0,1
2023-04-17,SKU0023,2,Apparel,619,0,22.142857142857142,28.066666666666666,10.957388731631822,22.05463182897862,17,0.98,19.09,4,0,0
2023-04-24,SKU0023,2,Apparel,397,679,31.714285714285715,29.766666666666666,9.37966742051872,13.337066069428891,17,0.98,19.09,4,0,0
2023-05-01,SKU0023,2,Apparel,202,679,27.857142857142858,28.533333333333335,9.235364314578424,7.079439252336448,17,0.98,19.09,5,0,0
2023-05-08,SKU0023,2,Apparel,36,679,23.714285714285715,26.466666666666665,8.649230913919398,1.3602015113350128,17,0.98,19.09,5,0,0
2023-05-15,SKU0023,2,Apparel,552,0,23.285714285714285,26.866666666666667,6.246286252968488,20.54590570719603,17,0.98,19.09,5,0,0
2023-05-22,SKU0023,2,Apparel,385,679,23.857142857142858,24.9,5.897690956695662,15.461847389558233,17,0.98,19.09,5,0,0
2023-05-29,SKU0023,2,Apparel,230,679,22.142857142857142,23.3,4.907067387434958,9.871244635193133,17,0.98,19.09,5,0,0
2023-06-05,SKU0023,2,Apparel,751,0,22.571428571428573,23.033333333333335,4.937424522920871,32.60492040520984,17,0.98,19.09,6,0,0
2023-06-12,SKU0023,2,Apparel,589,0,23.142857142857142,22.5,4.454753369851925,26.177777777777777,17,0.98,19.09,6,0,0
2023-06-19,SKU0023,2,Apparel,411,679,25.428571428571427,23.633333333333333,3.7553027641689374,17.390691114245417,17,0.98,19.09,6,0,0
2023-06-26,SKU0023,2,Apparel,258,679,21.857142857142858,23.033333333333335,3.8099989440973814,11.201157742402314,17,0.98,19.09,6,0,0
2023-07-03,SKU0023,2,Apparel,98,679,22.857142857142858,23.2,3.273719807697432,4.224137931034483,17,0.98,19.09,7,0,0
2023-07-10,SKU0023,2,Apparel,609,0,24.0,23.433333333333334,3.287209626177944,25.988620199146514,17,0.98,19.09,7,0,0
2023-07-17,SKU0023,2,Apparel,441,679,24.0,23.233333333333334,3.6073042120343937,18.98134863701578,17,0.98,19.09,7,0,0
2023-07-24,SKU0023,2,Apparel,298,679,20.428571428571427,22.633333333333333,3.6339712610912267,13.16642120765832,17,0.98,19.09,7,0,0
2023-07-31,SKU0023,2,Apparel,133,679,23.571428571428573,22.866666666666667,4.621787483239581,5.816326530612245,17,0.98,19.09,7,0,1
2023-08-07,SKU0023,2,Apparel,0,679,19.0,21.866666666666667,5.876506898943755,0.0,17,0.98,19.09,8,0,1
2023-08-14,SKU0023,2,Apparel,0,679,0.0,16.166666666666668,10.51463129474202,0.0,17,0.98,19.09,8,0,1
2023-08-21,SKU0023,2,Apparel,0,679,0.0,11.133333333333333,11.723049307133019,0.0,17,0.98,19.09,8,0,1
2023-08-28,SKU0023,2,Apparel,0,679,0.0,6.1,10.205982018675034,0.0,17,0.98,19.09,8,0,1
2023-09-04,SKU0023,2,Apparel,0,679,0.0,1.0333333333333334,4.802896635568487,0.0,17,0.98,19.09,9,0,0
2023-09-11,SKU0023,2,Apparel,511,0,24.0,5.6,10.614238972508492,91.25,17,0.98,19.09,9,0,0
2023-09-18,SKU0023,2,Apparel,366,679,20.714285714285715,10.433333333333334,11.71113037723705,35.07987220447284,17,0.98,19.09,9,0,0
2023-09-25,SKU0023,2,Apparel,174,679,27.428571428571427,16.833333333333332,11.817822114934303,10.336633663366337,17,0.98,19.09,9,0,1
2023-10-02,SKU0023,2,Apparel,0,679,24.857142857142858,22.633333333333333,7.327244075853254,0.0,17,0.98,19.09,10,0,1
2023-10-09,SKU0023,2,Apparel,0,679,0.0,18.333333333333332,10.825682532702084,0.0,17,0.98,19.09,10,0,1
2023-10-16,SKU0023,2,Apparel,0,679,0.0,13.633333333333333,13.202620777796337,0.0,17,0.98,19.09,10,0,1
2023-10-23,SKU0023,2,Apparel,0,679,0.0,7.766666666666667,12.190112820425975,0.0,17,0.98,19.09,10,0,1
2023-10-30,SKU0023,2,Apparel,0,679,0.0,1.7333333333333334,6.601636857280451,0.0,17,0.98,19.09,10,0,1
2023-11-06,SKU0023,2,Apparel,561,0,16.857142857142858,3.933333333333333,10.268577221841438,142.6271186440678,17,0.98,19.09,11,0,0
2023-11-13,SKU0023,2,Apparel,326,679,33.57142857142857,11.766666666666667,16.153751210196358,27.70538243626062,17,0.98,19.09,11,0,0
2023-11-20,SKU0023,2,Apparel,80,679,35.142857142857146,19.966666666666665,17.491837176697373,4.006677796327212,17,0.98,19.09,11,0,1
2023-11-27,SKU0023,2,Apparel,636,0,17.571428571428573,24.066666666666666,15.126896195378192,26.426592797783933,17,0.98,19.09,11,0,0
2023-12-04,SKU0023,2,Apparel,376,679,37.142857142857146,30.6,11.32163019820146,12.287581699346404,17,0.98,19.09,12,0,0
2023-12-11,SKU0023,2,Apparel,154,679,31.714285714285715,30.633333333333333,11.284665620252962,5.027203482045702,17,0.98,19.09,12,0,1
2023-12-18,SKU0023,2,Apparel,0,679,22.0,27.2,12.815400218433311,0.0,17,0.98,19.09,12,0,0
2023-01-30,SKU0023,3,Apparel,843,0,22.285714285714285,22.066666666666666,4.877346178725315,38.202416918429,17,0.98,19.09,1,0,0
2023-02-06,SKU0023,3,Apparel,681,0,23.142857142857142,22.266666666666666,4.471621886838216,30.583832335329344,17,0.98,19.09,2,0,0
2023-02-13,SKU0023,3,Apparel,526,0,22.142857142857142,22.066666666666666,4.033765532082409,23.836858006042295,17,0.98,19.09,2,0,0
2023-02-20,SKU0023,3,Apparel,361,726,23.571428571428573,22.733333333333334,3.4031763391576253,15.879765395894427,17,0.98,19.09,2,0,0
2023-02-27,SKU0023,3,Apparel,201,726,22.857142857142858,22.733333333333334,4.042305021279007,8.841642228739003,17,0.98,19.09,2,0,0
2023-03-06,SKU0023,3,Apparel,737,0,27.142857142857142,23.833333333333332,5.058849080866966,30.923076923076923,17,0.98,19.09,3,0,0
2023-03-13,SKU0023,3,Apparel,539,0,28.285714285714285,25.2,5.77986994245755,21.38888888888889,17,0.98,19.09,3,0,0
2023-03-20,SKU0023,3,Apparel,328,726,30.142857142857142,26.733333333333334,5.8423739467217874,12.26932668329177,17,0.98,19.09,3,0,0
2023-03-27,SKU0023,3,Apparel,132,726,28.0,28.566666666666666,4.739295257760394,4.620770128354726,17,0.98,19.09,3,0,0
2023-04-03,SKU0023,3,Apparel,658,0,28.571428571428573,29.066666666666666,4.600849496772777,22.637614678899084,17,0.98,19.09,4,0,0
2023-04-10,SKU0023,3,Apparel,466,726,27.428571428571427,28.133333333333333,4.508484976309607,16.563981042654028,17,0.98,19.09,4,0,0
2023-04-17,SKU0023,3,Apparel,272,726,27.714285714285715,28.1,4.365618019210499,9.679715302491102,17,0.98,19.09,4,0,0
2023-04-24,SKU0023,3,Apparel,86,726,26.571428571428573,27.533333333333335,4.500830063929098,3.1234866828087164,17,0.98,19.09,4,0,0
2023-05-01,SKU0023,3,Apparel,627,0,26.428571428571427,26.833333333333332,4.511161126876741,23.366459627329192,17,0.98,19.09,5,0,0
2023-05-08,SKU0023,3,Apparel,494,0,19.0,25.2,5.892133856194239,19.603174603174605,17,0.98,19.09,5,0,0
2023-05-15,SKU0023,3,Apparel,342,726,21.714285714285715,23.833333333333332,6.023421718209865,14.34965034965035,17,0.98,19.09,5,0,0
2023-05-22,SKU0023,3,Apparel,191,726,21.571428571428573,22.333333333333332,5.779472194809367,8.55223880597015,17,0.98,19.09,5,0,0
2023-05-29,SKU0023,3,Apparel,772,0,20.714285714285715,20.933333333333334,5.501932784741733,36.87898089171974,17,0.98,19.09,5,0,0
2023-06-05,SKU0023,3,Apparel,608,0,23.428571428571427,21.633333333333333,4.859993850807315,28.10477657935285,17,0.98,19.09,6,0,0
2023-06-12,SKU0023,3,Apparel,437,726,24.428571428571427,22.833333333333332,4.66892392042455,19.138686131386862,17,0.98,19.09,6,0,0
2023-06-19,SKU0023,3,Apparel,290,726,21.0,22.4,4.522739481088093,12.946428571428573,17,0.98,19.09,6,0,0
2023-06-26,SKU0023,3,Apparel,868,0,21.142857142857142,22.0,4.185360364330676,39.45454545454545,17,0.98,19.09,6,0,0
2023-07-03,SKU0023,3,Apparel,731,0,19.571428571428573,21.5,4.049265578365757,34.0,17,0.98,19.09,7,0,0
2023-07-10,SKU0023,3,Apparel,581,0,21.428571428571427,20.9,3.5752983960348623,27.79904306220096,17,0.98,19.09,7,0,0
2023-07-17,SKU0023,3,Apparel,418,726,23.285714285714285,21.133333333333333,4.11668877093975,19.77917981072555,17,0.98,19.09,7,0,0
2023-07-24,SKU0023,3,Apparel,258,726,22.857142857142858,21.733333333333334,3.7868495989486206,11.871165644171779,17,0.98,19.09,7,0,0
2023-07-31,SKU0023,3,Apparel,846,0,19.714285714285715,21.333333333333332,4.566242953746933,39.65625,17,0.98,19.09,7,0,0
2023-08-07,SKU0023,3,Apparel,701,0,20.714285714285715,21.566666666666666,4.182750566176571,32.50386398763524,17,0.98,19.09,8,0,0
2023-08-14,SKU0023,3,Apparel,538,0,23.285714285714285,21.566666666666666,3.9713051214702633,24.945904173106648,17,0.98,19.09,8,0,0
2023-08-21,SKU0023,3,Apparel,405,726,19.0,20.9,4.837711057500424,19.37799043062201,17,0.98,19.09,8,0,0
2023-08-28,SKU0023,3,Apparel,258,726,21.0,20.733333333333334,4.346487550078603,12.443729903536976,17,0.98,19.09,8,0,0
2023-09-04,SKU0023,3,Apparel,115,726,20.428571428571427,21.033333333333335,4.715954822202742,5.467511885895403,17,0.98,19.09,9,0,1
2023-09-11,SKU0023,3,Apparel,0,726,16.428571428571427,19.333333333333332,6.2108544213882375,0.0,17,0.98,19.09,9,0,1
2023-09-18,SKU0023,3,Apparel,0,726,0.0,14.633333333333333,9.89769507593011,0.0,17,0.98,19.09,9,0,1
2023-09-25,SKU0023,3,Apparel,0,726,0.0,10.133333333333333,10.972483870976951,0.0,17,0.98,19.09,9,0,1
2023-10-02,SKU0023,3,Apparel,0,726,0.0,4.9,8.758641053465233,0.0,17,0.98,19.09,10,0,1
2023-10-09,SKU0023,3,Apparel,634,0,13.142857142857142,3.3333333333333335,8.239238889076011,190.2,17,0.98,19.09,10,0,0
2023-10-16,SKU0023,3,Apparel,491,0,20.428571428571427,7.833333333333333,11.095458323219344,62.68085106382979,17,0.98,19.09,10,0,0
2023-10-23,SKU0023,3,Apparel,323,726,24.0,13.433333333333334,11.927029093135676,24.04466501240695,17,0.98,19.09,10,0,0
2023-10-30,SKU0023,3,Apparel,185,726,19.714285714285715,18.033333333333335,9.378932125572264,10.258780036968576,17,0.98,19.09,10,0,0
2023-11-06,SKU0023,3,Apparel,705,0,29.428571428571427,23.666666666666668,6.166278335085685,29.788732394366196,17,0.98,19.09,11,0,0
2023-11-13,SKU0023,3,Apparel,479,726,32.285714285714285,25.8,7.4343100229437225,18.565891472868216,17,0.98,19.09,11,0,0
2023-11-20,SKU0023,3,Apparel,278,726,28.714285714285715,27.3,7.149391100188077,10.183150183150182,17,0.98,19.09,11,0,0
2023-11-27,SKU0023,3,Apparel,75,726,29.0,29.1,6.666178143020414,2.5773195876288657,17,0.98,19.09,11,0,0
2023-12-04,SKU0023,3,Apparel,568,0,33.285714285714285,30.533333333333335,6.101064538729905,18.602620087336245,17,0.98,19.09,12,0,0
2023-12-11,SKU0023,3,Apparel,349,726,31.285714285714285,30.4,5.763140906090071,11.480263157894738,17,0.98,19.09,12,0,0
2023-12-18,SKU0023,3,Apparel,117,726,33.142857142857146,31.633333333333333,5.486556192237094,3.6986301369863015,17,0.98,19.09,12,0,1
2023-01-30,SKU0023,4,Apparel,833,0,16.714285714285715,18.833333333333332,4.892523031033722,44.230088495575224,17,0.98,19.09,1,0,0
2023-02-06,SKU0023,4,Apparel,707,0,18.0,18.433333333333334,5.0561218157884555,38.35443037974684,17,0.98,19.09,2,0,0
2023-02-13,SKU0023,4,Apparel,570,0,19.571428571428573,19.0,5.065093524683735,30.0,17,0.98,19.09,2,0,0
2023-02-20,SKU0023,4,Apparel,443,724,18.142857142857142,18.333333333333332,4.751285367527207,24.163636363636364,17,0.98,19.09,2,0,0
2023-02-27,SKU0023,4,Apparel,309,724,19.142857142857142,18.566666666666666,5.001264207993906,16.6427289048474,17,0.98,19.09,2,0,0
2023-03-06,SKU0023,4,Apparel,173,724,19.428571428571427,18.766666666666666,4.938821116722948,9.218472468916518,17,0.98,19.09,3,0,0
2023-03-13,SKU0023,4,Apparel,725,0,24.571428571428573,20.0,5.432977211374106,36.25,17,0.98,19.09,3,0,0
2023-03-20,SKU0023,4,Apparel,562,0,23.285714285714285,21.166666666666668,5.1800900893066855,26.551181102362204,17,0.98,19.09,3,0,0
2023-03-27,SKU0023,4,Apparel,387,724,25.0,22.6,5.014461844127133,17.123893805309734,17,0.98,19.09,3,0,0
2023-04-03,SKU0023,4,Apparel,235,724,21.714285714285715,23.266666666666666,4.109982241201109,10.100286532951289,17,0.98,19.09,4,0,0
2023-04-10,SKU0023,4,Apparel,796,0,23.285714285714285,23.366666666666667,4.0977986801438275,34.06562054208274,17,0.98,19.09,4,0,0
2023-04-17,SKU0023,4,Apparel,647,0,21.285714285714285,22.733333333333334,4.996090425545746,28.46041055718475,17,0.98,19.09,4,0,0
2023-04-24,SKU0023,4,Apparel,481,0,23.714285714285715,22.6,5.334338985646965,21.28318584070796,17,0.98,19.09,4,0,0
2023-05-01,SKU0023,4,Apparel,304,724,25.285714285714285,23.233333333333334,5.715576619375687,13.084648493543758,17,0.98,19.09,5,0,0
2023-05-08,SKU0023,4,Apparel,182,724,17.428571428571427,21.733333333333334,6.263927011803009,8.374233128834355,17,0.98,19.09,5,0,0
2023-05-15,SKU0023,4,Apparel,796,0,15.714285714285714,20.233333333333334,6.095127128505493,39.341021416803954,17,0.98,19.09,5,0,0
2023-05-22,SKU0023,4,Apparel,653,0,20.428571428571427,19.966666666666665,5.567661140435234,32.70450751252087,17,0.98,19.09,5,0,0
2023-05-29,SKU0023,4,Apparel,533,0,17.142857142857142,18.066666666666666,4.258325179379005,29.501845018450187,17,0.98,19.09,5,0,0
2023-06-05,SKU0023,4,Apparel,433,724,14.285714285714286,16.7,4.170090547267968,25.92814371257485,17,0.98,19.09,6,0,0
2023-06-12,SKU0023,4,Apparel,308,724,17.857142857142858,17.3,4.371932422104458,17.803468208092486,17,0.98,19.09,6,0,0
2023-06-19,SKU0023,4,Apparel,179,724,18.428571428571427,17.3,4.284293689021912,10.346820809248554,17,0.98,19.09,6,0,0
2023-06-26,SKU0023,4,Apparel,772,0,18.714285714285715,17.166666666666668,5.031509907972245,44.970873786407765,17,0.98,19.09,6,0,0
2023-07-03,SKU0023,4,Apparel,645,0,18.142857142857142,17.933333333333334,4.96840592859161,35.96654275092937,17,0.98,19.09,7,0,0
2023-07-10,SKU0023,4,Apparel,525,0,17.142857142857142,18.1,4.505552130427511,29.005524861878452,17,0.98,19.09,7,0,0
2023-07-17,SKU0023,4,Apparel,407,724,16.857142857142858,17.833333333333332,4.60197358961784,22.82242990654206,17,0.98,19.09,7,0,0
2023-07-24,SKU0023,4,Apparel,284,724,17.571428571428573,17.166666666666668,3.6206622878002186,16.54368932038835,17,0.98,19.09,7,0,0
2023-07-31,SKU0023,4,Apparel,876,0,18.857142857142858,17.8,3.836305694194639,49.21348314606741,17,0.98,19.09,7,0,0
2023-08-07,SKU0023,4,Apparel,758,0,16.857142857142858,17.366666666666667,4.693967760150594,43.646833013435696,17,0.98,19.09,8,0,0
2023-08-14,SKU0023,4,Apparel,624,0,19.142857142857142,18.133333333333333,4.980882994238946,34.411764705882355,17,0.98,19.09,8,0,0
2023-08-21,SKU0023,4,Apparel,513,0,15.857142857142858,17.633333333333333,5.047931179741079,29.09262759924386,17,0.98,19.09,8,0,0
2023-08-28,SKU0023,4,Apparel,378,724,19.285714285714285,17.533333333333335,4.875931976933027,21.55893536121673,17,0.98,19.09,8,0,0
2023-09-04,SKU0023,4,Apparel,245,724,19.0,17.9,4.229208779021389,13.687150837988828,17,0.98,19.09,9,0,0
2023-09-11,SKU0023,4,Apparel,124,724,17.285714285714285,17.766666666666666,3.4609479798951175,6.979362101313321,17,0.98,19.09,9,0,0
2023-09-18,SKU0023,4,Apparel,6,724,16.857142857142858,17.733333333333334,3.4031763391576058,0.3383458646616541,17,0.98,19.09,9,0,1
2023-09-25,SKU0023,4,Apparel,0,724,0.8571428571428571,14.033333333333333,7.919784624959629,0.0,17,0.98,19.09,9,0,1
2023-10-02,SKU0023,4,Apparel,0,724,0.0,9.333333333333334,8.778238505780505,0.0,17,0.98,19.09,10,0,1
2023-10-09,SKU0023,4,Apparel,0,724,0.0,5.2,7.818633798993168,0.0,17,0.98,19.09,10,0,1
2023-10-16,SKU0023,4,Apparel,679,0,6.428571428571429,3.0,6.5705718010766105,226.33333333333334,17,0.98,19.09,10,0,0
2023-10-23,SKU0023,4,Apparel,547,0,18.857142857142858,5.9,8.782231277237935,92.71186440677965,17,0.98,19.09,10,0,0
2023-10-30,SKU0023,4,Apparel,417,724,18.571428571428573,10.233333333333333,9.786279393508845,40.74918566775245,17,0.98,19.09,10,0,0
2023-11-06,SKU0023,4,Apparel,238,724,25.571428571428573,16.2,9.837998114278715,14.69135802469136,17,0.98,19.09,11,0,0
2023-11-13,SKU0023,4,Apparel,68,724,24.285714285714285,21.466666666666665,5.667410363639197,3.1677018633540377,17,0.98,19.09,11,0,0
2023-11-20,SKU0023,4,Apparel,611,0,25.857142857142858,23.366666666666667,6.12222256990076,26.14835948644793,17,0.98,19.09,11,0,0
2023-11-27,SKU0023,4,Apparel,421,724,27.142857142857142,25.4,5.262751345459704,16.5748031496063,17,0.98,19.09,11,0,0
2023-12-04,SKU0023,4,Apparel,246,724,25.0,25.866666666666667,5.787819155322033,9.510309278350515,17,0.98,19.09,12,0,0
2023-12-11,SKU0023,4,Apparel,88,724,22.571428571428573,25.3,5.6820952910481655,3.4782608695652173,17,0.98,19.09,12,0,0
2023-12-18,SKU0023,4,Apparel,637,0,25.0,24.766666666666666,5.550292526204072,25.720053835800808,17,0.98,19.09,12,0,0
2023-01-30,SKU0024,1,Electronics,237,0,19.714285714285715,20.266666666666666,5.6381296319902425,11.694078947368421,5,0.95,279.53,1,0,0
2023-02-06,SKU0024,1,Electronics,54,201,26.142857142857142,21.4,5.986191005858456,2.5233644859813085,5,0.95,279.53,2,0,0
2023-02-13,SKU0024,1,Electronics,76,201,25.571428571428573,23.033333333333335,5.372235990742574,3.2995658465991315,5,0.95,279.53,2,0,0
2023-02-20,SKU0024,1,Electronics,81,201,28.0,25.066666666666666,5.632010318694825,3.231382978723404,5,0.95,279.53,2,0,0
2023-02-27,SKU0024,1,Electronics,108,201,24.857142857142858,25.466666666666665,4.739659040067321,4.2408376963350785,5,0.95,279.53,2,0,0
2023-03-06,SKU0024,1,Electronics,153,201,22.285714285714285,25.5,4.477915155284986,6.0,5,0.95,279.53,3,0,0
2023-03-13,SKU0024,1,Electronics,186,0,24.0,24.866666666666667,4.854669514184664,7.479892761394102,5,0.95,279.53,3,0,0
2023-03-20,SKU0024,1,Electronics,214,0,24.714285714285715,24.033333333333335,4.021351062493309,8.904299583911234,5,0.95,279.53,3,0,0
2023-03-27,SKU0024,1,Electronics,214,0,28.714285714285715,24.666666666666668,5.033222956847163,8.675675675675675,5,0.95,279.53,3,0,0
2023-04-03,SKU0024,1,Electronics,239,0,25.142857142857142,25.233333333333334,4.945798170187481,9.471598414795244,5,0.95,279.53,4,0,0
2023-04-10,SKU0024,1,Electronics,76,201,23.285714285714285,25.433333333333334,5.379932914165331,2.988204456094364,5,0.95,279.53,4,0,0
2023-04-17,SKU0024,1,Electronics,94,201,26.142857142857142,25.866666666666667,5.876506898943729,3.634020618556701,5,0.95,279.53,4,0,0
2023-04-24,SKU0024,1,Electronics,139,201,22.285714285714285,24.5,5.54449089730922,5.673469387755102,5,0.95,279.53,4,0,0
2023-05-01,SKU0024,1,Electronics,167,0,24.714285714285715,24.2,5.797740344603944,6.900826446280992,5,0.95,279.53,5,0,0
2023-05-08,SKU0024,1,Electronics,210,0,22.571428571428573,23.666666666666668,5.868286087879102,8.873239436619718,5,0.95,279.53,5,0,0
2023-05-15,SKU0024,1,Electronics,46,201,23.428571428571427,23.733333333333334,5.476805848197522,1.9382022471910112,5,0.95,279.53,5,0,1
2023-05-22,SKU0024,1,Electronics,114,201,19.0,22.233333333333334,6.906685084074327,5.127436281859071,5,0.95,279.53,5,0,0
2023-05-29,SKU0024,1,Electronics,126,201,27.0,23.0,7.834494900427698,5.478260869565218,5,0.95,279.53,5,0,0
2023-06-05,SKU0024,1,Electronics,174,0,21.857142857142858,22.966666666666665,7.485541619237273,7.5761973875181425,5,0.95,279.53,6,0,0
2023-06-12,SKU0024,1,Electronics,224,0,21.571428571428573,22.133333333333333,7.421930845222452,10.120481927710843,5,0.95,279.53,6,0,0
2023-06-19,SKU0024,1,Electronics,246,0,25.571428571428573,23.7,5.972061389619106,10.379746835443038,5,0.95,279.53,6,0,0
2023-06-26,SKU0024,1,Electronics,68,201,25.428571428571427,23.666666666666668,5.019502196318931,2.873239436619718,5,0.95,279.53,6,0,0
2023-07-03,SKU0024,1,Electronics,104,201,23.571428571428573,23.866666666666667,4.717782451996679,4.35754189944134,5,0.95,279.53,7,0,1
2023-07-10,SKU0024,1,Electronics,0,201,14.857142857142858,22.2,7.975825543694421,0.0,5,0.95,279.53,7,0,1
2023-07-17,SKU0024,1,Electronics,245,0,22.428571428571427,21.966666666666665,8.864821344576807,11.153262518968134,5,0.95,279.53,7,0,0
2023-07-24,SKU0024,1,Electronics,71,201,24.857142857142858,21.833333333333332,8.654611421119663,3.251908396946565,5,0.95,279.53,7,0,0
2023-07-31,SKU0024,1,Electronics,114,201,22.571428571428573,21.666666666666668,8.860346896506762,5.2615384615384615,5,0.95,279.53,7,0,0
2023-08-07,SKU0024,1,Electronics,168,0,21.0,21.2,8.519349173782459,7.9245283018867925,5,0.95,279.53,8,0,0
2023-08-14,SKU0024,1,Electronics,206,0,23.285714285714285,23.166666666666668,4.601973589617863,8.892086330935252,5,0.95,279.53,8,0,0
2023-08-21,SKU0024,1,Electronics,229,0,25.428571428571427,23.166666666666668,4.54163371284049,9.884892086330934,5,0.95,279.53,8,0,0
2023-08-28,SKU0024,1,Electronics,67,201,23.142857142857142,22.933333333333334,4.630731924968196,2.921511627906977,5,0.95,279.53,8,0,0
2023-09-04,SKU0024,1,Electronics,97,201,24.428571428571427,23.866666666666667,4.967017653261978,4.064245810055866,5,0.95,279.53,9,0,0
2023-09-11,SKU0024,1,Electronics,127,201,24.428571428571427,24.466666666666665,5.835287029156635,5.190735694822888,5,0.95,279.53,9,0,0
2023-09-18,SKU0024,1,Electronics,132,201,28.0,24.866666666666667,5.817531964752707,5.3083109919571045,5,0.95,279.53,9,0,0
2023-09-25,SKU0024,1,Electronics,144,201,27.0,25.7,5.778378247606649,5.603112840466927,5,0.95,279.53,9,0,0
2023-10-02,SKU0024,1,Electronics,160,0,26.428571428571427,26.466666666666665,5.184415195520133,6.045340050377834,5,0.95,279.53,10,0,0
2023-10-09,SKU0024,1,Electronics,190,0,24.428571428571427,25.8,5.121960831421943,7.364341085271318,5,0.95,279.53,10,0,0
2023-10-16,SKU0024,1,Electronics,217,0,24.857142857142858,25.733333333333334,5.34295109810875,8.432642487046632,5,0.95,279.53,10,0,0
2023-10-23,SKU0024,1,Electronics,236,0,26.0,25.466666666666665,6.637060698279291,9.267015706806284,5,0.95,279.53,10,0,0
2023-10-30,SKU0024,1,Electronics,254,0,26.142857142857142,25.333333333333332,7.1599139531206575,10.026315789473685,5,0.95,279.53,10,0,0
2023-11-06,SKU0024,1,Electronics,181,0,39.142857142857146,28.866666666666667,9.626591523889221,6.2702078521939955,5,0.95,279.53,11,0,1
2023-11-13,SKU0024,1,Electronics,69,201,44.714285714285715,33.2,12.890520441059731,2.078313253012048,5,0.95,279.53,11,0,1
2023-11-20,SKU0024,1,Electronics,0,201,38.57142857142857,36.1,12.16651708300423,0.0,5,0.95,279.53,11,0,0
2023-11-27,SKU0024,1,Electronics,145,0,36.714285714285715,38.9,10.117754964281382,3.7275064267352187,5,0.95,279.53,11,0,1
2023-12-04,SKU0024,1,Electronics,70,201,39.42857142857143,39.86666666666667,12.161934207935843,1.7558528428093645,5,0.95,279.53,12,0,1
2023-12-11,SKU0024,1,Electronics,0,201,38.714285714285715,39.166666666666664,13.109836615761205,0.0,5,0.95,279.53,12,0,1
2023-12-18,SKU0024,1,Electronics,98,201,43.42857142857143,39.53333333333333,15.108192190476233,2.478920741989882,5,0.95,279.53,12,0,1
2023-01-30,SKU0024,2,Electronics,188,0,11.0,11.633333333333333,3.438958676926665,16.160458452722064,5,0.95,279.53,1,0,0
2023-02-06,SKU0024,2,Electronics,97,0,13.0,11.966666666666667,3.368037731516608,8.105849582172702,5,0.95,279.53,2,0,0
2023-02-13,SKU0024,2,Electronics,183,0,12.571428571428571,12.3,3.5443009135113286,14.878048780487804,5,0.95,279.53,2,0,0
2023-02-20,SKU0024,2,Electronics,89,0,13.428571428571429,12.4,3.935689923306178,7.177419354838709,5,0.95,279.53,2,0,0
2023-02-27,SKU0024,2,Electronics,159,0,14.857142857142858,13.2,4.180414102569925,12.045454545454547,5,0.95,279.53,2,0,0
2023-03-06,SKU0024,2,Electronics,66,174,13.285714285714286,13.566666666666666,4.280536006827547,4.864864864864865,5,0.95,279.53,3,0,0
2023-03-13,SKU0024,2,Electronics,149,0,13.0,13.8,3.960146287789082,10.797101449275361,5,0.95,279.53,3,0,0
2023-03-20,SKU0024,2,Electronics,59,174,12.857142857142858,13.366666666666667,4.029916858330637,4.413965087281795,5,0.95,279.53,3,0,0
2023-03-27,SKU0024,2,Electronics,134,0,14.142857142857142,13.5,3.6459708512652504,9.925925925925926,5,0.95,279.53,3,0,0
2023-04-03,SKU0024,2,Electronics,45,174,12.714285714285714,13.166666666666666,3.7882152410658607,3.4177215189873418,5,0.95,279.53,4,0,0
2023-04-10,SKU0024,2,Electronics,127,0,13.142857142857142,13.133333333333333,3.8482717422628627,9.67005076142132,5,0.95,279.53,4,0,0
2023-04-17,SKU0024,2,Electronics,27,174,14.285714285714286,13.333333333333334,3.717000397366536,2.025,5,0.95,279.53,4,0,0
2023-04-24,SKU0024,2,Electronics,89,0,16.0,14.3,4.227577769018974,6.223776223776223,5,0.95,279.53,4,0,0
2023-05-01,SKU0024,2,Electronics,165,0,14.0,13.866666666666667,4.3210258466961395,11.899038461538462,5,0.95,279.53,5,0,0
2023-05-08,SKU0024,2,Electronics,63,174,14.571428571428571,14.466666666666667,4.3607444265885364,4.354838709677419,5,0.95,279.53,5,0,0
2023-05-15,SKU0024,2,Electronics,132,0,15.0,14.733333333333333,4.510014399650789,8.959276018099548,5,0.95,279.53,5,0,0
2023-05-22,SKU0024,2,Electronics,31,174,14.428571428571429,14.666666666666666,4.011477785428768,2.1136363636363638,5,0.95,279.53,5,0,0
2023-05-29,SKU0024,2,Electronics,114,0,13.0,14.2,4.3896429828906784,8.028169014084508,5,0.95,279.53,5,0,0
2023-06-05,SKU0024,2,Electronics,187,0,14.428571428571429,14.133333333333333,4.248596793371157,13.231132075471699,5,0.95,279.53,6,0,0
2023-06-12,SKU0024,2,Electronics,61,174,18.0,14.8,4.405325930248989,4.121621621621621,5,0.95,279.53,6,0,0
2023-06-19,SKU0024,2,Electronics,149,0,12.285714285714286,14.433333333333334,4.753824836351528,10.323325635103926,5,0.95,279.53,6,0,0
2023-06-26,SKU0024,2,Electronics,57,174,13.142857142857142,14.3,4.519307240167953,3.986013986013986,5,0.95,279.53,6,0,0
2023-07-03,SKU0024,2,Electronics,161,0,10.0,13.333333333333334,4.505424572081155,12.075,5,0.95,279.53,7,0,0
2023-07-10,SKU0024,2,Electronics,47,174,16.285714285714285,13.066666666666666,4.820454502346788,3.5969387755102042,5,0.95,279.53,7,0,1
2023-07-17,SKU0024,2,Electronics,116,0,15.0,13.566666666666666,4.924837356553591,8.550368550368551,5,0.95,279.53,7,0,0
2023-07-24,SKU0024,2,Electronics,191,0,14.142857142857142,13.933333333333334,5.112077203381551,13.708133971291867,5,0.95,279.53,7,0,0
2023-07-31,SKU0024,2,Electronics,87,0,14.857142857142858,14.633333333333333,4.708637209195044,5.945330296127563,5,0.95,279.53,7,0,0
2023-08-07,SKU0024,2,Electronics,163,0,14.0,15.033333333333333,3.934667609265399,10.842572062084257,5,0.95,279.53,8,0,0
2023-08-14,SKU0024,2,Electronics,74,0,12.714285714285714,14.166666666666666,3.0970879908372804,5.223529411764706,5,0.95,279.53,8,0,0
2023-08-21,SKU0024,2,Electronics,138,0,15.714285714285714,14.366666666666667,3.378260451498806,9.605568445475638,5,0.95,279.53,8,0,0
2023-08-28,SKU0024,2,Electronics,59,174,11.285714285714286,13.433333333333334,3.7295033720723256,4.392059553349876,5,0.95,279.53,8,0,0
2023-09-04,SKU0024,2,Electronics,129,0,14.857142857142858,13.733333333333333,4.362325647802014,9.393203883495147,5,0.95,279.53,9,0,0
2023-09-11,SKU0024,2,Electronics,36,174,13.285714285714286,13.966666666666667,4.521849891004964,2.5775656324582337,5,0.95,279.53,9,0,0
2023-09-18,SKU0024,2,Electronics,104,0,15.142857142857142,13.4,3.811054700609068,7.7611940298507465,5,0.95,279.53,9,0,0
2023-09-25,SKU0024,2,Electronics,189,0,12.714285714285714,13.733333333333333,3.7502490338765435,13.762135922330097,5,0.95,279.53,9,0,0
2023-10-02,SKU0024,2,Electronics,79,0,15.714285714285714,14.0,3.4938369383421617,5.642857142857143,5,0.95,279.53,10,0,0
2023-10-09,SKU0024,2,Electronics,160,0,13.285714285714286,14.233333333333333,3.390487029742271,11.241217798594848,5,0.95,279.53,10,0,0
2023-10-16,SKU0024,2,Electronics,48,174,16.0,14.4,3.509592765451618,3.333333333333333,5,0.95,279.53,10,0,0
2023-10-23,SKU0024,2,Electronics,124,0,14.0,14.666666666666666,3.584769827010329,8.454545454545455,5,0.95,279.53,10,0,0
2023-10-30,SKU0024,2,Electronics,193,0,15.0,14.866666666666667,3.8303086517689504,12.982062780269057,5,0.95,279.53,10,0,0
2023-11-06,SKU0024,2,Electronics,45,174,21.142857142857142,16.266666666666666,5.362277779871695,2.766393442622951,5,0.95,279.53,11,0,1
2023-11-13,SKU0024,2,Electronics,50,174,24.142857142857142,18.3,6.497479617460164,2.73224043715847,5,0.95,279.53,11,0,1
2023-11-20,SKU0024,2,Electronics,76,0,21.142857142857142,19.866666666666667,7.35659841434103,3.825503355704698,5,0.95,279.53,11,0,1
2023-11-27,SKU0024,2,Electronics,108,0,20.285714285714285,21.133333333333333,8.011772946553487,5.110410094637224,5,0.95,279.53,11,0,1
2023-12-04,SKU0024,2,Electronics,125,0,22.428571428571427,21.8,8.531483276462048,5.73394495412844,5,0.95,279.53,12,0,1
2023-12-11,SKU0024,2,Electronics,155,0,20.571428571428573,21.466666666666665,8.830719630664433,7.220496894409939,5,0.95,279.53,12,0,1
2023-12-18,SKU0024,2,Electronics,0,174,22.142857142857142,21.833333333333332,10.103203088312046,0.0,5,0.95,279.53,12,0,1
2023-01-30,SKU0024,3,Electronics,90,223,15.142857142857142,13.333333333333334,5.114774632398761,6.75,5,0.95,279.53,1,0,0
2023-02-06,SKU0024,3,Electronics,194,0,17.0,14.466666666666667,5.6977511191778065,13.410138248847927,5,0.95,279.53,2,0,0
2023-02-13,SKU0024,3,Electronics,70,223,17.714285714285715,15.266666666666667,5.912775958907109,4.585152838427947,5,0.95,279.53,2,0,0
2023-02-20,SKU0024,3,Electronics,181,0,16.0,16.266666666666666,4.4870183121236895,11.12704918032787,5,0.95,279.53,2,0,0
2023-02-27,SKU0024,3,Electronics,62,223,17.0,16.766666666666666,4.384009606500088,3.697813121272366,5,0.95,279.53,2,0,0
2023-03-06,SKU0024,3,Electronics,160,0,17.857142857142858,17.3,3.9317452472986045,9.248554913294797,5,0.95,279.53,3,0,0
2023-03-13,SKU0024,3,Electronics,23,223,19.571428571428573,17.366666666666667,3.9782454400915475,1.3243761996161227,5,0.95,279.53,3,0,0
2023-03-20,SKU0024,3,Electronics,143,0,14.714285714285714,17.133333333333333,4.25670532570497,8.346303501945526,5,0.95,279.53,3,0,0
2023-03-27,SKU0024,3,Electronics,29,223,16.285714285714285,17.166666666666668,4.828673933288825,1.6893203883495145,5,0.95,279.53,3,0,1
2023-04-03,SKU0024,3,Electronics,151,0,14.428571428571429,16.3,5.995112952259099,9.263803680981594,5,0.95,279.53,4,0,0
2023-04-10,SKU0024,3,Electronics,241,0,19.0,16.266666666666666,5.812788121644072,14.815573770491804,5,0.95,279.53,4,0,0
2023-04-17,SKU0024,3,Electronics,117,0,17.714285714285715,16.4,6.02065410583177,7.134146341463415,5,0.95,279.53,4,0,0
2023-04-24,SKU0024,3,Electronics,215,0,17.857142857142858,17.2,5.886278608940369,12.5,5,0.95,279.53,4,0,0
2023-05-01,SKU0024,3,Electronics,76,223,19.857142857142858,18.466666666666665,4.5617097016687564,4.115523465703972,5,0.95,279.53,5,0,0
2023-05-08,SKU0024,3,Electronics,176,0,17.571428571428573,18.366666666666667,4.5598195164927855,9.582577132486389,5,0.95,279.53,5,0,0
2023-05-15,SKU0024,3,Electronics,45,223,18.714285714285715,18.433333333333334,4.344503728123405,2.4412296564195297,5,0.95,279.53,5,0,0
2023-05-22,SKU0024,3,Electronics,127,0,20.142857142857142,19.033333333333335,4.13132134939344,6.672504378283712,5,0.95,279.53,5,0,0
2023-05-29,SKU0024,3,Electronics,234,0,16.571428571428573,18.033333333333335,3.95215640250801,12.97597042513863,5,0.95,279.53,5,0,0
2023-06-05,SKU0024,3,Electronics,112,0,17.428571428571427,18.2,4.444291185097017,6.153846153846154,5,0.95,279.53,6,0,0
2023-06-12,SKU0024,3,Electronics,204,0,18.714285714285715,18.0,4.741598741003888,11.333333333333334,5,0.95,279.53,6,0,0
2023-06-19,SKU0024,3,Electronics,69,223,19.285714285714285,18.066666666666666,4.791755371492778,3.819188191881919,5,0.95,279.53,6,0,0
2023-06-26,SKU0024,3,Electronics,171,0,17.285714285714285,18.066666666666666,4.791755371492778,9.464944649446494,5,0.95,279.53,6,0,0
2023-07-03,SKU0024,3,Electronics,51,223,17.142857142857142,17.966666666666665,4.342916018095433,2.8385899814471247,5,0.95,279.53,7,0,0
2023-07-10,SKU0024,3,Electronics,156,0,16.857142857142858,17.833333333333332,3.913577896761862,8.74766355140187,5,0.95,279.53,7,0,0
2023-07-17,SKU0024,3,Electronics,67,223,12.714285714285714,16.233333333333334,4.352433590638636,4.1273100616016425,5,0.95,279.53,7,0,0
2023-07-24,SKU0024,3,Electronics,166,0,17.714285714285715,16.1,4.365618019210471,10.310559006211179,5,0.95,279.53,7,0,0
2023-07-31,SKU0024,3,Electronics,38,223,18.285714285714285,16.566666666666666,4.789955966490666,2.2937625754527162,5,0.95,279.53,7,0,0
2023-08-07,SKU0024,3,Electronics,155,0,15.142857142857142,16.2,5.019960159204452,9.567901234567902,5,0.95,279.53,8,0,0
2023-08-14,SKU0024,3,Electronics,42,223,16.142857142857142,16.933333333333334,4.615814892999587,2.4803149606299213,5,0.95,279.53,8,0,0
2023-08-21,SKU0024,3,Electronics,147,0,16.857142857142858,16.4,4.620792587633752,8.963414634146343,5,0.95,279.53,8,0,0
2023-08-28,SKU0024,3,Electronics,237,0,19.0,17.033333333333335,4.7232610982560415,13.913894324853228,5,0.95,279.53,8,0,0
2023-09-04,SKU0024,3,Electronics,127,0,15.714285714285714,17.033333333333335,4.114594154648946,7.455968688845401,5,0.95,279.53,9,0,0
2023-09-11,SKU0024,3,Electronics,228,0,17.428571428571427,17.233333333333334,4.492778368811931,13.23017408123791,5,0.95,279.53,9,0,0
2023-09-18,SKU0024,3,Electronics,83,223,20.714285714285715,18.133333333333333,5.015378648567405,4.577205882352941,5,0.95,279.53,9,0,0
2023-09-25,SKU0024,3,Electronics,194,0,16.0,17.733333333333334,5.1923905419594485,10.93984962406015,5,0.95,279.53,9,0,0
2023-10-02,SKU0024,3,Electronics,58,223,19.428571428571427,18.033333333333335,5.473971850136975,3.2162661737523104,5,0.95,279.53,10,0,1
2023-10-09,SKU0024,3,Electronics,0,223,8.285714285714286,16.066666666666666,8.081197134486743,0.0,5,0.95,279.53,10,0,1
2023-10-16,SKU0024,3,Electronics,115,0,15.428571428571429,15.133333333333333,8.007467778885218,7.599118942731278,5,0.95,279.53,10,0,0
2023-10-23,SKU0024,3,Electronics,244,0,13.428571428571429,14.066666666666666,7.610941911590775,17.345971563981042,5,0.95,279.53,10,0,0
2023-10-30,SKU0024,3,Electronics,136,0,15.428571428571429,13.3,7.1878729288558745,10.225563909774436,5,0.95,279.53,10,0,1
2023-11-06,SKU0024,3,Electronics,191,0,24.0,15.933333333333334,9.878340406940946,11.98744769874477,5,0.95,279.53,11,0,1
2023-11-13,SKU0024,3,Electronics,0,223,27.285714285714285,20.066666666666666,11.599445091761146,0.0,5,0.95,279.53,11,0,0
2023-11-20,SKU0024,3,Electronics,7,223,30.857142857142858,23.5,12.184642680086256,0.2978723404255319,5,0.95,279.53,11,0,1
2023-11-27,SKU0024,3,Electronics,96,0,19.142857142857142,24.6,13.278450262711782,3.902439024390244,5,0.95,279.53,11,0,1
2023-12-04,SKU0024,3,Electronics,132,0,26.714285714285715,25.333333333333332,13.590902975084518,5.210526315789474,5,0.95,279.53,12,0,1
2023-12-11,SKU0024,3,Electronics,154,0,28.714285714285715,25.166666666666668,13.06240547455213,6.119205298013244,5,0.95,279.53,12,0,1
2023-12-18,SKU0024,3,Electronics,186,0,27.285714285714285,25.733333333333334,13.15408244833031,7.227979274611399,5,0.95,279.53,12,0,1
2023-01-30,SKU0024,4,Electronics,55,0,4.0,4.6,2.159182476197239,11.956521739130435,5,0.95,279.53,1,0,0
2023-02-06,SKU0024,4,Electronics,25,67,4.285714285714286,4.666666666666667,2.1866890943621358,5.357142857142857,5,0.95,279.53,2,0,0
2023-02-13,SKU0024,4,Electronics,50,0,6.0,5.033333333333333,2.2664469129444447,9.933774834437086,5,0.95,279.53,2,0,0
2023-02-20,SKU0024,4,Electronics,74,0,6.142857142857143,5.1,2.630720368106883,14.50980392156863,5,0.95,279.53,2,0,0
2023-02-27,SKU0024,4,Electronics,48,0,3.7142857142857144,5.033333333333333,2.413801313614937,9.536423841059603,5,0.95,279.53,2,0,0
2023-03-06,SKU0024,4,Electronics,77,0,5.428571428571429,5.133333333333334,2.501493806581942,14.999999999999998,5,0.95,279.53,3,0,0
2023-03-13,SKU0024,4,Electronics,27,67,7.142857142857143,5.533333333333333,2.5961952709797216,4.879518072289157,5,0.95,279.53,3,0,0
2023-03-20,SKU0024,4,Electronics,64,0,4.285714285714286,5.266666666666667,2.8639655812482654,12.151898734177216,5,0.95,279.53,3,0,0
2023-03-27,SKU0024,4,Electronics,34,67,4.285714285714286,5.166666666666667,2.7678366173294777,6.580645161290322,5,0.95,279.53,3,0,0
2023-04-03,SKU0024,4,Electronics,62,0,5.571428571428571,5.266666666666667,3.321127076381039,11.772151898734178,5,0.95,279.53,4,0,0
2023-04-10,SKU0024,4,Electronics,31,67,4.428571428571429,4.833333333333333,3.130311577896463,6.413793103448277,5,0.95,279.53,4,0,0
2023-04-17,SKU0024,4,Electronics,58,0,5.714285714285714,5.2,3.078288821563942,11.153846153846153,5,0.95,279.53,4,0,0
2023-04-24,SKU0024,4,Electronics,9,67,7.0,5.4,3.479992072920025,1.6666666666666665,5,0.95,279.53,4,0,0
2023-05-01,SKU0024,4,Electronics,43,0,4.714285714285714,5.7,3.302559091329653,7.5438596491228065,5,0.95,279.53,5,0,0
2023-05-08,SKU0024,4,Electronics,87,0,3.2857142857142856,5.233333333333333,2.860953944275296,16.62420382165605,5,0.95,279.53,5,0,0
2023-05-15,SKU0024,4,Electronics,61,0,3.7142857142857144,4.866666666666666,2.9329675843034337,12.534246575342467,5,0.95,279.53,5,0,0
2023-05-22,SKU0024,4,Electronics,27,67,4.857142857142857,4.4,2.3722534027579254,6.136363636363636,5,0.95,279.53,5,0,0
2023-05-29,SKU0024,4,Electronics,51,0,6.142857142857143,4.533333333333333,2.2550071998253958,11.25,5,0.95,279.53,5,0,0
2023-06-05,SKU0024,4,Electronics,87,0,4.428571428571429,4.666666666666667,2.4821199689438647,18.642857142857142,5,0.95,279.53,6,0,0
2023-06-12,SKU0024,4,Electronics,45,0,6.0,5.266666666666667,2.7156422156974527,8.544303797468354,5,0.95,279.53,6,0,0
2023-06-19,SKU0024,4,Electronics,65,0,6.714285714285714,5.8,2.940795107121368,11.206896551724139,5,0.95,279.53,6,0,0
2023-06-26,SKU0024,4,Electronics,25,67,5.714285714285714,5.833333333333333,3.249226256259762,4.285714285714286,5,0.95,279.53,6,0,0
2023-07-03,SKU0024,4,Electronics,36,0,8.0,6.2,3.4481379282757536,5.806451612903226,5,0.95,279.53,7,0,0
2023-07-10,SKU0024,4,Electronics,66,0,5.285714285714286,6.666666666666667,2.998083679140136,9.9,5,0.95,279.53,7,0,0
2023-07-17,SKU0024,4,Electronics,32,67,4.857142857142857,5.933333333333334,2.6513930409260857,5.393258426966292,5,0.95,279.53,7,0,0
2023-07-24,SKU0024,4,Electronics,66,0,4.714285714285714,5.7,2.479571709402448,11.578947368421053,5,0.95,279.53,7,0,0
2023-07-31,SKU0024,4,Electronics,40,0,3.7142857142857144,4.7,1.9502431324996556,8.51063829787234,5,0.95,279.53,7,0,0
2023-08-07,SKU0024,4,Electronics,73,0,4.857142857142857,4.633333333333334,1.9025089303036287,15.755395683453235,5,0.95,279.53,8,0,0
2023-08-14,SKU0024,4,Electronics,44,0,4.142857142857143,4.4,1.8307714597761873,10.0,5,0.95,279.53,8,0,0
2023-08-21,SKU0024,4,Electronics,78,0,4.714285714285714,4.533333333333333,2.0126039631889023,17.205882352941178,5,0.95,279.53,8,0,0
2023-08-28,SKU0024,4,Electronics,41,0,5.285714285714286,4.633333333333334,2.1251098686945546,8.848920863309353,5,0.95,279.53,8,0,0
2023-09-04,SKU0024,4,Electronics,75,0,4.714285714285714,4.766666666666667,2.079179767539865,15.734265734265735,5,0.95,279.53,9,0,0
2023-09-11,SKU0024,4,Electronics,48,0,3.857142857142857,4.533333333333333,2.1929877797878508,10.588235294117647,5,0.95,279.53,9,0,0
2023-09-18,SKU0024,4,Electronics,82,0,4.714285714285714,4.566666666666666,2.0117471105438693,17.956204379562045,5,0.95,279.53,9,0,0
2023-09-25,SKU0024,4,Electronics,42,0,5.714285714285714,4.7,2.1196941874421085,8.936170212765957,5,0.95,279.53,9,0,0
2023-10-02,SKU0024,4,Electronics,68,0,5.857142857142857,5.066666666666666,1.9464084224865132,13.421052631578949,5,0.95,279.53,10,0,0
2023-10-09,SKU0024,4,Electronics,43,0,3.5714285714285716,4.9,1.9887615276329897,8.775510204081632,5,0.95,279.53,10,0,0
2023-10-16,SKU0024,4,Electronics,62,0,6.857142857142857,5.5,2.3006745637477426,11.272727272727273,5,0.95,279.53,10,0,0
2023-10-23,SKU0024,4,Electronics,29,67,4.714285714285714,5.233333333333333,2.555363977493474,5.54140127388535,5,0.95,279.53,10,0,0
2023-10-30,SKU0024,4,Electronics,42,0,7.714285714285714,5.733333333333333,2.753472207123636,7.325581395348837,5,0.95,279.53,10,0,0
2023-11-06,SKU0024,4,Electronics,56,0,7.571428571428571,6.333333333333333,3.0887262560896347,8.842105263157896,5,0.95,279.53,11,0,0
2023-11-13,SKU0024,4,Electronics,65,0,8.285714285714286,6.9,2.8082391095759194,9.420289855072463,5,0.95,279.53,11,0,1
2023-11-20,SKU0024,4,Electronics,57,0,10.714285714285714,8.366666666666667,2.906394060822045,6.812749003984063,5,0.95,279.53,11,0,1
2023-11-27,SKU0024,4,Electronics,55,0,9.857142857142858,9.0,3.2270409206343094,6.111111111111111,5,0.95,279.53,11,0,1
2023-12-04,SKU0024,4,Electronics,52,0,10.0,9.633333333333333,3.6244698383619456,5.397923875432526,5,0.95,279.53,12,0,0
2023-12-11,SKU0024,4,Electronics,45,0,10.571428571428571,10.133333333333333,3.8482717422628725,4.440789473684211,5,0.95,279.53,12,0,1
2023-12-18,SKU0024,4,Electronics,43,0,9.857142857142858,10.1,3.707866753548331,4.257425742574258,5,0.95,279.53,12,0,1
2023-01-30,SKU0025,1,Garden,1034,0,10.285714285714286,12.166666666666666,3.9573879693845893,84.98630136986301,10,0.94,40.89,1,0,0
2023-02-06,SKU0025,1,Garden,823,0,30.142857142857142,15.8,9.030217471700606,52.088607594936704,10,0.94,40.89,2,0,0
2023-02-13,SKU0025,1,Garden,580,0,34.714285714285715,20.833333333333332,11.959942720810055,27.84,10,0.94,40.89,2,0,0
2023-02-20,SKU0025,1,Garden,357,641,31.857142857142858,25.7,11.468547693884197,13.891050583657588,10,0.94,40.89,2,0,0
2023-02-27,SKU0025,1,Garden,776,0,31.714285714285715,30.633333333333333,7.997772678445662,25.331882480957564,10,0.94,40.89,2,0,0
2023-03-06,SKU0025,1,Garden,547,0,32.714285714285715,32.666666666666664,5.779472194809368,16.744897959183675,10,0.94,40.89,3,0,0
2023-03-13,SKU0025,1,Garden,313,641,33.42857142857143,32.43333333333333,5.911317802395626,9.650565262076054,10,0.94,40.89,3,0,0
2023-03-20,SKU0025,1,Garden,729,0,32.142857142857146,32.3,6.341706503718873,22.56965944272446,10,0.94,40.89,3,0,0
2023-03-27,SKU0025,1,Garden,501,641,32.57142857142857,32.4,7.421311344295255,15.462962962962964,10,0.94,40.89,3,0,0
2023-04-03,SKU0025,1,Garden,220,641,40.142857142857146,34.53333333333333,7.9772665499653,6.370656370656371,10,0.94,40.89,4,0,0
2023-04-10,SKU0025,1,Garden,447,641,59.142857142857146,40.86666666666667,13.979623924035687,10.938009787928221,10,0.94,40.89,4,0,0
2023-04-17,SKU0025,1,Garden,14,641,61.857142857142854,47.56666666666667,15.183210630741803,0.2943237561317449,10,0.94,40.89,4,0,1
2023-04-24,SKU0025,1,Garden,288,641,52.42857142857143,51.46666666666667,16.02957037592652,5.595854922279792,10,0.94,40.89,4,0,1
2023-05-01,SKU0025,1,Garden,499,0,61.42857142857143,57.7,13.908940315123022,8.648180242634314,10,0.94,40.89,5,0,0
2023-05-08,SKU0025,1,Garden,37,641,66.0,60.666666666666664,13.073620012448139,0.6098901098901099,10,0.94,40.89,5,0,1
2023-05-15,SKU0025,1,Garden,302,641,53.714285714285715,58.46666666666667,17.806882306323693,5.165336374002281,10,0.94,40.89,5,0,1
2023-05-22,SKU0025,1,Garden,0,641,43.142857142857146,55.63333333333333,22.646432821533487,0.0,10,0.94,40.89,5,0,1
2023-05-29,SKU0025,1,Garden,318,641,46.142857142857146,53.5,26.790052193896965,5.94392523364486,10,0.94,40.89,5,0,1
2023-06-05,SKU0025,1,Garden,0,641,45.42857142857143,47.86666666666667,28.45048127989175,0.0,10,0.94,40.89,6,0,1
2023-06-12,SKU0025,1,Garden,441,641,28.571428571428573,42.86666666666667,30.027267301724194,10.287713841368584,10,0.94,40.89,6,0,0
2023-06-19,SKU0025,1,Garden,18,641,60.42857142857143,42.13333333333333,28.937189212849084,0.4272151898734177,10,0.94,40.89,6,0,0
2023-06-26,SKU0025,1,Garden,267,641,56.0,48.63333333333333,23.13153293865224,5.490061686086361,10,0.94,40.89,6,0,0
2023-07-03,SKU0025,1,Garden,579,0,47.0,45.03333333333333,21.648418487005124,12.857142857142858,10,0.94,40.89,7,0,0
2023-07-10,SKU0025,1,Garden,263,641,45.142857142857146,51.833333333333336,9.454367111090168,5.073954983922829,10,0.94,40.89,7,0,1
2023-07-17,SKU0025,1,Garden,0,641,37.57142857142857,47.4,13.865362449718662,0.0,10,0.94,40.89,7,0,1
2023-07-24,SKU0025,1,Garden,465,641,25.142857142857142,39.96666666666667,18.67781891817751,11.634695579649707,10,0.94,40.89,7,0,0
2023-07-31,SKU0025,1,Garden,133,641,47.42857142857143,38.96666666666667,18.016244266529696,3.413173652694611,10,0.94,40.89,7,0,0
2023-08-07,SKU0025,1,Garden,524,0,35.714285714285715,36.93333333333333,17.822754408694625,14.187725631768954,10,0.94,40.89,8,0,0
2023-08-14,SKU0025,1,Garden,305,641,31.285714285714285,32.86666666666667,16.734711671034074,9.279918864097363,10,0.94,40.89,8,0,0
2023-08-21,SKU0025,1,Garden,701,0,35.0,37.63333333333333,8.547971460642225,18.62710363153233,10,0.94,40.89,8,0,0
2023-08-28,SKU0025,1,Garden,468,641,33.285714285714285,34.266666666666666,6.236341397244765,13.657587548638134,10,0.94,40.89,8,0,0
2023-09-04,SKU0025,1,Garden,224,641,34.857142857142854,33.96666666666667,6.890690037681467,6.594700686947988,10,0.94,40.89,9,0,0
2023-09-11,SKU0025,1,Garden,653,0,30.285714285714285,32.9,7.106820424896393,19.848024316109424,10,0.94,40.89,9,0,0
2023-09-18,SKU0025,1,Garden,435,641,31.142857142857142,32.4,7.47224750383853,13.425925925925927,10,0.94,40.89,9,0,0
2023-09-25,SKU0025,1,Garden,206,641,32.714285714285715,32.06666666666667,7.301078490636659,6.4241164241164235,10,0.94,40.89,9,0,0
2023-10-02,SKU0025,1,Garden,635,0,30.285714285714285,31.1,6.210946954286933,20.418006430868168,10,0.94,40.89,10,0,0
2023-10-09,SKU0025,1,Garden,392,641,34.714285714285715,32.53333333333333,5.7339481092473,12.049180327868854,10,0.94,40.89,10,0,0
2023-10-16,SKU0025,1,Garden,171,641,31.571428571428573,31.933333333333334,5.009875305305828,5.354906054279749,10,0.94,40.89,10,0,0
2023-10-23,SKU0025,1,Garden,572,0,34.285714285714285,33.0,5.245687884282741,17.333333333333332,10,0.94,40.89,10,0,0
2023-10-30,SKU0025,1,Garden,329,641,34.714285714285715,33.4,5.6115644139949215,9.850299401197605,10,0.94,40.89,10,0,0
2023-11-06,SKU0025,1,Garden,723,0,35.285714285714285,34.333333333333336,5.585284442071942,21.058252427184463,10,0.94,40.89,11,0,0
2023-11-13,SKU0025,1,Garden,480,641,34.714285714285715,34.333333333333336,5.874159269754021,13.980582524271844,10,0.94,40.89,11,0,0
2023-11-20,SKU0025,1,Garden,245,641,33.57142857142857,34.43333333333333,5.593612942198159,7.115198451113263,10,0.94,40.89,11,0,0
2023-11-27,SKU0025,1,Garden,653,0,33.285714285714285,34.06666666666667,6.3023440266209985,19.168297455968688,10,0.94,40.89,11,0,0
2023-12-04,SKU0025,1,Garden,487,641,23.714285714285715,31.266666666666666,9.776584740869515,15.575692963752665,10,0.94,40.89,12,0,0
2023-12-11,SKU0025,1,Garden,1024,0,14.857142857142858,27.133333333333333,11.681796429320809,37.73955773955774,10,0.94,40.89,12,0,0
2023-12-18,SKU0025,1,Garden,921,0,14.714285714285714,22.333333333333332,11.33603754080046,41.23880597014926,10,0.94,40.89,12,0,0
2023-01-30,SKU0025,2,Garden,323,0,4.428571428571429,5.166666666666667,2.4080802674978763,62.516129032258064,10,0.94,40.89,1,0,0
2023-02-06,SKU0025,2,Garden,236,0,12.428571428571429,6.733333333333333,4.540494681642407,35.04950495049505,10,0.94,40.89,2,0,0
2023-02-13,SKU0025,2,Garden,135,224,14.428571428571429,9.0,5.477225575051659,15.0,10,0.94,40.89,2,0,0
2023-02-20,SKU0025,2,Garden,261,0,14.0,10.9,5.523304857757183,23.944954128440365,10,0.94,40.89,2,0,0
2023-02-27,SKU0025,2,Garden,164,224,13.857142857142858,13.166666666666666,4.4650623298219845,12.455696202531646,10,0.94,40.89,2,0,0
2023-03-06,SKU0025,2,Garden,292,0,13.714285714285714,14.0,3.493836938342151,20.857142857142858,10,0.94,40.89,3,0,0
2023-03-13,SKU0025,2,Garden,186,224,15.142857142857142,14.166666666666666,3.842442948970339,13.129411764705884,10,0.94,40.89,3,0,0
2023-03-20,SKU0025,2,Garden,109,224,11.0,13.3,3.975355113176935,8.19548872180451,10,0.94,40.89,3,0,0
2023-03-27,SKU0025,2,Garden,254,0,11.285714285714286,12.7,3.514992519735005,20.0,10,0.94,40.89,3,0,0
2023-04-03,SKU0025,2,Garden,131,224,17.571428571428573,13.633333333333333,4.429395018496881,9.60880195599022,10,0.94,40.89,4,0,0
2023-04-10,SKU0025,2,Garden,184,224,24.428571428571427,16.033333333333335,6.3976468375076125,11.476091476091474,10,0.94,40.89,4,0,0
2023-04-17,SKU0025,2,Garden,10,224,24.857142857142858,18.9,7.058132995297706,0.5291005291005292,10,0.94,40.89,4,0,1
2023-04-24,SKU0025,2,Garden,68,224,23.714285714285715,22.0,6.214554662658634,3.090909090909091,10,0.94,40.89,4,0,1
2023-05-01,SKU0025,2,Garden,158,224,19.142857142857142,23.033333333333335,6.708118258849674,6.859623733719247,10,0.94,40.89,5,0,1
2023-05-08,SKU0025,2,Garden,0,224,22.571428571428573,22.5,7.40340089604676,0.0,10,0.94,40.89,5,0,0
2023-05-15,SKU0025,2,Garden,36,224,26.857142857142858,23.2,8.023242099868554,1.5517241379310345,10,0.94,40.89,5,0,1
2023-05-22,SKU0025,2,Garden,118,224,20.285714285714285,22.2,8.914923559345043,5.315315315315315,10,0.94,40.89,5,0,1
2023-05-29,SKU0025,2,Garden,184,0,22.571428571428573,23.1,9.488105075884974,7.965367965367965,10,0.94,40.89,5,0,1
2023-06-05,SKU0025,2,Garden,0,224,26.285714285714285,23.6,10.604488314567224,0.0,10,0.94,40.89,6,0,1
2023-06-12,SKU0025,2,Garden,107,224,16.714285714285715,21.533333333333335,11.181059518400875,4.969040247678018,10,0.94,40.89,6,0,1
2023-06-19,SKU0025,2,Garden,181,224,21.428571428571427,22.166666666666668,10.754576678801897,8.165413533834586,10,0.94,40.89,6,0,0
2023-06-26,SKU0025,2,Garden,13,224,24.0,21.966666666666665,10.597603285757522,0.5918057663125948,10,0.94,40.89,6,0,1
2023-07-03,SKU0025,2,Garden,88,224,21.285714285714285,20.366666666666667,8.239866643268591,4.320785597381342,10,0.94,40.89,7,0,0
2023-07-10,SKU0025,2,Garden,169,224,20.428571428571427,21.766666666666666,5.537853021880755,7.76416539050536,10,0.94,40.89,7,0,0
2023-07-17,SKU0025,2,Garden,30,224,19.857142857142858,21.4,4.231246657412195,1.4018691588785048,10,0.94,40.89,7,0,0
2023-07-24,SKU0025,2,Garden,129,224,17.857142857142858,20.4,4.263720247017553,6.3235294117647065,10,0.94,40.89,7,0,0
2023-07-31,SKU0025,2,Garden,202,0,21.571428571428573,19.933333333333334,4.274489954113348,10.133779264214047,10,0.94,40.89,7,0,0
2023-08-07,SKU0025,2,Garden,101,224,14.428571428571429,18.466666666666665,4.629242384826172,5.469314079422383,10,0.94,40.89,8,0,0
2023-08-14,SKU0025,2,Garden,235,0,12.857142857142858,16.866666666666667,5.237354776742846,13.932806324110672,10,0.94,40.89,8,0,0
2023-08-21,SKU0025,2,Garden,134,224,14.428571428571429,15.933333333333334,5.413478283547152,8.410041841004183,10,0.94,40.89,8,0,0
2023-08-28,SKU0025,2,Garden,259,0,14.142857142857142,14.733333333333333,5.030481798638838,17.579185520361992,10,0.94,40.89,8,0,0
2023-09-04,SKU0025,2,Garden,150,224,15.571428571428571,14.433333333333334,3.692334401612778,10.392609699769054,10,0.94,40.89,9,0,0
2023-09-11,SKU0025,2,Garden,281,0,13.285714285714286,14.533333333333333,3.2772289949067233,19.334862385321102,10,0.94,40.89,9,0,0
2023-09-18,SKU0025,2,Garden,183,224,14.0,14.566666666666666,3.568862789348347,12.562929061784898,10,0.94,40.89,9,0,0
2023-09-25,SKU0025,2,Garden,323,0,12.0,13.633333333333333,3.468909530866031,23.6919315403423,10,0.94,40.89,9,0,0
2023-10-02,SKU0025,2,Garden,227,0,13.714285714285714,13.433333333333334,3.1588227110016933,16.898263027295286,10,0.94,40.89,10,0,0
2023-10-09,SKU0025,2,Garden,137,224,12.857142857142858,13.266666666666667,3.6001277116554826,10.326633165829145,10,0.94,40.89,10,0,0
2023-10-16,SKU0025,2,Garden,261,0,14.285714285714286,13.066666666666666,3.1941037632761033,19.974489795918366,10,0.94,40.89,10,0,0
2023-10-23,SKU0025,2,Garden,175,224,12.285714285714286,13.433333333333334,2.7628487713469223,13.027295285359802,10,0.94,40.89,10,0,0
2023-10-30,SKU0025,2,Garden,308,0,13.0,13.233333333333333,3.0702502799623774,23.274559193954662,10,0.94,40.89,10,0,0
2023-11-06,SKU0025,2,Garden,217,0,13.0,13.2,3.0444975804295265,16.43939393939394,10,0.94,40.89,11,0,0
2023-11-13,SKU0025,2,Garden,122,224,13.571428571428571,13.266666666666667,3.331493745260901,9.195979899497488,10,0.94,40.89,11,0,0
2023-11-20,SKU0025,2,Garden,250,0,13.714285714285714,13.333333333333334,3.7722519875362424,18.75,10,0.94,40.89,11,0,0
2023-11-27,SKU0025,2,Garden,144,224,15.142857142857142,13.766666666666667,4.082623677484111,10.46004842615012,10,0.94,40.89,11,0,0
2023-12-04,SKU0025,2,Garden,298,0,10.0,12.966666666666667,4.979151938130464,22.982005141388175,10,0.94,40.89,12,0,0
2023-12-11,SKU0025,2,Garden,264,0,4.857142857142857,11.0,5.7774830458277755,24.0,10,0.94,40.89,12,0,0
2023-12-18,SKU0025,2,Garden,228,0,5.142857142857143,9.2,5.809623407582526,24.782608695652176,10,0.94,40.89,12,0,0
2023-01-30,SKU0025,3,Garden,558,0,11.0,9.933333333333334,2.4765567494675613,56.1744966442953,10,0.94,40.89,1,0,0
2023-02-06,SKU0025,3,Garden,418,0,20.0,12.366666666666667,5.880906177730128,33.80053908355795,10,0.94,40.89,2,0,0
2023-02-13,SKU0025,3,Garden,244,437,24.857142857142858,15.933333333333334,7.851787994631778,15.313807531380753,10,0.94,40.89,2,0,0
2023-02-20,SKU0025,3,Garden,53,437,27.285714285714285,19.9,8.607735093988191,2.663316582914573,10,0.94,40.89,2,0,0
2023-02-27,SKU0025,3,Garden,325,0,23.571428571428573,23.133333333333333,7.695647374051592,14.048991354466859,10,0.94,40.89,2,0,0
2023-03-06,SKU0025,3,Garden,160,437,23.571428571428573,24.3,6.993346591705874,6.584362139917696,10,0.94,40.89,3,0,0
2023-03-13,SKU0025,3,Garden,412,0,26.428571428571427,25.133333333333333,6.479321661671254,16.392572944297083,10,0.94,40.89,3,0,0
2023-03-20,SKU0025,3,Garden,242,437,24.285714285714285,24.533333333333335,6.724803975265537,9.864130434782608,10,0.94,40.89,3,0,0
2023-03-27,SKU0025,3,Garden,492,0,26.714285714285715,24.666666666666668,6.493144041235334,19.945945945945944,10,0.94,40.89,3,0,0
2023-04-03,SKU0025,3,Garden,280,0,30.285714285714285,26.633333333333333,7.819001317891914,10.513141426783479,10,0.94,40.89,4,0,0
2023-04-10,SKU0025,3,Garden,10,437,38.57142857142857,29.566666666666666,10.387935088471577,0.3382187147688839,10,0.94,40.89,4,0,1
2023-04-17,SKU0025,3,Garden,235,437,30.285714285714285,30.533333333333335,12.773175916290588,7.6965065502183405,10,0.94,40.89,4,0,1
2023-04-24,SKU0025,3,Garden,0,437,33.57142857142857,32.86666666666667,13.853253902176238,0.0,10,0.94,40.89,4,0,0
2023-05-01,SKU0025,3,Garden,134,437,43.285714285714285,37.03333333333333,13.725092382914616,3.6183618361836185,10,0.94,40.89,5,0,1
2023-05-08,SKU0025,3,Garden,0,437,19.142857142857142,31.8,18.573989971147185,0.0,10,0.94,40.89,5,0,0
2023-05-15,SKU0025,3,Garden,119,437,45.42857142857143,35.43333333333333,18.248634022253864,3.358419567262465,10,0.94,40.89,5,0,1
2023-05-22,SKU0025,3,Garden,343,0,30.428571428571427,33.13333333333333,21.479313758596437,10.352112676056338,10,0.94,40.89,5,0,1
2023-05-29,SKU0025,3,Garden,0,437,49.0,36.7,21.380219669204724,0.0,10,0.94,40.89,5,0,1
2023-06-05,SKU0025,3,Garden,260,437,25.285714285714285,35.03333333333333,21.7501222086671,7.421503330161751,10,0.94,40.89,6,0,1
2023-06-12,SKU0025,3,Garden,0,437,37.142857142857146,35.833333333333336,20.09303075838663,0.0,10,0.94,40.89,6,0,1
2023-06-19,SKU0025,3,Garden,189,437,35.42857142857143,37.4,17.94743281997696,5.053475935828877,10,0.94,40.89,6,0,1
2023-06-26,SKU0025,3,Garden,0,437,27.0,32.2,18.84492065472175,0.0,10,0.94,40.89,6,0,1
2023-07-03,SKU0025,3,Garden,340,0,13.857142857142858,29.433333333333334,18.83811860679505,11.551528878822197,10,0.94,40.89,7,0,0
2023-07-10,SKU0025,3,Garden,94,437,35.142857142857146,27.1,17.56632750659525,3.468634686346863,10,0.94,40.89,7,0,1
2023-07-17,SKU0025,3,Garden,336,0,27.857142857142858,26.633333333333333,14.814911717435299,12.615769712140175,10,0.94,40.89,7,0,0
2023-07-24,SKU0025,3,Garden,87,437,35.57142857142857,26.233333333333334,14.464423259497229,3.3163913595933927,10,0.94,40.89,7,0,1
2023-07-31,SKU0025,3,Garden,307,0,31.0,32.4,6.6571196007965865,9.475308641975309,10,0.94,40.89,7,0,0
2023-08-07,SKU0025,3,Garden,147,437,22.857142857142858,29.333333333333332,7.33124317130329,5.011363636363637,10,0.94,40.89,8,0,0
2023-08-14,SKU0025,3,Garden,414,0,24.285714285714285,28.133333333333333,7.77588373216134,14.715639810426541,10,0.94,40.89,8,0,0
2023-08-21,SKU0025,3,Garden,254,437,22.857142857142858,26.066666666666666,7.35284759913404,9.744245524296675,10,0.94,40.89,8,0,0
2023-08-28,SKU0025,3,Garden,520,0,24.428571428571427,24.1,5.932668179170062,21.576763485477176,10,0.94,40.89,8,0,0
2023-09-04,SKU0025,3,Garden,331,0,27.0,24.766666666666666,5.8408982146603226,13.364737550471064,10,0.94,40.89,9,0,0
2023-09-11,SKU0025,3,Garden,174,437,22.428571428571427,24.2,6.1554573487607644,7.1900826446281,10,0.94,40.89,9,0,0
2023-09-18,SKU0025,3,Garden,443,0,24.0,23.933333333333334,5.747163218273025,18.50974930362117,10,0.94,40.89,9,0,0
2023-09-25,SKU0025,3,Garden,277,437,23.714285714285715,23.933333333333334,5.3040864749108705,11.573816155988858,10,0.94,40.89,9,0,0
2023-10-02,SKU0025,3,Garden,108,437,24.142857142857142,23.966666666666665,4.96528176325421,4.506258692628651,10,0.94,40.89,10,0,0
2023-10-09,SKU0025,3,Garden,392,0,21.857142857142858,23.3,4.617433232345809,16.824034334763947,10,0.94,40.89,10,0,0
2023-10-16,SKU0025,3,Garden,245,437,21.0,22.733333333333334,4.8914657089269475,10.777126099706745,10,0.94,40.89,10,0,0
2023-10-23,SKU0025,3,Garden,511,0,24.428571428571427,22.6,5.3084188177673575,22.61061946902655,10,0.94,40.89,10,0,0
2023-10-30,SKU0025,3,Garden,338,0,24.714285714285715,23.1,5.17520614282066,14.632034632034632,10,0.94,40.89,10,0,0
2023-11-06,SKU0025,3,Garden,193,437,20.714285714285715,22.5,5.04975246918094,8.577777777777778,10,0.94,40.89,11,0,0
2023-11-13,SKU0025,3,Garden,453,0,25.285714285714285,23.566666666666666,5.3154513438187765,19.22206506364922,10,0.94,40.89,11,0,0
2023-11-20,SKU0025,3,Garden,281,0,24.571428571428573,23.6,5.136750616542603,11.906779661016948,10,0.94,40.89,11,0,0
2023-11-27,SKU0025,3,Garden,119,437,23.142857142857142,23.533333333333335,4.939170203470382,5.056657223796034,10,0.94,40.89,11,0,0
2023-12-04,SKU0025,3,Garden,467,0,12.714285714285714,21.366666666666667,8.172634460379802,21.85647425897036,10,0.94,40.89,12,0,0
2023-12-11,SKU0025,3,Garden,398,0,9.857142857142858,18.033333333333335,8.814108335340856,22.07024029574861,10,0.94,40.89,12,0,0
2023-12-18,SKU0025,3,Garden,347,0,7.285714285714286,14.2,8.926519961367259,24.43661971830986,10,0.94,40.89,12,0,0
2023-01-30,SKU0025,4,Garden,173,0,5.0,3.9,1.9537761845488715,44.35897435897436,10,0.94,40.89,1,0,0
2023-02-06,SKU0025,4,Garden,117,270,8.0,4.9,2.6697539599926716,23.877551020408163,10,0.94,40.89,2,0,0
2023-02-13,SKU0025,4,Garden,33,270,12.0,6.833333333333333,4.3158355832456365,4.829268292682927,10,0.94,40.89,2,0,0
2023-02-20,SKU0025,4,Garden,236,0,9.571428571428571,8.333333333333334,4.253463767682582,28.319999999999997,10,0.94,40.89,2,0,0
2023-02-27,SKU0025,4,Garden,161,0,10.714285714285714,9.833333333333334,4.094431317789072,16.372881355932204,10,0.94,40.89,2,0,0
2023-03-06,SKU0025,4,Garden,90,270,10.142857142857142,10.433333333333334,3.856774901867901,8.626198083067093,10,0.94,40.89,3,0,0
2023-03-13,SKU0025,4,Garden,276,0,12.0,10.466666666666667,3.6458132183353142,26.369426751592357,10,0.94,40.89,3,0,0
2023-03-20,SKU0025,4,Garden,201,0,10.714285714285714,10.6,3.328041776926112,18.962264150943398,10,0.94,40.89,3,0,0
2023-03-27,SKU0025,4,Garden,131,270,10.0,10.7,2.667169492823483,12.242990654205608,10,0.94,40.89,3,0,0
2023-04-03,SKU0025,4,Garden,30,270,14.428571428571429,11.733333333333333,4.109982241201111,2.556818181818182,10,0.94,40.89,4,0,0
2023-04-10,SKU0025,4,Garden,160,0,20.0,13.9,5.247988120255688,11.510791366906474,10,0.94,40.89,4,0,0
2023-04-17,SKU0025,4,Garden,26,270,19.142857142857142,15.566666666666666,5.636600426481915,1.6702355460385439,10,0.94,40.89,4,0,1
2023-04-24,SKU0025,4,Garden,201,0,13.571428571428571,16.2,6.509409634759781,12.407407407407408,10,0.94,40.89,4,0,0
2023-05-01,SKU0025,4,Garden,54,270,21.0,18.633333333333333,6.26695401640049,2.8980322003577816,10,0.94,40.89,5,0,1
2023-05-08,SKU0025,4,Garden,256,0,9.714285714285714,16.233333333333334,9.118693695516026,15.770020533880903,10,0.94,40.89,5,0,0
2023-05-15,SKU0025,4,Garden,120,270,19.428571428571427,16.066666666666666,9.206194815910957,7.468879668049793,10,0.94,40.89,5,0,1
2023-05-22,SKU0025,4,Garden,0,270,17.142857142857142,17.1,9.506259280981212,0.0,10,0.94,40.89,5,0,1
2023-05-29,SKU0025,4,Garden,144,0,18.0,16.633333333333333,10.128428183645495,8.657314629258517,10,0.94,40.89,5,0,1
2023-06-05,SKU0025,4,Garden,0,270,20.571428571428573,18.0,7.92638544400262,0.0,10,0.94,40.89,6,0,1
2023-06-12,SKU0025,4,Garden,182,0,12.571428571428571,17.166666666666668,8.317340976510478,10.601941747572814,10,0.94,40.89,6,0,0
2023-06-19,SKU0025,4,Garden,78,270,14.857142857142858,15.7,7.804287062360285,4.968152866242038,10,0.94,40.89,6,0,1
2023-06-26,SKU0025,4,Garden,236,0,16.0,16.4,7.059354273488525,14.390243902439027,10,0.94,40.89,6,0,0
2023-07-03,SKU0025,4,Garden,120,270,16.571428571428573,15.266666666666667,6.689844765650822,7.860262008733624,10,0.94,40.89,7,0,0
2023-07-10,SKU0025,4,Garden,16,270,14.857142857142858,15.8,5.195488759325328,1.0126582278481011,10,0.94,40.89,7,0,0
2023-07-17,SKU0025,4,Garden,190,0,13.714285714285714,15.4,5.360133812019861,12.337662337662337,10,0.94,40.89,7,0,0
2023-07-24,SKU0025,4,Garden,86,270,14.857142857142858,15.133333333333333,3.4813130037221582,5.682819383259912,10,0.94,40.89,7,0,0
2023-07-31,SKU0025,4,Garden,250,0,15.142857142857142,14.7,3.563705936241081,17.006802721088437,10,0.94,40.89,7,0,0
2023-08-07,SKU0025,4,Garden,175,0,10.714285714285714,13.766666666666667,3.539757768191367,12.711864406779661,10,0.94,40.89,8,0,0
2023-08-14,SKU0025,4,Garden,100,270,10.714285714285714,13.066666666666666,3.8679347900694636,7.653061224489796,10,0.94,40.89,8,0,0
2023-08-21,SKU0025,4,Garden,304,0,9.428571428571429,11.7,3.6685992816952506,25.982905982905983,10,0.94,40.89,8,0,0
2023-08-28,SKU0025,4,Garden,220,0,12.0,11.166666666666666,3.5339079992447644,19.701492537313435,10,0.94,40.89,8,0,0
2023-09-04,SKU0025,4,Garden,142,0,11.142857142857142,10.733333333333333,2.8759805923920565,13.229813664596275,10,0.94,40.89,9,0,0
2023-09-11,SKU0025,4,Garden,58,270,12.0,11.133333333333333,2.909358660614337,5.209580838323354,10,0.94,40.89,9,0,0
2023-09-18,SKU0025,4,Garden,242,0,12.285714285714286,11.666666666666666,3.2306008124178907,20.742857142857144,10,0.94,40.89,9,0,0
2023-09-25,SKU0025,4,Garden,177,0,9.285714285714286,11.166666666666666,3.4549647768385574,15.850746268656717,10,0.94,40.89,9,0,0
2023-10-02,SKU0025,4,Garden,115,270,8.857142857142858,10.833333333333334,3.667972599203193,10.615384615384615,10,0.94,40.89,10,0,0
2023-10-09,SKU0025,4,Garden,322,0,9.0,10.0,3.523321317088168,32.2,10,0.94,40.89,10,0,0
2023-10-16,SKU0025,4,Garden,259,0,9.0,9.4,3.700885262222745,27.5531914893617,10,0.94,40.89,10,0,0
2023-10-23,SKU0025,4,Garden,189,0,10.0,9.233333333333333,3.1914036835323643,20.469314079422386,10,0.94,40.89,10,0,0
2023-10-30,SKU0025,4,Garden,99,270,12.857142857142858,10.033333333333333,3.5765841277660635,9.867109634551495,10,0.94,40.89,10,0,0
2023-11-06,SKU0025,4,Garden,303,0,9.428571428571429,10.133333333333333,3.5596719466568443,29.901315789473685,10,0.94,40.89,11,0,0
2023-11-13,SKU0025,4,Garden,221,0,11.714285714285714,11.0,3.269503811347141,20.09090909090909,10,0.94,40.89,11,0,0
2023-11-20,SKU0025,4,Garden,160,0,8.714285714285714,10.666666666666666,3.4274081222960997,15.0,10,0.94,40.89,11,0,0
2023-11-27,SKU0025,4,Garden,66,270,13.428571428571429,10.766666666666667,3.53975776819134,6.130030959752322,10,0.94,40.89,11,0,0
2023-12-04,SKU0025,4,Garden,287,0,7.0,10.133333333333333,4.248596793371115,28.322368421052634,10,0.94,40.89,12,0,0
2023-12-11,SKU0025,4,Garden,260,0,3.857142857142857,8.566666666666666,4.980536831149465,30.350194552529185,10,0.94,40.89,12,0,0
2023-12-18,SKU0025,4,Garden,229,0,4.428571428571429,7.166666666666667,4.80002394630037,31.953488372093023,10,0.94,40.89,12,0,0
2023-01-30,SKU0026,1,Electronics,380,0,19.428571428571427,20.766666666666666,5.223840134147142,18.298555377207062,9,0.77,104.71,1,0,0
2023-02-06,SKU0026,1,Electronics,185,515,27.857142857142858,23.166666666666668,5.766032122420201,7.985611510791366,9,0.77,104.71,2,0,0
2023-02-13,SKU0026,1,Electronics,495,0,29.285714285714285,24.366666666666667,6.277949002513553,20.314637482900135,9,0.77,104.71,2,0,0
2023-02-20,SKU0026,1,Electronics,313,515,26.0,25.3,6.422750511885935,12.371541501976285,9,0.77,104.71,2,0,0
2023-02-27,SKU0026,1,Electronics,110,515,29.0,27.633333333333333,5.798235958451941,3.9806996381182147,9,0.77,104.71,2,0,0
2023-03-06,SKU0026,1,Electronics,436,0,27.0,27.666666666666668,5.5543293665971705,15.759036144578312,9,0.77,104.71,3,0,0
2023-03-13,SKU0026,1,Electronics,224,515,30.285714285714285,28.166666666666668,6.55524708670971,7.952662721893491,9,0.77,104.71,3,0,0
2023-03-20,SKU0026,1,Electronics,37,515,26.714285714285715,27.766666666666666,7.1181329077191355,1.3325330132052822,9,0.77,104.71,3,0,0
2023-03-27,SKU0026,1,Electronics,362,0,27.142857142857142,27.5,6.4900454278204,13.163636363636364,9,0.77,104.71,3,0,0
2023-04-03,SKU0026,1,Electronics,165,515,28.142857142857142,27.766666666666666,6.657551239438355,5.942376950780313,9,0.77,104.71,4,0,0
2023-04-10,SKU0026,1,Electronics,459,0,31.571428571428573,28.1,6.994332681190713,16.334519572953734,9,0.77,104.71,4,0,0
2023-04-17,SKU0026,1,Electronics,281,515,25.428571428571427,27.733333333333334,6.400071838677278,10.132211538461538,9,0.77,104.71,4,0,0
2023-04-24,SKU0026,1,Electronics,597,0,28.428571428571427,28.366666666666667,7.184673982157096,21.045828437132784,9,0.77,104.71,4,0,0
2023-05-01,SKU0026,1,Electronics,398,0,28.428571428571427,28.4,7.3089458648407355,14.014084507042254,9,0.77,104.71,5,0,0
2023-05-08,SKU0026,1,Electronics,182,515,30.857142857142858,28.066666666666666,6.230809618801331,6.484560570071259,9,0.77,104.71,5,0,0
2023-05-15,SKU0026,1,Electronics,518,0,25.571428571428573,28.033333333333335,5.5490498306456555,18.478002378121282,9,0.77,104.71,5,0,0
2023-05-22,SKU0026,1,Electronics,326,515,27.428571428571427,27.666666666666668,5.313180314789942,11.783132530120481,9,0.77,104.71,5,0,0
2023-05-29,SKU0026,1,Electronics,144,515,26.0,27.4,5.537334102753537,5.255474452554745,9,0.77,104.71,5,0,0
2023-06-05,SKU0026,1,Electronics,479,0,25.714285714285715,26.7,5.639454608015049,17.94007490636704,9,0.77,104.71,6,0,0
2023-06-12,SKU0026,1,Electronics,278,515,28.714285714285715,27.0,5.626292954849862,10.296296296296296,9,0.77,104.71,6,0,0
2023-06-19,SKU0026,1,Electronics,606,0,26.714285714285715,26.633333333333333,5.442383690064966,22.753441802252816,9,0.77,104.71,6,0,0
2023-06-26,SKU0026,1,Electronics,413,0,27.571428571428573,27.2,5.7858328759968165,15.183823529411764,9,0.77,104.71,6,0,0
2023-07-03,SKU0026,1,Electronics,237,515,25.142857142857142,26.8,5.6226144366698625,8.843283582089551,9,0.77,104.71,7,0,0
2023-07-10,SKU0026,1,Electronics,568,0,26.285714285714285,26.566666666666666,5.5874448748855805,21.3801756587202,9,0.77,104.71,7,0,0
2023-07-17,SKU0026,1,Electronics,383,0,26.428571428571427,26.1,5.885985693680117,14.674329501915707,9,0.77,104.71,7,0,0
2023-07-24,SKU0026,1,Electronics,185,515,28.285714285714285,26.366666666666667,6.682366570946691,7.0164348925410875,9,0.77,104.71,7,0,0
2023-07-31,SKU0026,1,Electronics,497,0,29.0,27.533333333333335,6.584900875505259,18.050847457627118,9,0.77,104.71,7,0,0
2023-08-07,SKU0026,1,Electronics,321,515,25.142857142857142,26.766666666666666,6.574156997660241,11.992528019925281,9,0.77,104.71,8,0,0
2023-08-14,SKU0026,1,Electronics,106,515,30.714285714285715,27.8,6.784363360470647,3.8129496402877696,9,0.77,104.71,8,0,0
2023-08-21,SKU0026,1,Electronics,427,0,27.714285714285715,27.733333333333334,5.514453318534745,15.396634615384615,9,0.77,104.71,8,0,0
2023-08-28,SKU0026,1,Electronics,228,515,28.428571428571427,27.9,5.201790142792688,8.172043010752688,9,0.77,104.71,8,0,0
2023-09-04,SKU0026,1,Electronics,564,0,25.571428571428573,27.9,5.767626655859351,20.21505376344086,9,0.77,104.71,9,0,0
2023-09-11,SKU0026,1,Electronics,379,0,26.428571428571427,27.033333333333335,5.82789565933468,14.019728729963008,9,0.77,104.71,9,0,0
2023-09-18,SKU0026,1,Electronics,213,515,23.714285714285715,26.466666666666665,6.1123579362002305,8.047858942065492,9,0.77,104.71,9,0,0
2023-09-25,SKU0026,1,Electronics,565,0,23.285714285714285,24.7,5.22691971003693,22.874493927125506,9,0.77,104.71,9,0,0
2023-10-02,SKU0026,1,Electronics,401,0,23.428571428571427,23.833333333333332,5.471451508438648,16.825174825174827,9,0.77,104.71,10,0,0
2023-10-09,SKU0026,1,Electronics,216,515,26.428571428571427,23.966666666666665,4.723261098256056,9.012517385257302,9,0.77,104.71,10,0,0
2023-10-16,SKU0026,1,Electronics,556,0,25.0,24.366666666666667,4.9164280090138845,22.818057455540355,9,0.77,104.71,10,0,0
2023-10-23,SKU0026,1,Electronics,337,0,31.285714285714285,26.366666666666667,5.738456679062009,12.781289506953224,9,0.77,104.71,10,0,0
2023-10-30,SKU0026,1,Electronics,138,515,28.428571428571427,27.6,5.49356990897792,5.0,9,0.77,104.71,10,0,0
2023-11-06,SKU0026,1,Electronics,321,0,47.42857142857143,32.833333333333336,9.812319256699837,9.776649746192893,9,0.77,104.71,11,0,1
2023-11-13,SKU0026,1,Electronics,0,515,45.857142857142854,37.3,11.832596706876574,0.0,9,0.77,104.71,11,0,1
2023-11-20,SKU0026,1,Electronics,217,515,42.57142857142857,40.166666666666664,14.130142233545635,5.402489626556017,9,0.77,104.71,11,0,1
2023-11-27,SKU0026,1,Electronics,424,0,44.0,43.766666666666666,14.773422859598444,9.687738004569688,9,0.77,104.71,11,0,0
2023-12-04,SKU0026,1,Electronics,67,515,51.0,45.766666666666666,14.325485689144545,1.4639475600874,9,0.77,104.71,12,0,1
2023-12-11,SKU0026,1,Electronics,314,0,38.285714285714285,43.6,17.515707236649053,7.201834862385321,9,0.77,104.71,12,0,1
2023-12-18,SKU0026,1,Electronics,0,515,44.857142857142854,44.6,17.713427597203747,0.0,9,0.77,104.71,12,0,1
2023-01-30,SKU0026,2,Electronics,689,0,28.428571428571427,25.266666666666666,6.208633218090888,27.269129287598947,9,0.77,104.71,1,0,0
2023-02-06,SKU0026,2,Electronics,477,0,30.285714285714285,26.533333333333335,6.218622385047682,17.977386934673365,9,0.77,104.71,2,0,0
2023-02-13,SKU0026,2,Electronics,246,755,33.0,28.4,6.682968574332615,8.661971830985916,9,0.77,104.71,2,0,0
2023-02-20,SKU0026,2,Electronics,778,0,31.857142857142858,30.366666666666667,5.97398575049577,25.62019758507135,9,0.77,104.71,2,0,0
2023-02-27,SKU0026,2,Electronics,558,0,31.428571428571427,31.666666666666668,4.293807355855114,17.621052631578948,9,0.77,104.71,2,0,0
2023-03-06,SKU0026,2,Electronics,331,755,32.42857142857143,32.03333333333333,4.766863592106156,10.332986472424558,9,0.77,104.71,3,0,0
2023-03-13,SKU0026,2,Electronics,852,0,33.42857142857143,32.4,5.411354601270346,26.296296296296298,9,0.77,104.71,3,0,0
2023-03-20,SKU0026,2,Electronics,636,0,30.857142857142858,32.03333333333333,5.87503974063351,19.854318418314257,9,0.77,104.71,3,0,0
2023-03-27,SKU0026,2,Electronics,430,755,29.428571428571427,31.4,6.4945600578351455,13.694267515923567,9,0.77,104.71,3,0,0
2023-04-03,SKU0026,2,Electronics,969,0,30.857142857142858,31.333333333333332,6.561819203876916,30.925531914893618,9,0.77,104.71,4,0,0
2023-04-10,SKU0026,2,Electronics,744,0,32.142857142857146,31.066666666666666,5.924428290958774,23.948497854077253,9,0.77,104.71,4,0,0
2023-04-17,SKU0026,2,Electronics,506,0,34.0,31.4,6.69843007855135,16.114649681528665,9,0.77,104.71,4,0,0
2023-04-24,SKU0026,2,Electronics,281,755,32.142857142857146,31.9,6.567159675757598,8.808777429467085,9,0.77,104.71,4,0,0
2023-05-01,SKU0026,2,Electronics,798,0,34.0,32.666666666666664,6.924884330334035,24.42857142857143,9,0.77,104.71,5,0,0
2023-05-08,SKU0026,2,Electronics,583,0,30.714285714285715,32.53333333333333,7.394001918299466,17.920081967213115,9,0.77,104.71,5,0,0
2023-05-15,SKU0026,2,Electronics,361,755,31.714285714285715,32.266666666666666,6.362244959095832,11.18801652892562,9,0.77,104.71,5,0,0
2023-05-22,SKU0026,2,Electronics,891,0,32.142857142857146,32.233333333333334,5.980908322973709,27.64219234746639,9,0.77,104.71,5,0,0
2023-05-29,SKU0026,2,Electronics,672,0,31.285714285714285,31.6,5.021333797254309,21.265822784810126,9,0.77,104.71,5,0,0
2023-06-05,SKU0026,2,Electronics,455,0,31.0,31.5,5.015493237338996,14.444444444444445,9,0.77,104.71,6,0,0
2023-06-12,SKU0026,2,Electronics,234,755,31.571428571428573,31.366666666666667,4.845782619495266,7.4601487778958555,9,0.77,104.71,6,0,0
2023-06-19,SKU0026,2,Electronics,743,0,35.142857142857146,32.166666666666664,4.906598887587845,23.098445595854923,9,0.77,104.71,6,0,0
2023-06-26,SKU0026,2,Electronics,529,0,30.571428571428573,31.966666666666665,6.019985870835377,16.548488008342023,9,0.77,104.71,6,0,0
2023-07-03,SKU0026,2,Electronics,313,755,30.857142857142858,31.9,6.210946954286893,9.81191222570533,9,0.77,104.71,7,0,0
2023-07-10,SKU0026,2,Electronics,861,0,29.571428571428573,31.4,6.223426265551696,27.420382165605098,9,0.77,104.71,7,0,0
2023-07-17,SKU0026,2,Electronics,632,0,32.714285714285715,31.466666666666665,6.553405712816941,20.084745762711865,9,0.77,104.71,7,0,0
2023-07-24,SKU0026,2,Electronics,406,755,32.285714285714285,31.366666666666667,5.768423757290918,12.943676939426142,9,0.77,104.71,7,0,0
2023-07-31,SKU0026,2,Electronics,935,0,32.285714285714285,31.233333333333334,5.605928717135931,29.935965848452508,9,0.77,104.71,7,0,0
2023-08-07,SKU0026,2,Electronics,706,0,32.714285714285715,32.13333333333333,5.2175653810706795,21.970954356846473,9,0.77,104.71,8,0,0
2023-08-14,SKU0026,2,Electronics,482,0,32.0,31.933333333333334,4.623279425221695,15.093945720250522,9,0.77,104.71,8,0,0
2023-08-21,SKU0026,2,Electronics,247,755,33.57142857142857,32.56666666666667,4.673353173585063,7.584442169907881,9,0.77,104.71,8,0,0
2023-08-28,SKU0026,2,Electronics,775,0,32.42857142857143,32.9,5.384204228334388,23.556231003039514,9,0.77,104.71,8,0,0
2023-09-04,SKU0026,2,Electronics,550,0,32.142857142857146,32.63333333333333,6.272453918596743,16.853932584269664,9,0.77,104.71,9,0,0
2023-09-11,SKU0026,2,Electronics,301,755,35.57142857142857,33.233333333333334,6.719417736131886,9.057171514543631,9,0.77,104.71,9,0,0
2023-09-18,SKU0026,2,Electronics,856,0,28.571428571428573,32.3,6.993346591705879,26.501547987616103,9,0.77,104.71,9,0,0
2023-09-25,SKU0026,2,Electronics,625,0,33.0,32.1,7.3828786087625895,19.470404984423674,9,0.77,104.71,9,0,0
2023-10-02,SKU0026,2,Electronics,373,755,36.0,32.666666666666664,6.9248843303340335,11.418367346938776,9,0.77,104.71,10,0,0
2023-10-09,SKU0026,2,Electronics,98,755,39.285714285714285,34.3,7.484005934496996,2.857142857142857,9,0.77,104.71,10,0,0
2023-10-16,SKU0026,2,Electronics,625,0,32.57142857142857,34.93333333333333,6.987344882410424,17.891221374045802,9,0.77,104.71,10,0,0
2023-10-23,SKU0026,2,Electronics,384,755,34.42857142857143,35.06666666666667,6.0908825776493725,10.950570342205323,9,0.77,104.71,10,0,0
2023-10-30,SKU0026,2,Electronics,931,0,29.714285714285715,34.13333333333333,6.350309975238159,27.275390625,9,0.77,104.71,10,0,0
2023-11-06,SKU0026,2,Electronics,479,0,64.57142857142857,40.5,15.566874644799327,11.82716049382716,9,0.77,104.71,11,0,0
2023-11-13,SKU0026,2,Electronics,52,755,61.0,46.36666666666667,17.949129905591946,1.1214953271028036,9,0.77,104.71,11,0,1
2023-11-20,SKU0026,2,Electronics,379,755,61.142857142857146,52.733333333333334,17.84982050201126,7.187104930467762,9,0.77,104.71,11,0,1
2023-11-27,SKU0026,2,Electronics,0,755,54.142857142857146,58.266666666666666,14.340522121339996,0.0,9,0.77,104.71,11,0,0
2023-12-04,SKU0026,2,Electronics,308,755,63.857142857142854,60.36666666666667,12.94679652384647,5.102153506350083,9,0.77,104.71,12,0,1
2023-12-11,SKU0026,2,Electronics,620,0,63.285714285714285,60.03333333333333,13.425357719072347,10.327595780122154,9,0.77,104.71,12,0,0
2023-12-18,SKU0026,2,Electronics,124,755,70.85714285714286,62.766666666666666,13.989363775760946,1.975570897503983,9,0.77,104.71,12,0,1
2023-01-30,SKU0026,3,Electronics,303,0,16.714285714285715,14.9,3.6704786871882864,20.335570469798657,9,0.77,104.71,1,0,0
2023-02-06,SKU0026,3,Electronics,189,330,16.285714285714285,15.0,3.868529079815649,12.6,9,0.77,104.71,2,0,0
2023-02-13,SKU0026,3,Electronics,385,0,19.142857142857142,16.133333333333333,4.125056600099324,23.863636363636363,9,0.77,104.71,2,0,0
2023-02-20,SKU0026,3,Electronics,251,0,19.142857142857142,17.266666666666666,4.168298531016961,14.536679536679538,9,0.77,104.71,2,0,0
2023-02-27,SKU0026,3,Electronics,144,330,15.285714285714286,17.366666666666667,3.2534685293182664,8.291746641074855,9,0.77,104.71,2,0,0
2023-03-06,SKU0026,3,Electronics,363,0,15.857142857142858,17.266666666666666,3.453467356383898,21.023166023166024,9,0.77,104.71,3,0,0
2023-03-13,SKU0026,3,Electronics,251,0,16.0,16.733333333333334,3.4233814029238765,15.0,9,0.77,104.71,3,0,0
2023-03-20,SKU0026,3,Electronics,151,330,14.285714285714286,15.7,3.949246981911605,9.61783439490446,9,0.77,104.71,3,0,0
2023-03-27,SKU0026,3,Electronics,358,0,17.571428571428573,15.933333333333334,4.109982241201109,22.468619246861923,9,0.77,104.71,3,0,0
2023-04-03,SKU0026,3,Electronics,232,330,18.0,16.233333333333334,4.500446976524191,14.291581108829568,9,0.77,104.71,4,0,0
2023-04-10,SKU0026,3,Electronics,123,330,15.571428571428571,16.4,4.724112761070626,7.500000000000001,9,0.77,104.71,4,0,0
2023-04-17,SKU0026,3,Electronics,327,0,18.0,16.7,5.220318394306139,19.580838323353294,9,0.77,104.71,4,0,0
2023-04-24,SKU0026,3,Electronics,177,330,21.428571428571427,18.266666666666666,5.582814352273774,9.689781021897812,9,0.77,104.71,4,0,0
2023-05-01,SKU0026,3,Electronics,387,0,17.142857142857142,17.733333333333334,5.368704546326528,21.82330827067669,9,0.77,104.71,5,0,0
2023-05-08,SKU0026,3,Electronics,261,0,18.0,18.533333333333335,5.090446314240132,14.08273381294964,9,0.77,104.71,5,0,0
2023-05-15,SKU0026,3,Electronics,135,330,18.0,18.5,4.925304121539623,7.297297297297297,9,0.77,104.71,5,0,0
2023-05-22,SKU0026,3,Electronics,336,0,18.428571428571427,17.933333333333334,4.62327942522169,18.7360594795539,9,0.77,104.71,5,0,0
2023-05-29,SKU0026,3,Electronics,208,330,18.285714285714285,18.0,4.690415759823433,11.555555555555555,9,0.77,104.71,5,0,0
2023-06-05,SKU0026,3,Electronics,422,0,16.571428571428573,17.566666666666666,4.7465656065697965,24.022770398481974,9,0.77,104.71,6,0,0
2023-06-12,SKU0026,3,Electronics,288,0,19.142857142857142,18.066666666666666,4.733835168475861,15.940959409594097,9,0.77,104.71,6,0,0
2023-06-19,SKU0026,3,Electronics,169,330,17.0,17.466666666666665,3.7941273435205924,9.675572519083971,9,0.77,104.71,6,0,0
2023-06-26,SKU0026,3,Electronics,387,0,16.0,17.133333333333333,4.032055463949854,22.587548638132297,9,0.77,104.71,6,0,0
2023-07-03,SKU0026,3,Electronics,264,0,17.571428571428573,17.2,4.063292363045793,15.348837209302326,9,0.77,104.71,7,0,0
2023-07-10,SKU0026,3,Electronics,152,330,16.0,16.833333333333332,3.630173676222708,9.02970297029703,9,0.77,104.71,7,0,0
2023-07-17,SKU0026,3,Electronics,351,0,18.714285714285715,17.133333333333333,3.720709362597353,20.4863813229572,9,0.77,104.71,7,0,0
2023-07-24,SKU0026,3,Electronics,234,330,16.714285714285715,17.1,3.5365090911411774,13.684210526315788,9,0.77,104.71,7,0,0
2023-07-31,SKU0026,3,Electronics,104,330,18.571428571428573,17.2,3.3051683665184957,6.046511627906977,9,0.77,104.71,7,0,0
2023-08-07,SKU0026,3,Electronics,318,0,16.571428571428573,17.5,3.4814780848330016,18.17142857142857,9,0.77,104.71,8,0,0
2023-08-14,SKU0026,3,Electronics,190,330,18.285714285714285,17.466666666666665,3.75759766737807,10.877862595419849,9,0.77,104.71,8,0,0
2023-08-21,SKU0026,3,Electronics,63,330,18.142857142857142,17.8,3.6615429195523834,3.539325842696629,9,0.77,104.71,8,0,0
2023-08-28,SKU0026,3,Electronics,254,0,19.857142857142858,18.166666666666668,4.069087276572949,13.981651376146788,9,0.77,104.71,8,0,0
2023-09-04,SKU0026,3,Electronics,129,330,17.857142857142858,18.2,3.9861830329795236,7.0879120879120885,9,0.77,104.71,9,0,0
2023-09-11,SKU0026,3,Electronics,348,0,15.857142857142858,18.166666666666668,4.549219965977752,19.15596330275229,9,0.77,104.71,9,0,0
2023-09-18,SKU0026,3,Electronics,216,330,18.857142857142858,18.1,4.237354412105878,11.933701657458563,9,0.77,104.71,9,0,0
2023-09-25,SKU0026,3,Electronics,418,0,18.285714285714285,17.733333333333334,4.593348514396953,23.57142857142857,9,0.77,104.71,9,0,0
2023-10-02,SKU0026,3,Electronics,298,0,17.142857142857142,17.466666666666665,4.775897340008359,17.06106870229008,9,0.77,104.71,10,0,0
2023-10-09,SKU0026,3,Electronics,173,330,17.857142857142858,17.566666666666666,4.598975398134213,9.84819734345351,9,0.77,104.71,10,0,0
2023-10-16,SKU0026,3,Electronics,378,0,17.857142857142858,17.833333333333332,4.705706977800423,21.19626168224299,9,0.77,104.71,10,0,0
2023-10-23,SKU0026,3,Electronics,236,0,20.285714285714285,17.9,4.950444076214192,13.184357541899443,9,0.77,104.71,10,0,0
2023-10-30,SKU0026,3,Electronics,98,330,19.714285714285715,18.833333333333332,4.82152739666401,5.20353982300885,9,0.77,104.71,10,0,0
2023-11-06,SKU0026,3,Electronics,238,0,27.142857142857142,21.066666666666666,6.119123970056455,11.29746835443038,9,0.77,104.71,11,0,0
2023-11-13,SKU0026,3,Electronics,39,330,28.428571428571427,23.1,7.236640485559663,1.6883116883116882,9,0.77,104.71,11,0,1
2023-11-20,SKU0026,3,Electronics,0,330,5.571428571428571,20.166666666666668,11.806144903026743,0.0,9,0.77,104.71,11,0,1
2023-11-27,SKU0026,3,Electronics,149,330,25.857142857142858,21.8,13.084341787036896,6.834862385321101,9,0.77,104.71,11,0,1
2023-12-04,SKU0026,3,Electronics,270,0,29.857142857142858,22.833333333333332,13.493506313915521,11.824817518248176,9,0.77,104.71,12,0,0
2023-12-11,SKU0026,3,Electronics,26,330,34.857142857142854,24.233333333333334,14.361546678143885,1.0729023383768912,9,0.77,104.71,12,0,1
2023-12-18,SKU0026,3,Electronics,131,330,32.142857142857146,28.633333333333333,13.087196515819493,4.575087310826542,9,0.77,104.71,12,0,1
2023-01-30,SKU0026,4,Electronics,1021,0,26.285714285714285,27.9,5.201790142792689,36.59498207885305,9,0.77,104.71,1,0,0
2023-02-06,SKU0026,4,Electronics,765,0,36.57142857142857,29.833333333333332,6.731722807277716,25.64245810055866,9,0.77,104.71,2,0,0
2023-02-13,SKU0026,4,Electronics,506,0,37.0,32.0,7.220660013771783,15.8125,9,0.77,104.71,2,0,0
2023-02-20,SKU0026,4,Electronics,245,848,37.285714285714285,33.733333333333334,7.305799931812951,7.262845849802371,9,0.77,104.71,2,0,1
2023-02-27,SKU0026,4,Electronics,0,848,35.0,35.93333333333333,8.085463044481626,0.0,9,0.77,104.71,2,0,1
2023-03-06,SKU0026,4,Electronics,661,0,26.714285714285715,34.06666666666667,11.985431769971564,19.403131115459882,9,0.77,104.71,3,0,0
2023-03-13,SKU0026,4,Electronics,369,848,41.714285714285715,34.96666666666667,12.0844252380216,10.552907530981887,9,0.77,104.71,3,0,0
2023-03-20,SKU0026,4,Electronics,926,0,41.57142857142857,36.03333333333333,12.644975377550187,25.698427382053655,9,0.77,104.71,3,0,0
2023-03-27,SKU0026,4,Electronics,673,0,36.142857142857146,35.36666666666667,12.606739668029606,19.029217719132895,9,0.77,104.71,3,0,0
2023-04-03,SKU0026,4,Electronics,420,848,36.142857142857146,38.733333333333334,6.1078430829906365,10.843373493975903,9,0.77,104.71,4,0,0
2023-04-10,SKU0026,4,Electronics,996,0,38.857142857142854,38.46666666666667,7.328420506933032,25.89254766031196,9,0.77,104.71,4,0,0
2023-04-17,SKU0026,4,Electronics,716,0,40.0,38.2,8.048987942378318,18.743455497382197,9,0.77,104.71,4,0,0
2023-04-24,SKU0026,4,Electronics,450,0,38.0,37.96666666666667,8.05790823089163,11.852502194907814,9,0.77,104.71,4,0,0
2023-05-01,SKU0026,4,Electronics,210,848,34.285714285714285,37.3,9.10910874174666,5.630026809651475,9,0.77,104.71,5,0,0
2023-05-08,SKU0026,4,Electronics,803,0,36.42857142857143,36.5,8.328389338012313,22.0,9,0.77,104.71,5,0,0
2023-05-15,SKU0026,4,Electronics,527,0,39.42857142857143,36.8,6.764002079976835,14.320652173913045,9,0.77,104.71,5,0,0
2023-05-22,SKU0026,4,Electronics,262,848,37.857142857142854,36.833333333333336,6.341343996201502,7.113122171945701,9,0.77,104.71,5,0,0
2023-05-29,SKU0026,4,Electronics,837,0,39.0,37.8,5.579519198170973,22.142857142857146,9,0.77,104.71,5,0,0
2023-06-05,SKU0026,4,Electronics,560,0,39.57142857142857,38.833333333333336,5.837354935557538,14.420600858369097,9,0.77,104.71,6,0,0
2023-06-12,SKU0026,4,Electronics,260,848,42.857142857142854,39.766666666666666,7.059761319269738,6.538139145012574,9,0.77,104.71,6,0,0
2023-06-19,SKU0026,4,Electronics,839,0,38.42857142857143,39.5,7.380075693472192,21.240506329113924,9,0.77,104.71,6,0,0
2023-06-26,SKU0026,4,Electronics,589,0,35.714285714285715,38.733333333333334,7.352847599134074,15.206540447504302,9,0.77,104.71,6,0,0
2023-07-03,SKU0026,4,Electronics,325,848,37.714285714285715,38.733333333333334,6.485704881976339,8.390705679862306,9,0.77,104.71,7,0,0
2023-07-10,SKU0026,4,Electronics,897,0,39.42857142857143,38.13333333333333,5.3802533803512835,23.522727272727273,9,0.77,104.71,7,0,0
2023-07-17,SKU0026,4,Electronics,614,0,40.42857142857143,37.96666666666667,4.7596242486676985,16.17208077260755,9,0.77,104.71,7,0,0
2023-07-24,SKU0026,4,Electronics,347,848,38.142857142857146,38.36666666666667,4.693967760150588,9.044309296264117,9,0.77,104.71,7,0,0
2023-07-31,SKU0026,4,Electronics,925,0,38.57142857142857,38.96666666666667,5.088752528749097,23.738237810094095,9,0.77,104.71,7,0,0
2023-08-07,SKU0026,4,Electronics,675,0,35.714285714285715,38.266666666666666,4.919583198867004,17.639372822299652,9,0.77,104.71,8,0,0
2023-08-14,SKU0026,4,Electronics,418,848,36.714285714285715,37.56666666666667,6.856576673396188,11.126885536823425,9,0.77,104.71,8,0,0
2023-08-21,SKU0026,4,Electronics,993,0,39.0,37.766666666666666,7.351675076931884,26.29302736098853,9,0.77,104.71,8,0,0
2023-08-28,SKU0026,4,Electronics,708,0,40.714285714285715,37.766666666666666,7.252506502907284,18.746690203000885,9,0.77,104.71,8,0,0
2023-09-04,SKU0026,4,Electronics,446,848,37.42857142857143,38.6,7.6139617672472735,11.55440414507772,9,0.77,104.71,9,0,0
2023-09-11,SKU0026,4,Electronics,154,848,41.714285714285715,38.7,8.120429749117013,3.979328165374677,9,0.77,104.71,9,0,0
2023-09-18,SKU0026,4,Electronics,736,0,38.0,38.86666666666667,7.486693176072027,18.936535162950257,9,0.77,104.71,9,0,0
2023-09-25,SKU0026,4,Electronics,504,0,33.142857142857146,37.5,7.152284419246267,13.44,9,0.77,104.71,9,0,0
2023-10-02,SKU0026,4,Electronics,244,848,37.142857142857146,37.833333333333336,7.21628108125494,6.449339207048458,9,0.77,104.71,10,0,0
2023-10-09,SKU0026,4,Electronics,796,0,42.285714285714285,38.46666666666667,7.403323267445415,20.69324090121317,9,0.77,104.71,10,0,0
2023-10-16,SKU0026,4,Electronics,535,0,37.285714285714285,37.63333333333333,6.8050859952170075,14.216120460584587,9,0.77,104.71,10,0,0
2023-10-23,SKU0026,4,Electronics,261,848,39.142857142857146,38.766666666666666,6.106431506790709,6.732588134135856,9,0.77,104.71,10,0,0
2023-10-30,SKU0026,4,Electronics,833,0,39.42857142857143,39.63333333333333,6.462002109591702,21.017661900756938,9,0.77,104.71,10,0,0
2023-11-06,SKU0026,4,Electronics,406,848,61.0,44.3,12.029131306956447,9.164785553047405,9,0.77,104.71,11,0,1
2023-11-13,SKU0026,4,Electronics,0,848,58.0,48.3,17.819303752023988,0.0,9,0.77,104.71,11,0,0
2023-11-20,SKU0026,4,Electronics,369,848,68.42857142857143,55.13333333333333,19.293974999060385,6.692865779927448,9,0.77,104.71,11,0,1
2023-11-27,SKU0026,4,Electronics,0,848,52.714285714285715,58.86666666666667,20.104439951093532,0.0,9,0.77,104.71,11,0,0
2023-12-04,SKU0026,4,Electronics,361,848,69.57142857142857,62.46666666666667,19.94429022662069,5.779082177161152,9,0.77,104.71,12,0,1
2023-12-11,SKU0026,4,Electronics,0,848,51.57142857142857,58.46666666666667,25.440577597722633,0.0,9,0.77,104.71,12,0,1
2023-12-18,SKU0026,4,Electronics,767,0,11.571428571428571,47.93333333333333,33.075601314244466,16.001390820584145,9,0.77,104.71,12,0,0
2023-01-30,SKU0027,1,Electronics,63,114,9.571428571428571,9.366666666666667,3.1566386895069183,6.725978647686833,5,0.95,226.4,1,0,0
2023-02-06,SKU0027,1,Electronics,106,0,10.142857142857142,9.166666666666666,3.085933976245624,11.563636363636364,5,0.95,226.4,2,0,0
2023-02-13,SKU0027,1,Electronics,33,114,10.428571428571429,9.666666666666666,2.844636008875038,3.4137931034482762,5,0.95,226.4,2,0,0
2023-02-20,SKU0027,1,Electronics,73,0,10.571428571428571,10.066666666666666,2.803118132431777,7.251655629139073,5,0.95,226.4,2,0,0
2023-02-27,SKU0027,1,Electronics,99,0,12.571428571428571,10.766666666666667,3.0477049967354817,9.195046439628483,5,0.95,226.4,2,0,0
2023-03-06,SKU0027,1,Electronics,7,114,13.142857142857142,11.766666666666667,3.2236553821692047,0.5949008498583569,5,0.95,226.4,3,0,1
2023-03-13,SKU0027,1,Electronics,81,0,5.714285714285714,10.5,4.6885774623748775,7.714285714285714,5,0.95,226.4,3,0,0
2023-03-20,SKU0027,1,Electronics,110,0,12.142857142857142,10.9,4.692988166513365,10.091743119266054,5,0.95,226.4,3,0,0
2023-03-27,SKU0027,1,Electronics,13,114,13.857142857142858,11.4,4.782150720882955,1.1403508771929824,5,0.95,226.4,3,0,1
2023-04-03,SKU0027,1,Electronics,93,0,4.857142857142857,9.533333333333333,5.858876750846463,9.755244755244755,5,0.95,226.4,4,0,0
2023-04-10,SKU0027,1,Electronics,123,0,12.0,10.8,4.999310297258598,11.388888888888888,5,0.95,226.4,4,0,0
2023-04-17,SKU0027,1,Electronics,48,114,10.714285714285714,10.433333333333334,4.980536831149507,4.600638977635783,5,0.95,226.4,4,0,0
2023-04-24,SKU0027,1,Electronics,82,0,11.428571428571429,10.133333333333333,5.1710956174738705,8.092105263157896,5,0.95,226.4,4,0,0
2023-05-01,SKU0027,1,Electronics,102,0,13.428571428571429,11.8,3.8452837212033777,8.64406779661017,5,0.95,226.4,5,0,0
2023-05-08,SKU0027,1,Electronics,23,114,11.285714285714286,11.866666666666667,3.5304911579115905,1.9382022471910112,5,0.95,226.4,5,0,1
2023-05-15,SKU0027,1,Electronics,71,114,9.428571428571429,11.433333333333334,4.223769629733308,6.209912536443149,5,0.95,226.4,5,0,0
2023-05-22,SKU0027,1,Electronics,97,0,12.571428571428571,11.6,4.231246657412216,8.362068965517242,5,0.95,226.4,5,0,0
2023-05-29,SKU0027,1,Electronics,135,0,10.857142857142858,11.066666666666666,3.876839570767825,12.198795180722891,5,0.95,226.4,5,0,0
2023-06-05,SKU0027,1,Electronics,40,114,13.571428571428571,11.5,4.0236370577394,3.4782608695652173,5,0.95,226.4,6,0,0
2023-06-12,SKU0027,1,Electronics,62,0,13.142857142857142,12.366666666666667,3.7091065318170333,5.013477088948787,5,0.95,226.4,6,0,0
2023-06-19,SKU0027,1,Electronics,107,0,9.857142857142858,11.633333333333333,3.5765841277661123,9.197707736389685,5,0.95,226.4,6,0,0
2023-06-26,SKU0027,1,Electronics,134,0,12.428571428571429,12.066666666666666,3.522668789752851,11.104972375690608,5,0.95,226.4,6,0,0
2023-07-03,SKU0027,1,Electronics,59,114,10.714285714285714,11.7,3.4456369212532274,5.0427350427350435,5,0.95,226.4,7,0,0
2023-07-10,SKU0027,1,Electronics,83,0,12.857142857142858,11.766666666666667,3.4309276249749225,7.053824362606232,5,0.95,226.4,7,0,0
2023-07-17,SKU0027,1,Electronics,130,0,9.571428571428571,11.433333333333334,3.2236553821692047,11.370262390670554,5,0.95,226.4,7,0,0
2023-07-24,SKU0027,1,Electronics,49,114,11.571428571428571,11.133333333333333,3.4112727257132907,4.401197604790419,5,0.95,226.4,7,0,1
2023-07-31,SKU0027,1,Electronics,86,0,11.0,11.2,3.800181483869528,7.678571428571429,5,0.95,226.4,7,0,0
2023-08-07,SKU0027,1,Electronics,101,0,14.142857142857142,11.7,4.035617288166916,8.632478632478634,5,0.95,226.4,8,0,0
2023-08-14,SKU0027,1,Electronics,18,114,11.857142857142858,11.9,3.790641834470957,1.5126050420168067,5,0.95,226.4,8,0,0
2023-08-21,SKU0027,1,Electronics,47,114,12.142857142857142,12.4,3.2547048173798836,3.790322580645161,5,0.95,226.4,8,0,0
2023-08-28,SKU0027,1,Electronics,83,0,11.142857142857142,12.433333333333334,2.9674479146965225,6.6756032171581765,5,0.95,226.4,8,0,0
2023-09-04,SKU0027,1,Electronics,112,0,12.142857142857142,11.9,3.0439312149553035,9.411764705882353,5,0.95,226.4,9,0,0
2023-09-11,SKU0027,1,Electronics,42,114,10.0,11.3,3.3129838618631213,3.716814159292035,5,0.95,226.4,9,0,0
2023-09-18,SKU0027,1,Electronics,79,0,11.0,11.033333333333333,2.735253040470345,7.16012084592145,5,0.95,226.4,9,0,0
2023-09-25,SKU0027,1,Electronics,117,0,10.857142857142858,11.033333333333333,3.2322014845584084,10.604229607250755,5,0.95,226.4,9,0,0
2023-10-02,SKU0027,1,Electronics,44,114,10.428571428571429,10.7,3.0416646984720406,4.112149532710281,5,0.95,226.4,10,0,0
2023-10-09,SKU0027,1,Electronics,45,114,16.142857142857142,11.766666666666667,4.485096649351377,3.8243626062322944,5,0.95,226.4,10,0,0
2023-10-16,SKU0027,1,Electronics,78,0,11.571428571428571,12.2,4.436525512232474,6.39344262295082,5,0.95,226.4,10,0,0
2023-10-23,SKU0027,1,Electronics,118,0,10.571428571428571,12.4,4.206726960968336,9.516129032258064,5,0.95,226.4,10,0,0
2023-10-30,SKU0027,1,Electronics,34,114,12.0,12.433333333333334,4.264394150552259,2.734584450402145,5,0.95,226.4,10,0,0
2023-11-06,SKU0027,1,Electronics,15,114,19.0,13.766666666666667,5.256741703121169,1.0895883777239708,5,0.95,226.4,11,0,1
2023-11-13,SKU0027,1,Electronics,0,114,18.428571428571427,14.933333333333334,6.236341397244734,0.0,5,0.95,226.4,11,0,1
2023-11-20,SKU0027,1,Electronics,89,0,19.857142857142858,17.033333333333335,6.288924766018715,5.2250489236790605,5,0.95,226.4,11,0,1
2023-11-27,SKU0027,1,Electronics,75,0,18.285714285714285,18.633333333333333,7.1461749273267765,4.025044722719142,5,0.95,226.4,11,0,1
2023-12-04,SKU0027,1,Electronics,42,114,21.0,19.5,8.569191005150863,2.1538461538461537,5,0.95,226.4,12,0,1
2023-12-11,SKU0027,1,Electronics,26,114,18.571428571428573,18.833333333333332,9.373783445970675,1.3805309734513276,5,0.95,226.4,12,0,1
2023-12-18,SKU0027,1,Electronics,11,114,18.428571428571427,19.0,9.96891721025044,0.5789473684210527,5,0.95,226.4,12,0,1
2023-01-30,SKU0027,2,Electronics,91,180,14.571428571428571,15.033333333333333,3.3164515034465136,6.053215077605322,5,0.95,226.4,1,0,0
2023-02-06,SKU0027,2,Electronics,134,180,19.571428571428573,16.4,4.311972106620804,8.170731707317074,5,0.95,226.4,2,0,0
2023-02-13,SKU0027,2,Electronics,182,0,18.857142857142858,17.2,4.505934783800367,10.58139534883721,5,0.95,226.4,2,0,0
2023-02-20,SKU0027,2,Electronics,216,0,20.857142857142858,18.366666666666667,4.5294692795097955,11.76043557168784,5,0.95,226.4,2,0,0
2023-02-27,SKU0027,2,Electronics,101,180,16.428571428571427,18.7,4.69886266503157,5.401069518716578,5,0.95,226.4,2,0,0
2023-03-06,SKU0027,2,Electronics,147,0,19.142857142857142,18.7,4.12853818999012,7.86096256684492,5,0.95,226.4,3,0,0
2023-03-13,SKU0027,2,Electronics,199,0,18.285714285714285,18.733333333333334,4.494696747342886,10.622775800711743,5,0.95,226.4,3,0,0
2023-03-20,SKU0027,2,Electronics,73,180,18.0,18.333333333333332,4.744022251890982,3.981818181818182,5,0.95,226.4,3,0,0
2023-03-27,SKU0027,2,Electronics,118,180,19.285714285714285,18.466666666666665,4.8688548064649435,6.389891696750903,5,0.95,226.4,3,0,0
2023-04-03,SKU0027,2,Electronics,153,0,20.714285714285715,19.133333333333333,5.3416601664027015,7.996515679442509,5,0.95,226.4,4,0,1
2023-04-10,SKU0027,2,Electronics,0,180,21.857142857142858,20.233333333333334,6.100781935939449,0.0,5,0.95,226.4,4,0,1
2023-04-17,SKU0027,2,Electronics,47,180,19.0,19.9,6.859928621323636,2.361809045226131,5,0.95,226.4,4,0,0
2023-04-24,SKU0027,2,Electronics,77,180,21.428571428571427,20.866666666666667,6.8769145714476165,3.6900958466453675,5,0.95,226.4,4,0,0
2023-05-01,SKU0027,2,Electronics,115,180,20.285714285714285,20.533333333333335,6.463336030540127,5.60064935064935,5,0.95,226.4,5,0,0
2023-05-08,SKU0027,2,Electronics,166,0,18.428571428571427,19.366666666666667,5.804180023666261,8.571428571428571,5,0.95,226.4,5,0,0
2023-05-15,SKU0027,2,Electronics,216,0,18.571428571428573,19.733333333333334,4.354413799839185,10.945945945945946,5,0.95,226.4,5,0,0
2023-05-22,SKU0027,2,Electronics,69,180,21.0,19.666666666666668,4.758537397238734,3.5084745762711864,5,0.95,226.4,5,0,0
2023-05-29,SKU0027,2,Electronics,108,180,20.142857142857142,19.666666666666668,4.558685029194532,5.491525423728813,5,0.95,226.4,5,0,0
2023-06-05,SKU0027,2,Electronics,176,0,16.0,18.9,5.081066952846652,9.312169312169313,5,0.95,226.4,6,0,0
2023-06-12,SKU0027,2,Electronics,230,0,18.0,18.666666666666668,5.498171064769744,12.321428571428571,5,0.95,226.4,6,0,0
2023-06-19,SKU0027,2,Electronics,92,180,19.714285714285715,18.566666666666666,5.090107602231887,4.955116696588869,5,0.95,226.4,6,0,0
2023-06-26,SKU0027,2,Electronics,153,0,17.0,17.433333333333334,4.710101641288045,8.776290630975144,5,0.95,226.4,6,0,0
2023-07-03,SKU0027,2,Electronics,204,0,18.428571428571427,18.1,4.497892226672246,11.270718232044198,5,0.95,226.4,7,0,0
2023-07-10,SKU0027,2,Electronics,72,180,18.857142857142858,18.166666666666668,4.3556014932287,3.9633027522935778,5,0.95,226.4,7,0,0
2023-07-17,SKU0027,2,Electronics,88,180,23.428571428571427,19.533333333333335,5.2307666302588895,4.505119453924914,5,0.95,226.4,7,0,0
2023-07-24,SKU0027,2,Electronics,134,0,19.142857142857142,19.966666666666665,4.73055608988418,6.711185308848081,5,0.95,226.4,7,0,0
2023-07-31,SKU0027,2,Electronics,187,0,18.142857142857142,19.7,4.728125676607292,9.49238578680203,5,0.95,226.4,7,0,0
2023-08-07,SKU0027,2,Electronics,247,0,17.142857142857142,19.066666666666666,4.585835262792517,12.954545454545455,5,0.95,226.4,8,0,0
2023-08-14,SKU0027,2,Electronics,124,180,17.571428571428573,18.433333333333334,3.5397577681913903,6.726943942133816,5,0.95,226.4,8,0,0
2023-08-21,SKU0027,2,Electronics,174,0,18.571428571428573,17.9,3.467583875126094,9.720670391061454,5,0.95,226.4,8,0,0
2023-08-28,SKU0027,2,Electronics,189,0,23.571428571428573,19.366666666666667,4.491243076010933,9.759036144578314,5,0.95,226.4,8,0,0
2023-09-04,SKU0027,2,Electronics,224,0,20.714285714285715,19.833333333333332,4.927637283262879,11.294117647058824,5,0.95,226.4,9,0,0
2023-09-11,SKU0027,2,Electronics,90,180,19.142857142857142,20.333333333333332,5.005743827281604,4.426229508196721,5,0.95,226.4,9,0,0
2023-09-18,SKU0027,2,Electronics,147,0,17.571428571428573,19.933333333333334,5.199027318400176,7.374581939799331,5,0.95,226.4,9,0,0
2023-09-25,SKU0027,2,Electronics,179,0,21.142857142857142,19.9,4.373509598354234,8.99497487437186,5,0.95,226.4,9,0,0
2023-10-02,SKU0027,2,Electronics,219,0,20.0,19.466666666666665,3.67407819387567,11.250000000000002,5,0.95,226.4,10,0,0
2023-10-09,SKU0027,2,Electronics,87,180,18.857142857142858,19.333333333333332,3.5363465789479456,4.5,5,0.95,226.4,10,0,0
2023-10-16,SKU0027,2,Electronics,129,180,19.714285714285715,19.766666666666666,3.5881349812511547,6.526138279932547,5,0.95,226.4,10,0,0
2023-10-23,SKU0027,2,Electronics,183,0,18.0,19.466666666666665,3.78502797633112,9.40068493150685,5,0.95,226.4,10,0,0
2023-10-30,SKU0027,2,Electronics,229,0,19.142857142857142,19.033333333333335,3.488733920466871,12.031523642732047,5,0.95,226.4,10,0,1
2023-11-06,SKU0027,2,Electronics,0,180,32.714285714285715,22.033333333333335,8.715754001581965,0.0,5,0.95,226.4,11,0,0
2023-11-13,SKU0027,2,Electronics,117,0,34.714285714285715,25.466666666666665,10.65358393099302,4.5942408376963355,5,0.95,226.4,11,0,1
2023-11-20,SKU0027,2,Electronics,93,180,29.142857142857142,28.1,10.88291923311401,3.3096085409252667,5,0.95,226.4,11,0,0
2023-11-27,SKU0027,2,Electronics,21,180,36.0,32.266666666666666,10.146966026366199,0.6508264462809917,5,0.95,226.4,11,0,0
2023-12-04,SKU0027,2,Electronics,144,0,33.857142857142854,33.03333333333333,8.620278151098075,4.359233097880929,5,0.95,226.4,12,0,1
2023-12-11,SKU0027,2,Electronics,52,180,38.857142857142854,34.333333333333336,9.862269911946843,1.5145631067961165,5,0.95,226.4,12,0,1
2023-12-18,SKU0027,2,Electronics,18,180,30.571428571428573,34.4,9.364643705135714,0.5232558139534884,5,0.95,226.4,12,0,0
2023-01-30,SKU0027,3,Electronics,321,0,22.714285714285715,23.2,4.003446790816202,13.836206896551724,5,0.95,226.4,1,0,0
2023-02-06,SKU0027,3,Electronics,86,262,33.57142857142857,26.2,6.211224544711583,3.282442748091603,5,0.95,226.4,2,0,0
2023-02-13,SKU0027,3,Electronics,132,262,30.857142857142858,27.633333333333333,7.083167678928413,4.776839565741858,5,0.95,226.4,2,0,0
2023-02-20,SKU0027,3,Electronics,199,0,27.857142857142858,28.833333333333332,6.73684328682688,6.901734104046243,5,0.95,226.4,2,0,0
2023-02-27,SKU0027,3,Electronics,242,0,31.285714285714285,30.333333333333332,6.944773938543376,7.978021978021978,5,0.95,226.4,2,0,0
2023-03-06,SKU0027,3,Electronics,302,0,28.857142857142858,29.966666666666665,6.403034481768207,10.077864293659623,5,0.95,226.4,3,0,0
2023-03-13,SKU0027,3,Electronics,112,262,27.142857142857142,28.666666666666668,5.77350269189626,3.9069767441860463,5,0.95,226.4,3,0,0
2023-03-20,SKU0027,3,Electronics,140,262,33.42857142857143,30.1,6.064879110146359,4.651162790697674,5,0.95,226.4,3,0,0
2023-03-27,SKU0027,3,Electronics,207,0,27.857142857142858,29.433333333333334,5.975140069536006,7.032842582106455,5,0.95,226.4,3,0,0
2023-04-03,SKU0027,3,Electronics,278,0,27.285714285714285,28.866666666666667,6.5217584540776565,9.630484988452656,5,0.95,226.4,4,0,0
2023-04-10,SKU0027,3,Electronics,99,262,25.571428571428573,28.2,6.79959430838493,3.5106382978723407,5,0.95,226.4,4,0,0
2023-04-17,SKU0027,3,Electronics,138,262,31.857142857142858,28.366666666666667,6.178289760752254,4.864864864864865,5,0.95,226.4,4,0,0
2023-04-24,SKU0027,3,Electronics,183,0,31.0,28.533333333333335,5.917439645152542,6.413551401869158,5,0.95,226.4,4,0,0
2023-05-01,SKU0027,3,Electronics,254,0,27.285714285714285,29.066666666666666,5.199027318400176,8.738532110091743,5,0.95,226.4,5,0,0
2023-05-08,SKU0027,3,Electronics,44,262,30.0,29.633333333333333,5.886766768652026,1.484814398200225,5,0.95,226.4,5,0,0
2023-05-15,SKU0027,3,Electronics,112,262,27.714285714285715,29.366666666666667,6.805085995217028,3.8138479001135073,5,0.95,226.4,5,0,0
2023-05-22,SKU0027,3,Electronics,165,0,29.857142857142858,28.833333333333332,6.888688045521136,5.722543352601156,5,0.95,226.4,5,0,0
2023-05-29,SKU0027,3,Electronics,223,0,29.142857142857142,28.966666666666665,7.13651771226495,7.698504027617952,5,0.95,226.4,5,0,0
2023-06-05,SKU0027,3,Electronics,268,0,31.0,29.3,6.298056624180145,9.146757679180887,5,0.95,226.4,6,0,0
2023-06-12,SKU0027,3,Electronics,90,262,25.428571428571427,28.733333333333334,6.917909457659006,3.1322505800464038,5,0.95,226.4,6,0,0
2023-06-19,SKU0027,3,Electronics,169,262,26.142857142857142,28.4,7.0446849615079765,5.950704225352113,5,0.95,226.4,6,0,0
2023-06-26,SKU0027,3,Electronics,223,0,29.714285714285715,28.2,7.00443209443259,7.907801418439717,5,0.95,226.4,6,0,0
2023-07-03,SKU0027,3,Electronics,290,0,27.857142857142858,27.666666666666668,7.274581790720696,10.481927710843372,5,0.95,226.4,7,0,0
2023-07-10,SKU0027,3,Electronics,93,262,28.142857142857142,27.766666666666666,6.473731180880074,3.349339735894358,5,0.95,226.4,7,0,0
2023-07-17,SKU0027,3,Electronics,146,262,29.857142857142858,28.433333333333334,5.757653576991564,5.1348182883939035,5,0.95,226.4,7,0,0
2023-07-24,SKU0027,3,Electronics,198,0,30.0,28.9,5.371380096207222,6.85121107266436,5,0.95,226.4,7,0,0
2023-07-31,SKU0027,3,Electronics,251,0,29.857142857142858,29.3,5.421222663976629,8.56655290102389,5,0.95,226.4,7,0,0
2023-08-07,SKU0027,3,Electronics,300,0,30.428571428571427,29.633333333333333,5.492837551558955,10.123734533183352,5,0.95,226.4,8,0,0
2023-08-14,SKU0027,3,Electronics,117,262,26.142857142857142,29.1,5.510804434675708,4.020618556701031,5,0.95,226.4,8,0,0
2023-08-21,SKU0027,3,Electronics,147,262,33.142857142857146,29.9,5.585387338774099,4.916387959866221,5,0.95,226.4,8,0,0
2023-08-28,SKU0027,3,Electronics,215,0,27.714285714285715,28.9,5.955872210944718,7.439446366782008,5,0.95,226.4,8,0,0
2023-09-04,SKU0027,3,Electronics,260,0,31.0,29.833333333333332,6.797988208151072,8.715083798882683,5,0.95,226.4,9,0,0
2023-09-11,SKU0027,3,Electronics,303,0,31.285714285714285,30.7,7.071799263807362,9.86970684039088,5,0.95,226.4,9,0,0
2023-09-18,SKU0027,3,Electronics,108,262,27.857142857142858,29.333333333333332,6.6505552442988805,3.681818181818182,5,0.95,226.4,9,0,1
2023-09-25,SKU0027,3,Electronics,0,262,15.428571428571429,26.333333333333332,10.889201653182758,0.0,5,0.95,226.4,9,0,1
2023-10-02,SKU0027,3,Electronics,98,262,23.428571428571427,24.766666666666666,11.337102145498697,3.9569313593539706,5,0.95,226.4,10,0,0
2023-10-09,SKU0027,3,Electronics,186,0,24.857142857142858,23.466666666666665,10.487211697844291,7.926136363636364,5,0.95,226.4,10,0,0
2023-10-16,SKU0027,3,Electronics,226,0,31.714285714285715,24.3,10.834650671452849,9.300411522633745,5,0.95,226.4,10,0,0
2023-10-23,SKU0027,3,Electronics,280,0,29.714285714285715,25.6,9.932878181348904,10.9375,5,0.95,226.4,10,0,0
2023-10-30,SKU0027,3,Electronics,82,262,28.285714285714285,28.7,5.682095291048166,2.857142857142857,5,0.95,226.4,10,0,0
2023-11-06,SKU0027,3,Electronics,32,262,44.57142857142857,32.96666666666667,9.711292159249409,0.9706774519716885,5,0.95,226.4,11,0,1
2023-11-13,SKU0027,3,Electronics,0,262,42.0,35.86666666666667,13.947520687682584,0.0,5,0.95,226.4,11,0,1
2023-11-20,SKU0027,3,Electronics,207,0,45.285714285714285,39.36666666666667,16.773302541864556,5.258255715495343,5,0.95,226.4,11,0,1
2023-11-27,SKU0027,3,Electronics,173,0,42.285714285714285,43.1,18.846658900827443,4.013921113689095,5,0.95,226.4,11,0,1
2023-12-04,SKU0027,3,Electronics,106,262,47.0,44.166666666666664,20.912103958091436,2.4,5,0.95,226.4,12,0,1
2023-12-11,SKU0027,3,Electronics,0,262,15.142857142857142,36.2,26.234223502109238,0.0,5,0.95,226.4,12,0,1
2023-12-18,SKU0027,3,Electronics,0,262,37.42857142857143,34.93333333333333,26.634089296307433,0.0,5,0.95,226.4,12,0,1
2023-01-30,SKU0027,4,Electronics,96,172,10.857142857142858,15.4,5.262751345459706,6.233766233766234,5,0.95,226.4,1,0,0
2023-02-06,SKU0027,4,Electronics,146,172,17.428571428571427,15.533333333333333,5.811601555825912,9.399141630901287,5,0.95,226.4,2,0,0
2023-02-13,SKU0027,4,Electronics,181,0,19.571428571428573,16.866666666666667,6.246286252968478,10.731225296442688,5,0.95,226.4,2,0,0
2023-02-20,SKU0027,4,Electronics,218,0,19.285714285714285,16.933333333333334,6.596411424264023,12.874015748031496,5,0.95,226.4,2,0,0
2023-02-27,SKU0027,4,Electronics,97,172,17.285714285714285,18.2,4.663874369870081,5.32967032967033,5,0.95,226.4,2,0,0
2023-03-06,SKU0027,4,Electronics,142,0,18.142857142857142,18.133333333333333,4.538975528748168,7.830882352941177,5,0.95,226.4,3,0,0
2023-03-13,SKU0027,4,Electronics,177,0,19.571428571428573,18.233333333333334,4.005886473276747,9.707495429616086,5,0.95,226.4,3,0,0
2023-03-20,SKU0027,4,Electronics,202,0,21.0,18.733333333333334,4.2339623028091795,10.782918149466191,5,0.95,226.4,3,0,0
2023-03-27,SKU0027,4,Electronics,76,172,18.0,19.066666666666666,3.9473547085867904,3.9860139860139863,5,0.95,226.4,3,0,0
2023-04-03,SKU0027,4,Electronics,113,172,19.285714285714285,19.433333333333334,3.847823687025796,5.8147512864493995,5,0.95,226.4,4,0,0
2023-04-10,SKU0027,4,Electronics,150,0,19.285714285714285,19.233333333333334,4.014485266385093,7.79896013864818,5,0.95,226.4,4,0,0
2023-04-17,SKU0027,4,Electronics,192,0,18.571428571428573,18.733333333333334,3.5809200641381436,10.249110320284696,5,0.95,226.4,4,0,0
2023-04-24,SKU0027,4,Electronics,217,0,21.0,19.4,4.583328108669959,11.18556701030928,5,0.95,226.4,4,0,0
2023-05-01,SKU0027,4,Electronics,100,172,16.714285714285715,18.933333333333334,5.002987613163886,5.28169014084507,5,0.95,226.4,5,0,0
2023-05-08,SKU0027,4,Electronics,129,172,20.428571428571427,19.266666666666666,5.064639642920678,6.695501730103807,5,0.95,226.4,5,0,0
2023-05-15,SKU0027,4,Electronics,164,0,19.571428571428573,19.233333333333334,5.568899682896157,8.52686308492201,5,0.95,226.4,5,0,0
2023-05-22,SKU0027,4,Electronics,198,0,19.714285714285715,18.933333333333334,5.4071047344392555,10.45774647887324,5,0.95,226.4,5,0,0
2023-05-29,SKU0027,4,Electronics,216,0,22.0,20.033333333333335,5.549049830645652,10.782029950083194,5,0.95,226.4,5,0,0
2023-06-05,SKU0027,4,Electronics,78,172,19.714285714285715,20.066666666666666,5.595153896582008,3.8870431893687707,5,0.95,226.4,6,0,0
2023-06-12,SKU0027,4,Electronics,120,172,18.571428571428573,19.966666666666665,4.98607255665518,6.010016694490819,5,0.95,226.4,6,0,0
2023-06-19,SKU0027,4,Electronics,137,0,22.142857142857142,20.3,5.059303482114704,6.748768472906404,5,0.95,226.4,6,0,0
2023-06-26,SKU0027,4,Electronics,12,172,17.857142857142858,19.733333333333334,4.502362087595367,0.6081081081081081,5,0.95,226.4,6,0,0
2023-07-03,SKU0027,4,Electronics,239,0,16.714285714285715,18.766666666666666,4.014485266385094,12.735346358792185,5,0.95,226.4,7,0,0
2023-07-10,SKU0027,4,Electronics,97,172,20.285714285714285,19.066666666666666,4.762883314890717,5.0874125874125875,5,0.95,226.4,7,0,0
2023-07-17,SKU0027,4,Electronics,123,172,20.857142857142858,19.4,4.7241127610706295,6.340206185567011,5,0.95,226.4,7,0,0
2023-07-24,SKU0027,4,Electronics,167,0,18.285714285714285,18.866666666666667,4.423552428982168,8.851590106007066,5,0.95,226.4,7,0,0
2023-07-31,SKU0027,4,Electronics,201,0,19.714285714285715,19.566666666666666,4.415359815332222,10.272572402044293,5,0.95,226.4,7,0,0
2023-08-07,SKU0027,4,Electronics,226,0,21.0,20.333333333333332,4.43600731734521,11.114754098360656,5,0.95,226.4,8,0,0
2023-08-14,SKU0027,4,Electronics,92,172,19.142857142857142,19.766666666666666,4.304635299008649,4.654300168634064,5,0.95,226.4,8,0,0
2023-08-21,SKU0027,4,Electronics,123,172,20.142857142857142,19.833333333333332,5.126559196517906,6.201680672268908,5,0.95,226.4,8,0,0
2023-08-28,SKU0027,4,Electronics,156,0,19.857142857142858,19.933333333333334,5.476805848197524,7.826086956521739,5,0.95,226.4,8,0,0
2023-09-04,SKU0027,4,Electronics,173,0,22.142857142857142,20.366666666666667,6.082668047387815,8.494271685761047,5,0.95,226.4,9,0,0
2023-09-11,SKU0027,4,Electronics,199,0,20.857142857142858,20.766666666666666,6.078131140483859,9.582664526484752,5,0.95,226.4,9,0,0
2023-09-18,SKU0027,4,Electronics,56,172,20.428571428571427,20.466666666666665,5.341660166402706,2.7361563517915313,5,0.95,226.4,9,0,0
2023-09-25,SKU0027,4,Electronics,96,172,18.857142857142858,20.366666666666667,5.034250506373276,4.713584288052373,5,0.95,226.4,9,0,0
2023-10-02,SKU0027,4,Electronics,142,0,18.0,20.1,5.215031325326624,7.064676616915422,5,0.95,226.4,10,0,0
2023-10-09,SKU0027,4,Electronics,187,0,18.142857142857142,18.9,4.765898981666339,9.894179894179896,5,0.95,226.4,10,0,0
2023-10-16,SKU0027,4,Electronics,223,0,19.428571428571427,18.8,4.528834820081891,11.861702127659575,5,0.95,226.4,10,0,0
2023-10-23,SKU0027,4,Electronics,82,172,20.142857142857142,18.933333333333334,5.152390361451817,4.330985915492958,5,0.95,226.4,10,0,0
2023-10-30,SKU0027,4,Electronics,101,172,21.857142857142858,19.766666666666666,4.79714953677295,5.109612141652614,5,0.95,226.4,10,0,1
2023-11-06,SKU0027,4,Electronics,0,172,14.428571428571429,18.5,9.000957803440159,0.0,5,0.95,226.4,11,0,1
2023-11-13,SKU0027,4,Electronics,137,0,29.571428571428573,21.233333333333334,11.631358723172736,6.452119309262166,5,0.95,226.4,11,0,0
2023-11-20,SKU0027,4,Electronics,92,172,31.0,23.966666666666665,12.243177785969243,3.8386648122392213,5,0.95,226.4,11,0,0
2023-11-27,SKU0027,4,Electronics,36,172,32.57142857142857,26.6,12.734964088870756,1.3533834586466165,5,0.95,226.4,11,0,1
2023-12-04,SKU0027,4,Electronics,122,0,36.857142857142854,30.333333333333332,12.424484540291978,4.021978021978022,5,0.95,226.4,12,0,1
2023-12-11,SKU0027,4,Electronics,116,0,25.428571428571427,31.633333333333333,13.555717290662571,3.667017913593256,5,0.95,226.4,12,0,1
2023-12-18,SKU0027,4,Electronics,54,172,33.42857142857143,31.7,14.227583699667166,1.7034700315457414,5,0.95,226.4,12,0,1
2023-01-30,SKU0028,1,Toys,264,622,13.714285714285714,13.5,4.289120157344386,19.555555555555557,21,0.81,34.46,1,0,0
2023-02-06,SKU0028,1,Toys,159,622,15.0,13.333333333333334,4.700207870189202,11.924999999999999,21,0.81,34.46,2,0,0
2023-02-13,SKU0028,1,Toys,694,0,12.428571428571429,13.166666666666666,4.410671489524669,52.708860759493675,21,0.81,34.46,2,0,0
2023-02-20,SKU0028,1,Toys,614,0,11.428571428571429,12.9,4.404934537068863,47.5968992248062,21,0.81,34.46,2,0,0
2023-02-27,SKU0028,1,Toys,533,0,11.571428571428571,12.766666666666667,4.47740175065647,41.749347258485635,21,0.81,34.46,2,0,0
2023-03-06,SKU0028,1,Toys,423,0,15.714285714285714,13.2,3.9514292481896076,32.04545454545455,21,0.81,34.46,3,0,0
2023-03-13,SKU0028,1,Toys,326,622,13.857142857142858,12.933333333333334,3.8679347900694885,25.20618556701031,21,0.81,34.46,3,0,0
2023-03-20,SKU0028,1,Toys,246,622,11.428571428571429,12.966666666666667,4.122966234971208,18.97172236503856,21,0.81,34.46,3,0,0
2023-03-27,SKU0028,1,Toys,163,622,11.857142857142858,13.333333333333334,3.9595657488593674,12.225,21,0.81,34.46,3,0,0
2023-04-03,SKU0028,1,Toys,695,0,12.857142857142858,12.666666666666666,3.209182228343018,54.86842105263158,21,0.81,34.46,4,0,0
2023-04-10,SKU0028,1,Toys,614,0,11.571428571428571,11.733333333333333,2.970351579484682,52.32954545454546,21,0.81,34.46,4,0,0
2023-04-17,SKU0028,1,Toys,523,0,13.0,12.133333333333333,2.7131014614698623,43.104395604395606,21,0.81,34.46,4,0,0
2023-04-24,SKU0028,1,Toys,430,0,13.285714285714286,12.633333333333333,2.484202964295813,34.03693931398417,21,0.81,34.46,4,0,0
2023-05-01,SKU0028,1,Toys,347,622,11.857142857142858,12.366666666666667,2.9300268721061897,28.059299191374663,21,0.81,34.46,5,0,0
2023-05-08,SKU0028,1,Toys,261,622,12.285714285714286,12.433333333333334,2.872981550324638,20.991957104557642,21,0.81,34.46,5,0,0
2023-05-15,SKU0028,1,Toys,149,622,16.0,13.466666666666667,3.2772289949067472,11.064356435643564,21,0.81,34.46,5,0,0
2023-05-22,SKU0028,1,Toys,673,0,14.0,13.5,4.057772448201024,49.851851851851855,21,0.81,34.46,5,0,0
2023-05-29,SKU0028,1,Toys,584,0,12.714285714285714,13.5,3.928235543187124,43.25925925925926,21,0.81,34.46,5,0,0
2023-06-05,SKU0028,1,Toys,481,0,14.714285714285714,14.3,4.153519488088512,33.63636363636363,21,0.81,34.46,6,0,0
2023-06-12,SKU0028,1,Toys,389,0,13.142857142857142,14.0,4.35494170355693,27.785714285714285,21,0.81,34.46,6,0,0
2023-06-19,SKU0028,1,Toys,302,622,12.428571428571429,13.266666666666667,3.6853234858560686,22.763819095477384,21,0.81,34.46,6,0,0
2023-06-26,SKU0028,1,Toys,183,622,17.0,14.033333333333333,4.390297557532768,13.040380047505938,21,0.81,34.46,6,0,0
2023-07-03,SKU0028,1,Toys,710,0,13.571428571428571,14.233333333333333,4.149643385868849,49.88290398126464,21,0.81,34.46,7,0,0
2023-07-10,SKU0028,1,Toys,613,0,13.857142857142858,14.1,4.062868020465859,43.47517730496454,21,0.81,34.46,7,0,0
2023-07-17,SKU0028,1,Toys,526,0,12.428571428571429,14.066666666666666,4.370223172186138,37.39336492890995,21,0.81,34.46,7,0,0
2023-07-24,SKU0028,1,Toys,445,0,11.571428571428571,13.133333333333333,3.7575976673780658,33.88324873096447,21,0.81,34.46,7,0,0
2023-07-31,SKU0028,1,Toys,353,622,13.142857142857142,13.066666666666666,4.008037901029876,27.01530612244898,21,0.81,34.46,7,0,0
2023-08-07,SKU0028,1,Toys,264,622,12.714285714285714,12.5,3.997844246677161,21.12,21,0.81,34.46,8,0,0
2023-08-14,SKU0028,1,Toys,158,622,15.142857142857142,13.066666666666666,3.9034320295344487,12.091836734693878,21,0.81,34.46,8,0,0
2023-08-21,SKU0028,1,Toys,678,0,14.571428571428571,13.566666666666666,3.6829835481701485,49.975429975429975,21,0.81,34.46,8,0,0
2023-08-28,SKU0028,1,Toys,602,0,10.857142857142858,12.966666666666667,3.6339712610912054,46.426735218508995,21,0.81,34.46,8,0,0
2023-09-04,SKU0028,1,Toys,505,0,13.857142857142858,13.766666666666667,3.0814610656067996,36.68280871670702,21,0.81,34.46,9,0,0
2023-09-11,SKU0028,1,Toys,426,0,11.285714285714286,12.866666666666667,3.093188660905449,33.10880829015544,21,0.81,34.46,9,0,0
2023-09-18,SKU0028,1,Toys,324,622,14.571428571428571,12.6,3.9004862649993135,25.714285714285715,21,0.81,34.46,9,0,0
2023-09-25,SKU0028,1,Toys,230,622,13.428571428571429,13.266666666666667,3.903432029534449,17.336683417085425,21,0.81,34.46,9,0,0
2023-10-02,SKU0028,1,Toys,139,622,13.0,13.1,3.985750480969895,10.610687022900764,21,0.81,34.46,10,0,0
2023-10-09,SKU0028,1,Toys,659,0,14.571428571428571,13.666666666666666,4.079666427653071,48.21951219512195,21,0.81,34.46,10,0,0
2023-10-16,SKU0028,1,Toys,576,0,11.857142857142858,13.266666666666667,3.5421923206937302,43.417085427135675,21,0.81,34.46,10,0,0
2023-10-23,SKU0028,1,Toys,502,0,10.571428571428571,12.766666666666667,4.2155977473919535,39.32114882506527,21,0.81,34.46,10,0,0
2023-10-30,SKU0028,1,Toys,414,0,12.571428571428571,12.4,3.8470768123342705,33.387096774193544,21,0.81,34.46,10,0,0
2023-11-06,SKU0028,1,Toys,246,622,24.0,14.533333333333333,6.801284530466862,16.926605504587155,21,0.81,34.46,11,0,0
2023-11-13,SKU0028,1,Toys,47,622,28.428571428571427,18.466666666666665,9.579911932981338,2.545126353790614,21,0.81,34.46,11,0,1
2023-11-20,SKU0028,1,Toys,0,622,6.714285714285714,17.3,11.632742138256676,0.0,21,0.81,34.46,11,0,1
2023-11-27,SKU0028,1,Toys,470,0,21.714285714285715,19.733333333333334,12.142638846680718,23.817567567567565,21,0.81,34.46,11,0,0
2023-12-04,SKU0028,1,Toys,259,622,30.142857142857142,21.933333333333334,12.979913748540103,11.808510638297872,21,0.81,34.46,12,0,0
2023-12-11,SKU0028,1,Toys,59,622,28.571428571428573,22.033333333333335,12.41101661159687,2.6777609682299546,21,0.81,34.46,12,0,1
2023-12-18,SKU0028,1,Toys,0,622,8.428571428571429,20.733333333333334,13.653175286441574,0.0,21,0.81,34.46,12,0,1
2023-01-30,SKU0028,2,Toys,74,416,10.142857142857142,10.733333333333333,3.1832897030168854,6.8944099378882,21,0.81,34.46,1,0,0
2023-02-06,SKU0028,2,Toys,423,0,9.571428571428571,10.266666666666667,3.3930286880839837,41.2012987012987,21,0.81,34.46,2,0,0
2023-02-13,SKU0028,2,Toys,340,0,11.857142857142858,10.7,3.5637059362410923,31.77570093457944,21,0.81,34.46,2,0,0
2023-02-20,SKU0028,2,Toys,262,416,11.142857142857142,10.366666666666667,2.906394060822037,25.273311897106108,21,0.81,34.46,2,0,0
2023-02-27,SKU0028,2,Toys,187,416,10.714285714285714,10.733333333333333,2.8153928290043635,17.422360248447205,21,0.81,34.46,2,0,0
2023-03-06,SKU0028,2,Toys,113,416,10.571428571428571,10.933333333333334,2.677277739039045,10.335365853658537,21,0.81,34.46,3,0,0
2023-03-13,SKU0028,2,Toys,469,0,8.571428571428571,10.333333333333334,2.509751098159464,45.387096774193544,21,0.81,34.46,3,0,0
2023-03-20,SKU0028,2,Toys,402,0,9.571428571428571,9.966666666666667,2.7099221687936965,40.33444816053512,21,0.81,34.46,3,0,0
2023-03-27,SKU0028,2,Toys,339,0,9.0,9.466666666666667,2.5152408993194237,35.809859154929576,21,0.81,34.46,3,0,0
2023-04-03,SKU0028,2,Toys,271,416,9.714285714285714,9.4,2.4297012729679457,28.829787234042552,21,0.81,34.46,4,0,0
2023-04-10,SKU0028,2,Toys,203,416,9.714285714285714,9.433333333333334,2.4308836669612224,21.519434628975265,21,0.81,34.46,4,0,0
2023-04-17,SKU0028,2,Toys,134,416,9.857142857142858,9.5,2.460025231157401,14.105263157894736,21,0.81,34.46,4,0,0
2023-04-24,SKU0028,2,Toys,477,0,10.428571428571429,10.0,2.7667982242644826,47.7,21,0.81,34.46,4,0,0
2023-05-01,SKU0028,2,Toys,407,0,10.0,10.0,3.216337604513383,40.7,21,0.81,34.46,5,0,0
2023-05-08,SKU0028,2,Toys,338,0,9.857142857142858,10.0,3.1293934633209446,33.8,21,0.81,34.46,5,0,0
2023-05-15,SKU0028,2,Toys,275,416,9.0,9.7,3.0754870654345408,28.350515463917528,21,0.81,34.46,5,0,0
2023-05-22,SKU0028,2,Toys,198,416,11.0,9.733333333333333,2.753472207123633,20.34246575342466,21,0.81,34.46,5,0,0
2023-05-29,SKU0028,2,Toys,122,416,10.857142857142858,10.3,2.5345883158877074,11.844660194174757,21,0.81,34.46,5,0,0
2023-06-05,SKU0028,2,Toys,474,0,9.142857142857142,10.066666666666666,2.347901973712045,47.08609271523179,21,0.81,34.46,6,0,0
2023-06-12,SKU0028,2,Toys,394,0,11.428571428571429,10.466666666666667,2.8494806947731828,37.64331210191083,21,0.81,34.46,6,0,0
2023-06-19,SKU0028,2,Toys,317,416,11.0,10.566666666666666,3.013570837959895,30.0,21,0.81,34.46,6,0,0
2023-06-26,SKU0028,2,Toys,255,416,8.857142857142858,10.1,3.2731931051265937,25.247524752475247,21,0.81,34.46,6,0,0
2023-07-03,SKU0028,2,Toys,184,416,10.142857142857142,10.366666666666667,3.145695836989104,17.7491961414791,21,0.81,34.46,7,0,0
2023-07-10,SKU0028,2,Toys,115,416,9.857142857142858,10.233333333333333,3.16972024582322,11.237785016286646,21,0.81,34.46,7,0,0
2023-07-17,SKU0028,2,Toys,449,0,11.714285714285714,9.9,3.397260559678169,45.35353535353535,21,0.81,34.46,7,0,0
2023-07-24,SKU0028,2,Toys,376,0,10.428571428571429,10.333333333333334,3.7813820984810103,36.387096774193544,21,0.81,34.46,7,0,0
2023-07-31,SKU0028,2,Toys,293,416,11.857142857142858,10.966666666666667,3.6623276311877033,26.717325227963524,21,0.81,34.46,7,0,0
2023-08-07,SKU0028,2,Toys,206,416,12.428571428571429,11.3,3.8430411807891676,18.23008849557522,21,0.81,34.46,8,0,0
2023-08-14,SKU0028,2,Toys,143,416,9.0,10.9,3.763252445095499,13.119266055045872,21,0.81,34.46,8,0,0
2023-08-21,SKU0028,2,Toys,485,0,10.571428571428571,10.933333333333334,3.423381402923879,44.359756097560975,21,0.81,34.46,8,0,0
2023-08-28,SKU0028,2,Toys,422,0,9.0,10.4,3.747182849867994,40.57692307692307,21,0.81,34.46,8,0,0
2023-09-04,SKU0028,2,Toys,346,0,10.857142857142858,10.133333333333333,3.559671946656894,34.14473684210527,21,0.81,34.46,9,0,0
2023-09-11,SKU0028,2,Toys,279,416,9.571428571428571,9.633333333333333,3.1784113721440606,28.961937716262977,21,0.81,34.46,9,0,0
2023-09-18,SKU0028,2,Toys,193,416,12.285714285714286,10.366666666666667,3.1456958369891024,18.617363344051444,21,0.81,34.46,9,0,0
2023-09-25,SKU0028,2,Toys,132,416,8.714285714285714,10.033333333333333,2.906394060822034,13.156146179401993,21,0.81,34.46,9,0,0
2023-10-02,SKU0028,2,Toys,468,0,11.428571428571429,10.633333333333333,3.3268327418062387,44.01253918495298,21,0.81,34.46,10,0,0
2023-10-09,SKU0028,2,Toys,401,0,9.571428571428571,10.466666666666667,3.329422993742964,38.31210191082803,21,0.81,34.46,10,0,0
2023-10-16,SKU0028,2,Toys,328,0,10.428571428571429,10.3,3.1089414985456543,31.844660194174754,21,0.81,34.46,10,0,0
2023-10-23,SKU0028,2,Toys,262,416,9.428571428571429,10.033333333333333,3.0112814700645316,26.11295681063123,21,0.81,34.46,10,0,0
2023-10-30,SKU0028,2,Toys,182,416,11.428571428571429,10.566666666666666,3.559187560659598,17.22397476340694,21,0.81,34.46,10,0,0
2023-11-06,SKU0028,2,Toys,443,0,22.142857142857142,13.233333333333333,6.117714996762209,33.476070528967256,21,0.81,34.46,11,0,0
2023-11-13,SKU0028,2,Toys,322,0,17.285714285714285,14.866666666666667,6.527043653184402,21.659192825112108,21,0.81,34.46,11,0,0
2023-11-20,SKU0028,2,Toys,199,416,17.571428571428573,16.533333333333335,6.688813787590259,12.036290322580644,21,0.81,34.46,11,0,0
2023-11-27,SKU0028,2,Toys,68,416,18.714285714285715,18.4,5.574572814930811,3.695652173913044,21,0.81,34.46,11,0,1
2023-12-04,SKU0028,2,Toys,387,0,13.857142857142858,17.433333333333334,7.64597407399672,22.198852772466537,21,0.81,34.46,12,0,0
2023-12-11,SKU0028,2,Toys,235,416,21.714285714285715,17.866666666666667,7.394001918299467,13.152985074626866,21,0.81,34.46,12,0,0
2023-12-18,SKU0028,2,Toys,60,416,25.0,19.633333333333333,7.924137430849407,3.0560271646859083,21,0.81,34.46,12,0,1
2023-01-30,SKU0028,3,Toys,150,717,21.428571428571427,20.3,3.6022023914496413,7.389162561576354,21,0.81,34.46,1,0,0
2023-02-06,SKU0028,3,Toys,719,0,21.142857142857142,20.3,3.797912312183429,35.41871921182266,21,0.81,34.46,2,0,0
2023-02-13,SKU0028,3,Toys,574,0,20.714285714285715,20.7,3.1747929609389627,27.72946859903382,21,0.81,34.46,2,0,0
2023-02-20,SKU0028,3,Toys,422,717,21.714285714285715,21.033333333333335,3.488733920466864,20.063391442155307,21,0.81,34.46,2,0,0
2023-02-27,SKU0028,3,Toys,286,717,19.428571428571427,20.7,4.227577769018974,13.816425120772948,21,0.81,34.46,2,0,0
2023-03-06,SKU0028,3,Toys,117,717,24.142857142857142,21.333333333333332,4.950327981703514,5.484375,21,0.81,34.46,3,0,0
2023-03-13,SKU0028,3,Toys,676,0,22.571428571428573,21.8,5.498589160741208,31.009174311926603,21,0.81,34.46,3,0,0
2023-03-20,SKU0028,3,Toys,541,0,19.285714285714285,21.533333333333335,5.673491495289867,25.123839009287924,21,0.81,34.46,3,0,0
2023-03-27,SKU0028,3,Toys,377,717,23.428571428571427,22.1,5.915205420981914,17.058823529411764,21,0.81,34.46,3,0,0
2023-04-03,SKU0028,3,Toys,230,717,21.0,21.766666666666666,5.157407350085182,10.566615620214396,21,0.81,34.46,4,0,0
2023-04-10,SKU0028,3,Toys,807,0,20.0,20.966666666666665,5.189401223404416,38.48966613672496,21,0.81,34.46,4,0,0
2023-04-17,SKU0028,3,Toys,656,0,21.571428571428573,21.3,4.742689474156606,30.7981220657277,21,0.81,34.46,4,0,0
2023-04-24,SKU0028,3,Toys,476,717,25.714285714285715,22.066666666666666,4.827602627229876,21.570996978851962,21,0.81,34.46,4,0,0
2023-05-01,SKU0028,3,Toys,333,717,20.428571428571427,21.733333333333334,4.79894624448652,15.322085889570552,21,0.81,34.46,5,0,0
2023-05-08,SKU0028,3,Toys,185,717,21.142857142857142,21.766666666666666,5.210621336524435,8.499234303215927,21,0.81,34.46,5,0,0
2023-05-15,SKU0028,3,Toys,714,0,26.857142857142858,23.433333333333334,5.16408908636887,30.46941678520626,21,0.81,34.46,5,0,0
2023-05-22,SKU0028,3,Toys,555,0,22.714285714285715,22.933333333333334,4.933581851460207,24.200581395348838,21,0.81,34.46,5,0,0
2023-05-29,SKU0028,3,Toys,409,717,20.857142857142858,22.533333333333335,5.721907888550593,18.150887573964496,21,0.81,34.46,5,0,0
2023-06-05,SKU0028,3,Toys,252,717,22.428571428571427,23.066666666666666,5.551845504491923,10.92485549132948,21,0.81,34.46,6,0,0
2023-06-12,SKU0028,3,Toys,87,717,23.571428571428573,23.033333333333335,5.486556192237054,3.777134587554269,21,0.81,34.46,6,0,0
2023-06-19,SKU0028,3,Toys,646,0,22.571428571428573,22.233333333333334,5.399127217675438,29.055472263868065,21,0.81,34.46,6,0,0
2023-06-26,SKU0028,3,Toys,497,717,21.285714285714285,22.633333333333333,5.229118296703526,21.95876288659794,21,0.81,34.46,6,0,0
2023-07-03,SKU0028,3,Toys,336,717,23.0,22.366666666666667,4.374560733284594,15.022354694485841,21,0.81,34.46,7,0,0
2023-07-10,SKU0028,3,Toys,197,717,19.857142857142858,21.633333333333333,4.262776603085848,9.106317411402157,21,0.81,34.46,7,0,0
2023-07-17,SKU0028,3,Toys,751,0,23.285714285714285,22.233333333333334,3.7754500378770453,33.77811094452773,21,0.81,34.46,7,0,0
2023-07-24,SKU0028,3,Toys,615,0,19.428571428571427,21.466666666666665,3.617327393430732,28.649068322981368,21,0.81,34.46,7,0,0
2023-07-31,SKU0028,3,Toys,489,717,18.0,20.266666666666666,3.786849598948633,24.128289473684212,21,0.81,34.46,7,0,0
2023-08-07,SKU0028,3,Toys,337,717,21.714285714285715,20.466666666666665,4.328998716222659,16.465798045602607,21,0.81,34.46,8,0,0
2023-08-14,SKU0028,3,Toys,196,717,20.142857142857142,20.066666666666666,4.463903760343534,9.767441860465116,21,0.81,34.46,8,0,0
2023-08-21,SKU0028,3,Toys,26,717,24.285714285714285,20.833333333333332,4.814370251605106,1.248,21,0.81,34.46,8,0,1
2023-08-28,SKU0028,3,Toys,613,0,18.571428571428573,20.8,6.030954633646602,29.471153846153847,21,0.81,34.46,8,0,0
2023-09-04,SKU0028,3,Toys,457,717,22.285714285714285,21.2,5.8214822143861085,21.556603773584907,21,0.81,34.46,9,0,0
2023-09-11,SKU0028,3,Toys,306,717,21.571428571428573,21.433333333333334,6.4202445615323,14.276827371695179,21,0.81,34.46,9,0,0
2023-09-18,SKU0028,3,Toys,141,717,23.571428571428573,21.566666666666666,6.4256132584467345,6.5378670788253475,21,0.81,34.46,9,0,0
2023-09-25,SKU0028,3,Toys,703,0,22.142857142857142,22.366666666666667,5.352945262984277,31.43070044709389,21,0.81,34.46,9,0,0
2023-10-02,SKU0028,3,Toys,544,0,22.714285714285715,22.3,5.1805338561274565,24.394618834080717,21,0.81,34.46,10,0,0
2023-10-09,SKU0028,3,Toys,421,717,17.571428571428573,20.933333333333334,5.924428290958769,20.111464968152866,21,0.81,34.46,10,0,0
2023-10-16,SKU0028,3,Toys,280,717,20.142857142857142,21.033333333333335,5.561464290766531,13.312202852614895,21,0.81,34.46,10,0,0
2023-10-23,SKU0028,3,Toys,840,0,22.428571428571427,20.966666666666665,5.410611115546762,40.06359300476948,21,0.81,34.46,10,0,0
2023-10-30,SKU0028,3,Toys,703,0,19.571428571428573,19.933333333333334,5.375123628623669,35.26755852842809,21,0.81,34.46,10,0,0
2023-11-06,SKU0028,3,Toys,453,717,35.714285714285715,24.2,7.871379846612362,18.71900826446281,21,0.81,34.46,11,0,0
2023-11-13,SKU0028,3,Toys,160,717,41.857142857142854,29.1,10.466201761400603,5.498281786941581,21,0.81,34.46,11,0,1
2023-11-20,SKU0028,3,Toys,0,717,22.857142857142858,29.333333333333332,13.285546549782474,0.0,21,0.81,34.46,11,0,1
2023-11-27,SKU0028,3,Toys,582,0,19.285714285714285,29.4,17.30576941867694,19.79591836734694,21,0.81,34.46,11,0,0
2023-12-04,SKU0028,3,Toys,258,717,46.285714285714285,32.833333333333336,18.732386362943057,7.857868020304568,21,0.81,34.46,12,0,1
2023-12-11,SKU0028,3,Toys,0,717,36.857142857142854,32.0,20.63475474650174,0.0,21,0.81,34.46,12,0,1
2023-12-18,SKU0028,3,Toys,0,717,0.0,23.9,23.882398655018754,0.0,21,0.81,34.46,12,0,0
2023-01-30,SKU0028,4,Toys,345,0,7.857142857142857,8.066666666666666,3.1724387805112886,42.768595041322314,21,0.81,34.46,1,0,0
2023-02-06,SKU0028,4,Toys,286,0,8.428571428571429,7.8,3.231312320148708,36.666666666666664,21,0.81,34.46,2,0,0
2023-02-13,SKU0028,4,Toys,233,0,7.571428571428571,7.933333333333334,3.3828505968959868,29.369747899159663,21,0.81,34.46,2,0,0
2023-02-20,SKU0028,4,Toys,179,317,7.714285714285714,7.966666666666667,3.468909530866051,22.468619246861923,21,0.81,34.46,2,0,0
2023-02-27,SKU0028,4,Toys,126,317,7.571428571428571,7.866666666666666,3.501067160790808,16.016949152542374,21,0.81,34.46,2,0,0
2023-03-06,SKU0028,4,Toys,69,317,8.142857142857142,7.766666666666667,3.339247626733255,8.88412017167382,21,0.81,34.46,3,0,0
2023-03-13,SKU0028,4,Toys,335,0,7.285714285714286,7.6,3.838102979696952,44.078947368421055,21,0.81,34.46,3,0,0
2023-03-20,SKU0028,4,Toys,279,0,8.0,7.733333333333333,3.7410429426632588,36.07758620689655,21,0.81,34.46,3,0,0
2023-03-27,SKU0028,4,Toys,230,0,7.0,7.5,3.308817894969285,30.666666666666668,21,0.81,34.46,3,0,0
2023-04-03,SKU0028,4,Toys,177,317,7.571428571428571,7.5,2.873781600897183,23.6,21,0.81,34.46,4,0,0
2023-04-10,SKU0028,4,Toys,120,317,8.142857142857142,7.533333333333333,1.6344003083137537,15.929203539823009,21,0.81,34.46,4,0,0
2023-04-17,SKU0028,4,Toys,78,317,6.0,7.4,1.9930915164897594,10.54054054054054,21,0.81,34.46,4,0,0
2023-04-24,SKU0028,4,Toys,348,0,6.714285714285714,7.1,2.4261506335245806,49.014084507042256,21,0.81,34.46,4,0,0
2023-05-01,SKU0028,4,Toys,296,0,7.428571428571429,7.1,2.9519134647628604,41.690140845070424,21,0.81,34.46,5,0,0
2023-05-08,SKU0028,4,Toys,233,0,9.0,7.3,3.120013262571281,31.917808219178085,21,0.81,34.46,5,0,0
2023-05-15,SKU0028,4,Toys,193,317,5.714285714285714,7.0,3.2483417520222577,27.571428571428573,21,0.81,34.46,5,0,0
2023-05-22,SKU0028,4,Toys,134,317,8.428571428571429,7.566666666666666,3.16972024582322,17.709251101321588,21,0.81,34.46,5,0,0
2023-05-29,SKU0028,4,Toys,71,317,9.0,7.833333333333333,2.9370796348769983,9.063829787234043,21,0.81,34.46,5,0,0
2023-06-05,SKU0028,4,Toys,329,0,8.428571428571429,7.966666666666667,2.8343135559308426,41.29707112970711,21,0.81,34.46,6,0,0
2023-06-12,SKU0028,4,Toys,280,0,7.0,7.9,2.8569334898658814,35.44303797468354,21,0.81,34.46,6,0,0
2023-06-19,SKU0028,4,Toys,222,0,8.285714285714286,8.066666666666666,2.2732831086237426,27.520661157024794,21,0.81,34.46,6,0,0
2023-06-26,SKU0028,4,Toys,159,317,9.0,8.2,2.369344445927666,19.390243902439025,21,0.81,34.46,6,0,0
2023-07-03,SKU0028,4,Toys,103,317,8.0,8.266666666666667,2.462593717220109,12.459677419354838,21,0.81,34.46,7,0,0
2023-07-10,SKU0028,4,Toys,40,317,9.0,8.5,2.1932498324600895,4.705882352941177,21,0.81,34.46,7,0,0
2023-07-17,SKU0028,4,Toys,302,0,7.857142857142857,8.5,2.460025231157404,35.529411764705884,21,0.81,34.46,7,0,0
2023-07-24,SKU0028,4,Toys,255,0,6.714285714285714,8.033333333333333,2.552663697791581,31.74273858921162,21,0.81,34.46,7,0,0
2023-07-31,SKU0028,4,Toys,212,0,6.142857142857143,7.466666666666667,2.445732854463523,28.392857142857142,21,0.81,34.46,7,0,0
2023-08-07,SKU0028,4,Toys,152,317,8.571428571428571,7.366666666666666,2.9651229355607667,20.63348416289593,21,0.81,34.46,8,0,0
2023-08-14,SKU0028,4,Toys,90,317,8.857142857142858,7.4,3.046761989504537,12.162162162162161,21,0.81,34.46,8,0,0
2023-08-21,SKU0028,4,Toys,54,317,5.142857142857143,7.1,3.325450449135449,7.605633802816902,21,0.81,34.46,8,0,0
2023-08-28,SKU0028,4,Toys,303,0,9.714285714285714,7.833333333333333,3.6396602089730297,38.68085106382979,21,0.81,34.46,8,0,0
2023-09-04,SKU0028,4,Toys,253,0,7.142857142857143,8.033333333333333,3.398613645686086,31.49377593360996,21,0.81,34.46,9,0,0
2023-09-11,SKU0028,4,Toys,205,317,6.857142857142857,7.266666666666667,3.1286587776755748,28.211009174311926,21,0.81,34.46,9,0,0
2023-09-18,SKU0028,4,Toys,152,317,7.571428571428571,7.533333333333333,3.2027287216321962,20.17699115044248,21,0.81,34.46,9,0,0
2023-09-25,SKU0028,4,Toys,97,317,7.857142857142857,7.7,3.2710854467592236,12.597402597402597,21,0.81,34.46,9,0,0
2023-10-02,SKU0028,4,Toys,345,0,9.857142857142858,7.933333333333334,3.289831075564081,43.48739495798319,21,0.81,34.46,10,0,0
2023-10-09,SKU0028,4,Toys,278,0,9.571428571428571,8.433333333333334,3.420862296347911,32.96442687747035,21,0.81,34.46,10,0,0
2023-10-16,SKU0028,4,Toys,209,0,9.857142857142858,9.0,2.9942473580817106,23.22222222222222,21,0.81,34.46,10,0,0
2023-10-23,SKU0028,4,Toys,139,317,10.0,9.7,2.3510819226255286,14.329896907216495,21,0.81,34.46,10,0,0
2023-10-30,SKU0028,4,Toys,70,317,9.857142857142858,9.766666666666667,2.9674479146965296,7.167235494880545,21,0.81,34.46,10,0,1
2023-11-06,SKU0028,4,Toys,309,0,11.142857142857142,10.066666666666666,3.964787539059951,30.695364238410598,21,0.81,34.46,11,0,0
2023-11-13,SKU0028,4,Toys,207,0,14.571428571428571,11.366666666666667,4.31903032965801,18.211143695014663,21,0.81,34.46,11,0,0
2023-11-20,SKU0028,4,Toys,89,317,16.857142857142858,13.0,5.125998641139653,6.846153846153846,21,0.81,34.46,11,0,1
2023-11-27,SKU0028,4,Toys,0,317,12.714285714285714,13.533333333333333,5.418571725116311,0.0,21,0.81,34.46,11,0,1
2023-12-04,SKU0028,4,Toys,0,317,0.0,10.6,7.6905674424067625,0.0,21,0.81,34.46,12,0,1
2023-12-11,SKU0028,4,Toys,206,0,15.857142857142858,11.633333333333333,8.339698718337711,17.707736389684815,21,0.81,34.46,12,0,0
2023-12-18,SKU0028,4,Toys,63,317,20.428571428571427,12.533333333333333,9.027671381630629,5.026595744680851,21,0.81,34.46,12,0,1
2023-01-30,SKU0029,1,Grocery,446,698,30.142857142857142,31.5,6.038668499046732,14.158730158730158,10,0.77,21.14,1,0,0
2023-02-06,SKU0029,1,Grocery,240,698,29.428571428571427,30.666666666666668,5.707426096208182,7.826086956521739,10,0.77,21.14,2,0,0
2023-02-13,SKU0029,1,Grocery,735,0,29.0,30.3,5.645565852339644,24.257425742574256,10,0.77,21.14,2,0,0
2023-02-20,SKU0029,1,Grocery,512,0,31.857142857142858,30.366666666666667,6.718391296225266,16.86059275521405,10,0.77,21.14,2,0,0
2023-02-27,SKU0029,1,Grocery,297,698,30.714285714285715,30.433333333333334,6.3119117456645,9.759036144578314,10,0.77,21.14,2,0,0
2023-03-06,SKU0029,1,Grocery,780,0,30.714285714285715,30.366666666666667,6.5415559328793105,25.686059275521405,10,0.77,21.14,3,0,0
2023-03-13,SKU0029,1,Grocery,548,0,33.142857142857146,31.566666666666666,6.25152854871529,17.360084477296727,10,0.77,21.14,3,0,0
2023-03-20,SKU0029,1,Grocery,348,698,28.571428571428573,30.8,5.3973173413056434,11.298701298701298,10,0.77,21.14,3,0,0
2023-03-27,SKU0029,1,Grocery,152,698,28.0,30.233333333333334,5.289438620453046,5.027563395810364,10,0.77,21.14,3,0,0
2023-04-03,SKU0029,1,Grocery,637,0,30.428571428571427,29.7,5.784342718896864,21.44781144781145,10,0.77,21.14,4,0,0
2023-04-10,SKU0029,1,Grocery,408,698,32.714285714285715,30.6,5.684825536400421,13.333333333333332,10,0.77,21.14,4,0,0
2023-04-17,SKU0029,1,Grocery,169,698,34.142857142857146,31.4,5.295411155929709,5.382165605095541,10,0.77,21.14,4,0,0
2023-04-24,SKU0029,1,Grocery,651,0,30.857142857142858,31.7,5.207090656350076,20.53627760252366,10,0.77,21.14,4,0,0
2023-05-01,SKU0029,1,Grocery,440,698,30.142857142857142,31.7,4.88594042054377,13.8801261829653,10,0.77,21.14,5,0,0
2023-05-08,SKU0029,1,Grocery,217,698,31.857142857142858,31.866666666666667,5.137645598798204,6.809623430962343,10,0.77,21.14,5,0,0
2023-05-15,SKU0029,1,Grocery,707,0,29.714285714285715,30.7,4.65462321153703,23.029315960912054,10,0.77,21.14,5,0,0
2023-05-22,SKU0029,1,Grocery,498,0,29.857142857142858,30.333333333333332,5.141671091113801,16.41758241758242,10,0.77,21.14,5,0,0
2023-05-29,SKU0029,1,Grocery,298,698,28.571428571428573,30.033333333333335,4.852893437181952,9.922308546059933,10,0.77,21.14,5,0,0
2023-06-05,SKU0029,1,Grocery,791,0,29.285714285714285,29.566666666666666,5.605928717135918,26.753100338218715,10,0.77,21.14,6,0,0
2023-06-12,SKU0029,1,Grocery,586,0,29.285714285714285,29.266666666666666,5.46419905058077,20.022779043280185,10,0.77,21.14,6,0,0
2023-06-19,SKU0029,1,Grocery,365,698,31.571428571428573,29.4,5.13003327272936,12.414965986394558,10,0.77,21.14,6,0,0
2023-06-26,SKU0029,1,Grocery,835,0,32.57142857142857,30.133333333333333,6.26282592012161,27.710176991150444,10,0.77,21.14,6,0,0
2023-07-03,SKU0029,1,Grocery,624,0,30.142857142857142,30.966666666666665,5.696237919608133,20.150699677072122,10,0.77,21.14,7,0,0
2023-07-10,SKU0029,1,Grocery,387,698,33.857142857142854,31.633333333333333,6.206133414133389,12.233930453108535,10,0.77,21.14,7,0,0
2023-07-17,SKU0029,1,Grocery,869,0,30.857142857142858,31.6,6.74971263756133,27.5,10,0.77,21.14,7,0,0
2023-07-24,SKU0029,1,Grocery,661,0,29.714285714285715,31.766666666666666,7.064644039319943,20.80797481636936,10,0.77,21.14,7,0,0
2023-07-31,SKU0029,1,Grocery,434,698,32.42857142857143,31.333333333333332,6.6867513545937145,13.851063829787234,10,0.77,21.14,7,0,0
2023-08-07,SKU0029,1,Grocery,228,698,29.428571428571427,30.733333333333334,7.1435204946490645,7.4186550976138825,10,0.77,21.14,8,0,0
2023-08-14,SKU0029,1,Grocery,737,0,27.0,29.933333333333334,6.982408108131871,24.621380846325167,10,0.77,21.14,8,0,0
2023-08-21,SKU0029,1,Grocery,515,0,31.714285714285715,29.9,6.407700109216655,17.22408026755853,10,0.77,21.14,8,0,0
2023-08-28,SKU0029,1,Grocery,283,698,33.142857142857146,30.433333333333334,6.306446255048564,9.299014238773275,10,0.77,21.14,8,0,0
2023-09-04,SKU0029,1,Grocery,757,0,32.0,31.0,6.045802191432582,24.419354838709676,10,0.77,21.14,9,0,0
2023-09-11,SKU0029,1,Grocery,530,0,32.42857142857143,32.13333333333333,6.537601233255013,16.49377593360996,10,0.77,21.14,9,0,0
2023-09-18,SKU0029,1,Grocery,298,698,33.142857142857146,32.53333333333333,6.527043653184396,9.15983606557377,10,0.77,21.14,9,0,0
2023-09-25,SKU0029,1,Grocery,789,0,29.571428571428573,31.933333333333334,5.912775958907109,24.707724425887264,10,0.77,21.14,9,0,0
2023-10-02,SKU0029,1,Grocery,569,0,31.428571428571427,31.6,5.629969069554285,18.00632911392405,10,0.77,21.14,10,0,0
2023-10-09,SKU0029,1,Grocery,351,698,31.142857142857142,31.7,4.900035186362055,11.072555205047319,10,0.77,21.14,10,0,0
2023-10-16,SKU0029,1,Grocery,815,0,33.42857142857143,31.8,5.320098521255229,25.628930817610062,10,0.77,21.14,10,0,0
2023-10-23,SKU0029,1,Grocery,596,0,31.285714285714285,31.666666666666668,5.261003793910459,18.821052631578947,10,0.77,21.14,10,0,0
2023-10-30,SKU0029,1,Grocery,388,698,29.714285714285715,31.1,5.9558722109447135,12.47588424437299,10,0.77,21.14,10,0,0
2023-11-06,SKU0029,1,Grocery,814,0,38.857142857142854,32.93333333333333,7.0267142138895995,24.716599190283404,10,0.77,21.14,11,0,0
2023-11-13,SKU0029,1,Grocery,534,0,40.0,34.733333333333334,7.291626436670626,15.374280230326296,10,0.77,21.14,11,0,0
2023-11-20,SKU0029,1,Grocery,234,698,42.857142857142854,37.266666666666666,8.283483081048875,6.279069767441861,10,0.77,21.14,11,0,0
2023-11-27,SKU0029,1,Grocery,649,0,40.42857142857143,39.9,6.984465521476185,16.265664160401002,10,0.77,21.14,11,0,0
2023-12-04,SKU0029,1,Grocery,347,698,43.142857142857146,41.7,5.983598271597283,8.321342925659472,10,0.77,21.14,12,0,0
2023-12-11,SKU0029,1,Grocery,722,0,46.142857142857146,42.833333333333336,6.853558518595723,16.85603112840467,10,0.77,21.14,12,0,0
2023-12-18,SKU0029,1,Grocery,385,698,48.142857142857146,44.53333333333333,7.276477611920588,8.645209580838324,10,0.77,21.14,12,0,0
2023-01-30,SKU0029,2,Grocery,75,115,6.285714285714286,6.033333333333333,2.760351468542558,12.430939226519337,10,0.77,21.14,1,0,0
2023-02-06,SKU0029,2,Grocery,149,0,5.857142857142857,5.866666666666666,2.445732854463525,25.397727272727273,10,0.77,21.14,2,0,0
2023-02-13,SKU0029,2,Grocery,102,0,6.714285714285714,6.066666666666666,2.6643668243529537,16.813186813186814,10,0.77,21.14,2,0,0
2023-02-20,SKU0029,2,Grocery,61,115,5.857142857142857,6.1,2.2946714887711726,10.0,10,0.77,21.14,2,0,0
2023-02-27,SKU0029,2,Grocery,140,0,5.142857142857143,5.866666666666666,2.2702473408212036,23.863636363636367,10,0.77,21.14,2,0,0
2023-03-06,SKU0029,2,Grocery,98,0,6.0,6.033333333333333,2.4138013136149366,16.243093922651934,10,0.77,21.14,3,0,0
2023-03-13,SKU0029,2,Grocery,65,115,4.714285714285714,5.3,2.743644693996756,12.264150943396228,10,0.77,21.14,3,0,0
2023-03-20,SKU0029,2,Grocery,20,115,6.428571428571429,5.733333333333333,2.887945616707051,3.488372093023256,10,0.77,21.14,3,0,0
2023-03-27,SKU0029,2,Grocery,88,115,6.714285714285714,5.966666666666667,2.870580060729446,14.748603351955307,10,0.77,21.14,3,0,0
2023-04-03,SKU0029,2,Grocery,45,115,6.142857142857143,6.166666666666667,2.85371304810409,7.297297297297297,10,0.77,21.14,4,0,0
2023-04-10,SKU0029,2,Grocery,101,0,8.428571428571429,6.9,2.6437955995904416,14.63768115942029,10,0.77,21.14,4,0,0
2023-04-17,SKU0029,2,Grocery,52,115,7.0,7.033333333333333,2.6714755490543785,7.393364928909953,10,0.77,21.14,4,0,0
2023-04-24,SKU0029,2,Grocery,120,0,6.714285714285714,7.066666666666666,2.43442740323247,16.9811320754717,10,0.77,21.14,4,0,0
2023-05-01,SKU0029,2,Grocery,83,115,5.285714285714286,6.8,2.8575369186380257,12.205882352941178,10,0.77,21.14,5,0,0
2023-05-08,SKU0029,2,Grocery,153,0,6.428571428571429,6.466666666666667,2.861556525236996,23.65979381443299,10,0.77,21.14,5,0,0
2023-05-15,SKU0029,2,Grocery,105,0,6.857142857142857,6.466666666666667,2.6747005418374856,16.237113402061855,10,0.77,21.14,5,0,0
2023-05-22,SKU0029,2,Grocery,75,115,4.285714285714286,5.733333333333333,2.9470421563432647,13.081395348837209,10,0.77,21.14,5,0,0
2023-05-29,SKU0029,2,Grocery,140,0,7.142857142857143,6.066666666666666,2.728310495695007,23.076923076923077,10,0.77,21.14,5,0,0
2023-06-05,SKU0029,2,Grocery,92,115,6.857142857142857,6.333333333333333,2.8687776242628593,14.526315789473685,10,0.77,21.14,6,0,0
2023-06-12,SKU0029,2,Grocery,61,115,4.428571428571429,5.633333333333334,2.965122935560767,10.828402366863905,10,0.77,21.14,6,0,0
2023-06-19,SKU0029,2,Grocery,130,0,6.571428571428571,5.933333333333334,2.8276142415206795,21.91011235955056,10,0.77,21.14,6,0,0
2023-06-26,SKU0029,2,Grocery,86,115,6.285714285714286,6.2,2.721561417959207,13.870967741935484,10,0.77,21.14,6,0,0
2023-07-03,SKU0029,2,Grocery,162,0,5.571428571428571,5.733333333333333,2.180372213294267,28.25581395348837,10,0.77,21.14,7,0,0
2023-07-10,SKU0029,2,Grocery,128,0,4.857142857142857,5.666666666666667,2.3242845889810284,22.588235294117645,10,0.77,21.14,7,0,0
2023-07-17,SKU0029,2,Grocery,77,115,7.285714285714286,6.1,2.440322194668789,12.622950819672132,10,0.77,21.14,7,0,0
2023-07-24,SKU0029,2,Grocery,38,115,5.571428571428571,5.633333333333334,2.4422055229017783,6.745562130177515,10,0.77,21.14,7,0,0
2023-07-31,SKU0029,2,Grocery,111,0,6.0,5.966666666666667,2.341283664019013,18.60335195530726,10,0.77,21.14,7,0,0
2023-08-07,SKU0029,2,Grocery,69,115,6.0,6.0,2.067815772491716,11.5,10,0.77,21.14,8,0,0
2023-08-14,SKU0029,2,Grocery,145,0,5.571428571428571,5.733333333333333,1.6801751413906596,25.290697674418606,10,0.77,21.14,8,0,0
2023-08-21,SKU0029,2,Grocery,95,115,7.142857142857143,6.2,2.0068847019439215,15.32258064516129,10,0.77,21.14,8,0,0
2023-08-28,SKU0029,2,Grocery,46,115,7.0,6.366666666666666,2.1412747304501494,7.225130890052356,10,0.77,21.14,8,0,0
2023-09-04,SKU0029,2,Grocery,114,0,6.714285714285714,6.5,2.1131770492268984,17.53846153846154,10,0.77,21.14,9,0,0
2023-09-11,SKU0029,2,Grocery,82,115,4.571428571428571,6.3,2.1837961253838167,13.015873015873016,10,0.77,21.14,9,0,0
2023-09-18,SKU0029,2,Grocery,159,0,5.428571428571429,5.966666666666667,2.3116397126108414,26.64804469273743,10,0.77,21.14,9,0,0
2023-09-25,SKU0029,2,Grocery,117,0,6.0,5.766666666666667,2.011747110543869,20.289017341040463,10,0.77,21.14,9,0,0
2023-10-02,SKU0029,2,Grocery,81,115,5.142857142857143,5.3,1.8964576779190012,15.283018867924529,10,0.77,21.14,10,0,0
2023-10-09,SKU0029,2,Grocery,35,115,6.571428571428571,5.766666666666667,2.028815406591488,6.069364161849711,10,0.77,21.14,10,0,0
2023-10-16,SKU0029,2,Grocery,112,0,5.428571428571429,5.766666666666667,2.1764148522732056,19.421965317919074,10,0.77,21.14,10,0,0
2023-10-23,SKU0029,2,Grocery,70,115,6.0,5.766666666666667,2.2694877643740834,12.138728323699421,10,0.77,21.14,10,0,0
2023-10-30,SKU0029,2,Grocery,134,0,7.285714285714286,6.333333333333333,2.770949461744155,21.157894736842106,10,0.77,21.14,10,0,0
2023-11-06,SKU0029,2,Grocery,72,115,8.857142857142858,6.966666666666667,3.1015383650512924,10.334928229665072,10,0.77,21.14,11,0,0
2023-11-13,SKU0029,2,Grocery,131,0,8.0,7.3,3.064254423577419,17.945205479452056,10,0.77,21.14,11,0,0
2023-11-20,SKU0029,2,Grocery,62,115,9.857142857142858,8.333333333333334,2.868777624262857,7.4399999999999995,10,0.77,21.14,11,0,0
2023-11-27,SKU0029,2,Grocery,114,0,9.0,8.7,2.2765672888561044,13.10344827586207,10,0.77,21.14,11,0,0
2023-12-04,SKU0029,2,Grocery,49,115,9.285714285714286,9.066666666666666,2.651393040926079,5.404411764705882,10,0.77,21.14,12,0,0
2023-12-11,SKU0029,2,Grocery,94,0,10.0,9.266666666666667,2.8397830579274763,10.14388489208633,10,0.77,21.14,12,0,0
2023-12-18,SKU0029,2,Grocery,22,115,10.285714285714286,9.7,2.9024365507336163,2.2680412371134024,10,0.77,21.14,12,0,1
2023-01-30,SKU0029,3,Grocery,244,0,17.857142857142858,17.833333333333332,4.713029140389535,13.682242990654206,10,0.77,21.14,1,0,0
2023-02-06,SKU0029,3,Grocery,121,273,17.571428571428573,17.766666666666666,3.9539010272556574,6.810506566604128,10,0.77,21.14,2,0,0
2023-02-13,SKU0029,3,Grocery,263,0,18.714285714285715,17.766666666666666,3.847823687025795,14.803001876172608,10,0.77,21.14,2,0,0
2023-02-20,SKU0029,3,Grocery,153,273,15.714285714285714,17.566666666666666,2.896886953781336,8.709677419354838,10,0.77,21.14,2,0,0
2023-02-27,SKU0029,3,Grocery,37,273,16.571428571428573,16.966666666666665,2.3850588561137114,2.180746561886051,10,0.77,21.14,2,0,1
2023-03-06,SKU0029,3,Grocery,252,0,8.285714285714286,15.066666666666666,5.924428290958771,16.72566371681416,10,0.77,21.14,3,0,0
2023-03-13,SKU0029,3,Grocery,133,273,17.0,14.5,5.923361114819164,9.172413793103448,10,0.77,21.14,3,0,1
2023-03-20,SKU0029,3,Grocery,0,273,19.0,15.166666666666666,6.18721336268617,0.0,10,0.77,21.14,3,0,1
2023-03-27,SKU0029,3,Grocery,221,0,7.428571428571429,13.233333333333333,8.435080006297726,16.700251889168765,10,0.77,21.14,3,0,0
2023-04-03,SKU0029,3,Grocery,102,273,17.0,14.8,7.222569988679881,6.891891891891891,10,0.77,21.14,4,0,0
2023-04-10,SKU0029,3,Grocery,253,0,17.428571428571427,15.1,7.5308560671047395,16.75496688741722,10,0.77,21.14,4,0,0
2023-04-17,SKU0029,3,Grocery,151,273,14.571428571428571,14.5,7.5965055487193665,10.413793103448276,10,0.77,21.14,4,0,0
2023-04-24,SKU0029,3,Grocery,309,0,16.428571428571427,16.733333333333334,4.791755371492776,18.46613545816733,10,0.77,21.14,4,0,0
2023-05-01,SKU0029,3,Grocery,184,0,17.857142857142858,16.5,5.063391258285573,11.151515151515152,10,0.77,21.14,5,0,0
2023-05-08,SKU0029,3,Grocery,75,273,15.571428571428571,16.066666666666666,4.55565834852722,4.668049792531121,10,0.77,21.14,5,0,0
2023-05-15,SKU0029,3,Grocery,228,0,17.142857142857142,16.533333333333335,4.454624356881233,13.79032258064516,10,0.77,21.14,5,0,0
2023-05-22,SKU0029,3,Grocery,95,273,19.0,17.2,4.6860026344054875,5.523255813953488,10,0.77,21.14,5,0,0
2023-05-29,SKU0029,3,Grocery,251,0,16.714285714285715,17.466666666666665,4.939170203470474,14.37022900763359,10,0.77,21.14,5,0,0
2023-06-05,SKU0029,3,Grocery,138,273,16.142857142857142,17.033333333333335,5.034250506373271,8.101761252446183,10,0.77,21.14,6,0,0
2023-06-12,SKU0029,3,Grocery,302,0,15.571428571428571,16.766666666666666,4.861412689057917,18.01192842942346,10,0.77,21.14,6,0,0
2023-06-19,SKU0029,3,Grocery,184,0,16.857142857142858,16.333333333333332,5.208304597621877,11.26530612244898,10,0.77,21.14,6,0,0
2023-06-26,SKU0029,3,Grocery,83,273,14.428571428571429,15.833333333333334,4.734927690037625,5.242105263157894,10,0.77,21.14,6,0,0
2023-07-03,SKU0029,3,Grocery,225,0,18.714285714285715,16.066666666666666,4.5252802034283155,14.004149377593361,10,0.77,21.14,7,0,0
2023-07-10,SKU0029,3,Grocery,112,273,16.142857142857142,16.266666666666666,4.362325647802013,6.885245901639345,10,0.77,21.14,7,0,1
2023-07-17,SKU0029,3,Grocery,0,273,16.0,16.5,4.368776361471449,0.0,10,0.77,21.14,7,0,1
2023-07-24,SKU0029,3,Grocery,202,0,10.142857142857142,15.166666666666666,6.011961257436673,13.31868131868132,10,0.77,21.14,7,0,0
2023-07-31,SKU0029,3,Grocery,74,273,18.285714285714285,15.233333333333333,6.558402524865405,4.857768052516412,10,0.77,21.14,7,0,1
2023-08-07,SKU0029,3,Grocery,243,0,14.857142857142858,14.966666666666667,7.019594905952777,16.23608017817372,10,0.77,21.14,8,0,0
2023-08-14,SKU0029,3,Grocery,133,273,15.714285714285714,14.466666666666667,7.001149330932958,9.193548387096774,10,0.77,21.14,8,0,0
2023-08-21,SKU0029,3,Grocery,279,0,18.142857142857142,16.633333333333333,5.659799760886715,16.773547094188377,10,0.77,21.14,8,0,0
2023-08-28,SKU0029,3,Grocery,150,273,18.428571428571427,16.6,5.1901763972414985,9.036144578313252,10,0.77,21.14,8,0,0
2023-09-04,SKU0029,3,Grocery,25,273,17.857142857142858,17.366666666666667,4.189340605947868,1.4395393474088292,10,0.77,21.14,9,0,0
2023-09-11,SKU0029,3,Grocery,197,0,14.428571428571429,17.233333333333334,4.248190960489134,11.431334622823984,10,0.77,21.14,9,0,0
2023-09-18,SKU0029,3,Grocery,81,273,16.571428571428573,16.833333333333332,3.966091912383178,4.811881188118813,10,0.77,21.14,9,0,0
2023-09-25,SKU0029,3,Grocery,261,0,13.285714285714286,15.566666666666666,3.910051885477538,16.76659528907923,10,0.77,21.14,9,0,0
2023-10-02,SKU0029,3,Grocery,121,273,20.0,16.066666666666666,4.242098808237565,7.531120331950207,10,0.77,21.14,10,0,1
2023-10-09,SKU0029,3,Grocery,0,273,17.285714285714285,16.6,5.282371463259854,0.0,10,0.77,21.14,10,0,1
2023-10-16,SKU0029,3,Grocery,248,0,3.5714285714285716,13.833333333333334,7.974456346547305,17.927710843373493,10,0.77,21.14,10,0,0
2023-10-23,SKU0029,3,Grocery,142,273,15.142857142857142,13.833333333333334,8.043345218181964,10.265060240963855,10,0.77,21.14,10,0,0
2023-10-30,SKU0029,3,Grocery,27,273,16.428571428571427,13.3,7.405263738347395,2.0300751879699246,10,0.77,21.14,10,0,1
2023-11-06,SKU0029,3,Grocery,220,0,11.428571428571429,11.9,8.061616163798291,18.48739495798319,10,0.77,21.14,11,0,0
2023-11-13,SKU0029,3,Grocery,69,273,21.571428571428573,15.9,6.738208090869714,4.339622641509433,10,0.77,21.14,11,0,1
2023-11-20,SKU0029,3,Grocery,201,0,20.142857142857142,17.3,7.437787954437285,11.618497109826588,10,0.77,21.14,11,0,0
2023-11-27,SKU0029,3,Grocery,33,273,24.0,18.933333333333334,8.270985153069661,1.7429577464788732,10,0.77,21.14,11,0,1
2023-12-04,SKU0029,3,Grocery,136,273,24.285714285714285,22.5,8.398480979237887,6.044444444444444,10,0.77,21.14,12,0,1
2023-12-11,SKU0029,3,Grocery,0,273,19.428571428571427,21.666666666666668,9.367343616884218,0.0,10,0.77,21.14,12,0,1
2023-12-18,SKU0029,3,Grocery,136,273,19.571428571428573,21.766666666666666,10.203729315991426,6.248085758039816,10,0.77,21.14,12,0,1
2023-01-30,SKU0029,4,Grocery,632,0,30.428571428571427,30.466666666666665,5.882371872856622,20.74398249452954,10,0.77,21.14,1,0,0
2023-02-06,SKU0029,4,Grocery,425,482,29.571428571428573,30.1,6.391535350596994,14.119601328903654,10,0.77,21.14,2,0,0
2023-02-13,SKU0029,4,Grocery,224,482,28.714285714285715,30.266666666666666,6.296870231523251,7.400881057268723,10,0.77,21.14,2,0,0
2023-02-20,SKU0029,4,Grocery,510,0,28.0,28.933333333333334,6.175219294351689,17.62672811059908,10,0.77,21.14,2,0,0
2023-02-27,SKU0029,4,Grocery,310,482,28.571428571428573,28.9,5.719597285075961,10.726643598615917,10,0.77,21.14,2,0,0
2023-03-06,SKU0029,4,Grocery,590,0,28.857142857142858,28.4,5.069176631775417,20.774647887323944,10,0.77,21.14,3,0,0
2023-03-13,SKU0029,4,Grocery,364,482,32.285714285714285,29.1,5.364956534836948,12.508591065292096,10,0.77,21.14,3,0,0
2023-03-20,SKU0029,4,Grocery,144,482,31.428571428571427,30.366666666666667,5.416980539093667,4.742041712403951,10,0.77,21.14,3,0,0
2023-03-27,SKU0029,4,Grocery,418,482,29.714285714285715,30.466666666666665,4.994709845104277,13.719912472647703,10,0.77,21.14,3,0,0
2023-04-03,SKU0029,4,Grocery,213,482,29.285714285714285,30.4,4.917246215599495,7.006578947368421,10,0.77,21.14,4,0,0
2023-04-10,SKU0029,4,Grocery,472,0,31.857142857142858,30.966666666666665,4.838661351878313,15.242195909580195,10,0.77,21.14,4,0,0
2023-04-17,SKU0029,4,Grocery,246,482,32.285714285714285,31.133333333333333,4.462358533125824,7.901498929336189,10,0.77,21.14,4,0,0
2023-04-24,SKU0029,4,Grocery,519,0,29.857142857142858,30.733333333333334,4.813295761944614,16.887201735357916,10,0.77,21.14,4,0,0
2023-05-01,SKU0029,4,Grocery,300,482,31.285714285714285,31.033333333333335,5.429696970863314,9.667024704618688,10,0.77,21.14,5,0,0
2023-05-08,SKU0029,4,Grocery,566,0,30.857142857142858,31.066666666666666,6.736075463033212,18.218884120171673,10,0.77,21.14,5,0,0
2023-05-15,SKU0029,4,Grocery,349,482,31.0,30.833333333333332,6.823303544791759,11.31891891891892,10,0.77,21.14,5,0,0
2023-05-22,SKU0029,4,Grocery,640,0,27.285714285714285,30.233333333333334,6.946511569738134,21.168687982359426,10,0.77,21.14,5,0,0
2023-05-29,SKU0029,4,Grocery,398,482,34.57142857142857,30.766666666666666,7.65498860709228,12.936078006500543,10,0.77,21.14,5,0,0
2023-06-05,SKU0029,4,Grocery,177,482,31.571428571428573,31.533333333333335,7.431217161794361,5.613107822410147,10,0.77,21.14,6,0,0
2023-06-12,SKU0029,4,Grocery,436,0,31.857142857142858,31.166666666666668,6.136849317054299,13.989304812834224,10,0.77,21.14,6,0,0
2023-06-19,SKU0029,4,Grocery,228,482,29.714285714285715,31.766666666666666,5.846798908057661,7.177334732423924,10,0.77,21.14,6,0,0
2023-06-26,SKU0029,4,Grocery,508,0,28.857142857142858,30.766666666666666,5.302460933757358,16.511375947995667,10,0.77,21.14,6,0,0
2023-07-03,SKU0029,4,Grocery,274,482,33.42857142857143,30.833333333333332,5.265917304465692,8.886486486486486,10,0.77,21.14,7,0,0
2023-07-10,SKU0029,4,Grocery,549,0,29.571428571428573,30.5,5.894181818568613,18.0,10,0.77,21.14,7,0,0
2023-07-17,SKU0029,4,Grocery,328,482,31.571428571428573,30.466666666666665,6.4473107643384155,10.76586433260394,10,0.77,21.14,7,0,0
2023-07-24,SKU0029,4,Grocery,596,0,30.571428571428573,31.366666666666667,5.762442808951488,19.00106269925611,10,0.77,21.14,7,0,0
2023-07-31,SKU0029,4,Grocery,345,482,35.857142857142854,32.03333333333333,5.798235958451926,10.77003121748179,10,0.77,21.14,7,0,0
2023-08-07,SKU0029,4,Grocery,604,0,31.857142857142858,32.2,5.4671432368663675,18.757763975155278,10,0.77,21.14,8,0,0
2023-08-14,SKU0029,4,Grocery,379,482,32.142857142857146,32.4,4.568256288480455,11.697530864197532,10,0.77,21.14,8,0,0
2023-08-21,SKU0029,4,Grocery,173,482,29.428571428571427,32.233333333333334,4.797149536772933,5.3671147880041365,10,0.77,21.14,8,0,0
2023-08-28,SKU0029,4,Grocery,442,0,30.428571428571427,31.0,4.941031582923563,14.258064516129032,10,0.77,21.14,8,0,0
2023-09-04,SKU0029,4,Grocery,211,482,33.0,31.4,5.66051051675948,6.719745222929936,10,0.77,21.14,9,0,0
2023-09-11,SKU0029,4,Grocery,505,0,26.857142857142858,29.8,6.030954633646596,16.946308724832214,10,0.77,21.14,9,0,0
2023-09-18,SKU0029,4,Grocery,294,482,30.142857142857142,30.133333333333333,6.473997503719076,9.756637168141593,10,0.77,21.14,9,0,0
2023-09-25,SKU0029,4,Grocery,586,0,27.142857142857142,29.166666666666668,6.264752703561533,20.09142857142857,10,0.77,21.14,9,0,0
2023-10-02,SKU0029,4,Grocery,375,482,30.142857142857142,28.8,6.087862429910613,13.020833333333332,10,0.77,21.14,10,0,0
2023-10-09,SKU0029,4,Grocery,170,482,29.285714285714285,28.966666666666665,6.44597352714418,5.868814729574224,10,0.77,21.14,10,0,0
2023-10-16,SKU0029,4,Grocery,441,0,30.142857142857142,29.4,6.167769395036162,15.0,10,0.77,21.14,10,0,0
2023-10-23,SKU0029,4,Grocery,218,482,31.857142857142858,30.033333333333335,5.3464995530968,7.258601553829078,10,0.77,21.14,10,0,0
2023-10-30,SKU0029,4,Grocery,4,482,30.571428571428573,30.4,5.130033272729355,0.13157894736842105,10,0.77,21.14,10,0,1
2023-11-06,SKU0029,4,Grocery,273,482,30.428571428571427,30.666666666666668,10.971226735965033,8.902173913043478,10,0.77,21.14,11,0,0
2023-11-13,SKU0029,4,Grocery,485,0,38.57142857142857,32.666666666666664,11.680615634853986,14.846938775510205,10,0.77,21.14,11,0,0
2023-11-20,SKU0029,4,Grocery,216,482,38.42857142857143,34.4,12.096166391849541,6.279069767441861,10,0.77,21.14,11,0,0
2023-11-27,SKU0029,4,Grocery,416,0,40.285714285714285,36.4,12.72412858611002,11.428571428571429,10,0.77,21.14,11,0,0
2023-12-04,SKU0029,4,Grocery,68,482,49.714285714285715,41.8,9.767645394450213,1.6267942583732058,10,0.77,21.14,12,0,1
2023-12-11,SKU0029,4,Grocery,261,482,41.285714285714285,42.233333333333334,8.265772105843922,6.179952644041042,10,0.77,21.14,12,0,0
2023-12-18,SKU0029,4,Grocery,421,0,46.0,44.03333333333333,8.036482904309867,9.56093868281605,10,0.77,21.14,12,0,0
2023-01-30,SKU0030,1,Grocery,212,0,10.142857142857142,11.533333333333333,2.5828790850165806,18.38150289017341,10,0.77,6.21,1,0,0
2023-02-06,SKU0030,1,Grocery,126,268,12.285714285714286,11.633333333333333,2.82212115545948,10.830945558739256,10,0.77,6.21,2,0,0
2023-02-13,SKU0030,1,Grocery,41,268,12.142857142857142,11.3,2.972865794899386,3.6283185840707963,10,0.77,6.21,2,0,0
2023-02-20,SKU0030,1,Grocery,221,0,12.571428571428571,11.533333333333333,3.159368480472371,19.161849710982658,10,0.77,6.21,2,0,0
2023-02-27,SKU0030,1,Grocery,147,268,10.571428571428571,11.7,2.890531510603734,12.564102564102566,10,0.77,6.21,2,0,0
2023-03-06,SKU0030,1,Grocery,66,268,11.571428571428571,11.966666666666667,2.8221211554594814,5.515320334261839,10,0.77,6.21,3,0,0
2023-03-13,SKU0030,1,Grocery,263,0,10.142857142857142,11.166666666666666,2.533681161844375,23.552238805970152,10,0.77,6.21,3,0,0
2023-03-20,SKU0030,1,Grocery,174,0,12.714285714285714,11.3,3.0754870654345425,15.398230088495573,10,0.77,6.21,3,0,0
2023-03-27,SKU0030,1,Grocery,106,268,9.714285714285714,11.133333333333333,3.048270661045129,9.520958083832335,10,0.77,6.21,3,0,0
2023-04-03,SKU0030,1,Grocery,297,0,11.0,10.8,3.177507155639139,27.499999999999996,10,0.77,6.21,4,0,0
2023-04-10,SKU0030,1,Grocery,206,0,13.0,11.333333333333334,3.3767290164558235,18.176470588235293,10,0.77,6.21,4,0,0
2023-04-17,SKU0030,1,Grocery,135,268,10.142857142857142,11.133333333333333,3.7667632985265267,12.125748502994012,10,0.77,6.21,4,0,0
2023-04-24,SKU0030,1,Grocery,48,268,12.428571428571429,11.533333333333333,3.692801322735277,4.161849710982659,10,0.77,6.21,4,0,1
2023-05-01,SKU0030,1,Grocery,256,0,8.571428571428571,11.1,4.317965676821308,23.063063063063066,10,0.77,6.21,5,0,0
2023-05-08,SKU0030,1,Grocery,175,0,11.571428571428571,10.666666666666666,4.113336872891042,16.40625,10,0.77,6.21,5,0,0
2023-05-15,SKU0030,1,Grocery,89,268,12.285714285714286,11.4,4.25562508071214,7.807017543859649,10,0.77,6.21,5,0,0
2023-05-22,SKU0030,1,Grocery,285,0,10.285714285714286,10.966666666666667,3.9082876869133067,25.987841945288753,10,0.77,6.21,5,0,0
2023-05-29,SKU0030,1,Grocery,178,0,15.285714285714286,11.933333333333334,3.8945880516370437,14.916201117318435,10,0.77,6.21,5,0,0
2023-06-05,SKU0030,1,Grocery,92,268,12.285714285714286,12.333333333333334,3.906964015203103,7.459459459459459,10,0.77,6.21,6,0,0
2023-06-12,SKU0030,1,Grocery,274,0,12.285714285714286,12.433333333333334,3.856774901867901,22.037533512064343,10,0.77,6.21,6,0,0
2023-06-19,SKU0030,1,Grocery,190,0,12.0,12.833333333333334,3.8063769843680006,14.805194805194805,10,0.77,6.21,6,0,0
2023-06-26,SKU0030,1,Grocery,101,268,12.714285714285714,12.566666666666666,4.057205878462404,8.037135278514588,10,0.77,6.21,6,0,0
2023-07-03,SKU0030,1,Grocery,285,0,12.0,11.966666666666667,3.643447905992093,23.81615598885794,10,0.77,6.21,7,0,0
2023-07-10,SKU0030,1,Grocery,207,0,11.142857142857142,12.2,3.367184437253587,16.9672131147541,10,0.77,6.21,7,0,0
2023-07-17,SKU0030,1,Grocery,136,268,10.142857142857142,11.7,3.142039750401554,11.623931623931625,10,0.77,6.21,7,0,0
2023-07-24,SKU0030,1,Grocery,42,268,13.428571428571429,11.9,3.4775139752811732,3.5294117647058822,10,0.77,6.21,7,0,0
2023-07-31,SKU0030,1,Grocery,219,0,13.0,11.866666666666667,3.8572219173312075,18.45505617977528,10,0.77,6.21,7,0,0
2023-08-07,SKU0030,1,Grocery,128,268,13.0,12.366666666666667,3.837054665462446,10.350404312668463,10,0.77,6.21,8,0,0
2023-08-14,SKU0030,1,Grocery,328,0,9.714285714285714,12.1,3.871647604368687,27.107438016528928,10,0.77,6.21,8,0,0
2023-08-21,SKU0030,1,Grocery,250,0,11.142857142857142,11.866666666666667,4.0149147226167905,21.06741573033708,10,0.77,6.21,8,0,0
2023-08-28,SKU0030,1,Grocery,155,268,13.571428571428571,11.833333333333334,3.824452481285289,13.098591549295774,10,0.77,6.21,8,0,0
2023-09-04,SKU0030,1,Grocery,71,268,12.0,11.666666666666666,4.39696865275764,6.085714285714286,10,0.77,6.21,9,0,0
2023-09-11,SKU0030,1,Grocery,276,0,9.0,11.3,4.63978299135817,24.424778761061944,10,0.77,6.21,9,0,0
2023-09-18,SKU0030,1,Grocery,186,0,12.857142857142858,11.766666666666667,4.538595661073217,15.807365439093484,10,0.77,6.21,9,0,0
2023-09-25,SKU0030,1,Grocery,110,268,10.857142857142858,11.666666666666666,4.3733781887242715,9.428571428571429,10,0.77,6.21,9,0,0
2023-10-02,SKU0030,1,Grocery,20,268,12.857142857142858,11.166666666666666,3.904756898550999,1.791044776119403,10,0.77,6.21,10,0,1
2023-10-09,SKU0030,1,Grocery,220,0,9.714285714285714,11.4,4.422512938325356,19.298245614035086,10,0.77,6.21,10,0,0
2023-10-16,SKU0030,1,Grocery,132,268,12.571428571428571,11.5,4.091623065526055,11.478260869565217,10,0.77,6.21,10,0,0
2023-10-23,SKU0030,1,Grocery,324,0,10.857142857142858,11.366666666666667,3.9695681458274303,28.50439882697947,10,0.77,6.21,10,0,0
2023-10-30,SKU0030,1,Grocery,233,0,13.0,11.566666666666666,4.530991619664648,20.144092219020173,10,0.77,6.21,10,0,0
2023-11-06,SKU0030,1,Grocery,116,268,16.714285714285715,13.033333333333333,4.164574187227252,8.900255754475703,10,0.77,6.21,11,0,0
2023-11-13,SKU0030,1,Grocery,6,268,15.714285714285714,13.866666666666667,4.248596793371155,0.43269230769230765,10,0.77,6.21,11,0,1
2023-11-20,SKU0030,1,Grocery,224,0,7.142857142857143,12.933333333333334,6.141623582562273,17.31958762886598,10,0.77,6.21,11,0,0
2023-11-27,SKU0030,1,Grocery,113,268,15.857142857142858,13.833333333333334,5.931118015984863,8.168674698795181,10,0.77,6.21,11,0,0
2023-12-04,SKU0030,1,Grocery,273,0,15.428571428571429,14.0,6.1251319479102095,19.5,10,0.77,6.21,12,0,0
2023-12-11,SKU0030,1,Grocery,156,268,16.714285714285715,13.933333333333334,6.48038596835486,11.196172248803828,10,0.77,6.21,12,0,0
2023-12-18,SKU0030,1,Grocery,30,268,18.0,16.233333333333334,4.875578362391075,1.8480492813141682,10,0.77,6.21,12,0,0
2023-01-30,SKU0030,2,Grocery,76,0,4.428571428571429,4.166666666666667,2.1509153357603816,18.24,10,0.77,6.21,1,0,0
2023-02-06,SKU0030,2,Grocery,53,0,3.2857142857142856,4.1,2.1391264733450237,12.926829268292684,10,0.77,6.21,2,0,0
2023-02-13,SKU0030,2,Grocery,19,90,4.857142857142857,4.3,2.0025845369387554,4.4186046511627906,10,0.77,6.21,2,0,0
2023-02-20,SKU0030,2,Grocery,84,0,3.5714285714285716,3.8666666666666667,1.814374278639473,21.724137931034484,10,0.77,6.21,2,0,0
2023-02-27,SKU0030,2,Grocery,63,0,3.0,3.8666666666666667,1.5916448515084436,16.29310344827586,10,0.77,6.21,2,0,0
2023-03-06,SKU0030,2,Grocery,39,90,3.4285714285714284,3.7,1.643167672515499,10.54054054054054,10,0.77,6.21,3,0,0
2023-03-13,SKU0030,2,Grocery,17,90,3.142857142857143,3.433333333333333,1.6333450621206855,4.951456310679612,10,0.77,6.21,3,0,0
2023-03-20,SKU0030,2,Grocery,85,0,3.142857142857143,3.1666666666666665,1.5992095748737314,26.842105263157897,10,0.77,6.21,3,0,0
2023-03-27,SKU0030,2,Grocery,53,0,4.571428571428571,3.533333333333333,1.978040363127336,15.0,10,0.77,6.21,3,0,0
2023-04-03,SKU0030,2,Grocery,32,90,3.0,3.433333333333333,1.9061304607327743,9.320388349514564,10,0.77,6.21,4,0,0
2023-04-10,SKU0030,2,Grocery,88,0,4.857142857142857,3.9,2.056947856110753,22.564102564102566,10,0.77,6.21,4,0,0
2023-04-17,SKU0030,2,Grocery,57,0,4.428571428571429,4.266666666666667,2.1961303480775283,13.359375,10,0.77,6.21,4,0,0
2023-04-24,SKU0030,2,Grocery,32,90,3.5714285714285716,3.8666666666666667,1.9428619723691554,8.275862068965518,10,0.77,6.21,4,0,0
2023-05-01,SKU0030,2,Grocery,98,0,3.4285714285714284,4.033333333333333,1.7317189652806388,24.297520661157026,10,0.77,6.21,5,0,0
2023-05-08,SKU0030,2,Grocery,85,0,1.8571428571428572,3.433333333333333,1.7157150581957208,24.75728155339806,10,0.77,6.21,5,0,0
2023-05-15,SKU0030,2,Grocery,54,0,4.428571428571429,3.5,1.7567603412394446,15.428571428571429,10,0.77,6.21,5,0,0
2023-05-22,SKU0030,2,Grocery,29,90,3.5714285714285716,3.3333333333333335,1.7485626280942363,8.7,10,0.77,6.21,5,0,0
2023-05-29,SKU0030,2,Grocery,86,0,4.714285714285714,3.6333333333333333,2.125109868694556,23.6697247706422,10,0.77,6.21,5,0,0
2023-06-05,SKU0030,2,Grocery,59,0,3.857142857142857,4.066666666666666,1.946408422486514,14.508196721311476,10,0.77,6.21,6,0,0
2023-06-12,SKU0030,2,Grocery,31,90,4.0,4.1,2.1391264733450237,7.560975609756098,10,0.77,6.21,6,0,0
2023-06-19,SKU0030,2,Grocery,99,0,3.142857142857143,3.8666666666666667,2.096521475885848,25.603448275862068,10,0.77,6.21,6,0,0
2023-06-26,SKU0030,2,Grocery,75,0,3.4285714285714284,3.7,1.878186946737878,20.27027027027027,10,0.77,6.21,6,0,0
2023-07-03,SKU0030,2,Grocery,43,0,4.571428571428571,3.8333333333333335,2.0524725767134915,11.217391304347826,10,0.77,6.21,7,0,0
2023-07-10,SKU0030,2,Grocery,14,90,4.142857142857143,3.7666666666666666,2.112088904433212,3.7168141592920354,10,0.77,6.21,7,0,0
2023-07-17,SKU0030,2,Grocery,76,0,4.0,3.8333333333333335,2.018591747649376,19.82608695652174,10,0.77,6.21,7,0,0
2023-07-24,SKU0030,2,Grocery,45,0,4.428571428571429,4.133333333333334,1.9605300714142444,10.887096774193548,10,0.77,6.21,7,0,0
2023-07-31,SKU0030,2,Grocery,17,90,4.0,4.133333333333334,1.833281085984876,4.112903225806451,10,0.77,6.21,7,0,0
2023-08-07,SKU0030,2,Grocery,81,0,3.7142857142857144,3.9,2.1551862068524144,20.76923076923077,10,0.77,6.21,8,0,0
2023-08-14,SKU0030,2,Grocery,54,0,3.857142857142857,4.033333333333333,2.0924055341974777,13.388429752066116,10,0.77,6.21,8,0,0
2023-08-21,SKU0030,2,Grocery,31,90,3.2857142857142856,3.6666666666666665,2.0228578850202275,8.454545454545455,10,0.77,6.21,8,0,0
2023-08-28,SKU0030,2,Grocery,93,0,4.0,3.7333333333333334,1.9464084224865132,24.910714285714285,10,0.77,6.21,8,0,0
2023-09-04,SKU0030,2,Grocery,63,0,4.285714285714286,3.7666666666666666,1.7749858344909906,16.72566371681416,10,0.77,6.21,9,0,0
2023-09-11,SKU0030,2,Grocery,32,90,4.428571428571429,4.066666666666666,1.760355241055806,7.868852459016394,10,0.77,6.21,9,0,0
2023-09-18,SKU0030,2,Grocery,5,90,3.857142857142857,4.033333333333333,2.0423673439947314,1.2396694214876034,10,0.77,6.21,9,0,0
2023-09-25,SKU0030,2,Grocery,72,0,3.2857142857142856,4.033333333333333,2.0758601596203086,17.85123966942149,10,0.77,6.21,9,0,0
2023-10-02,SKU0030,2,Grocery,52,0,2.857142857142857,3.8,2.0577858874578494,13.68421052631579,10,0.77,6.21,10,0,0
2023-10-09,SKU0030,2,Grocery,30,90,3.142857142857143,3.3666666666666667,1.847334208572157,8.910891089108912,10,0.77,6.21,10,0,0
2023-10-16,SKU0030,2,Grocery,93,0,3.857142857142857,3.3,1.3429252681597983,28.181818181818183,10,0.77,6.21,10,0,0
2023-10-23,SKU0030,2,Grocery,59,0,4.857142857142857,3.6333333333333333,2.0083160441856087,16.238532110091743,10,0.77,6.21,10,0,0
2023-10-30,SKU0030,2,Grocery,30,90,4.142857142857143,3.933333333333333,2.0998084203800236,7.627118644067797,10,0.77,6.21,10,0,0
2023-11-06,SKU0030,2,Grocery,81,0,5.571428571428571,4.466666666666667,2.2396633572979203,18.134328358208954,10,0.77,6.21,11,0,0
2023-11-13,SKU0030,2,Grocery,47,0,4.857142857142857,4.833333333333333,2.2450456309521805,9.724137931034484,10,0.77,6.21,11,0,0
2023-11-20,SKU0030,2,Grocery,12,90,5.0,4.766666666666667,1.977168531587243,2.5174825174825175,10,0.77,6.21,11,0,1
2023-11-27,SKU0030,2,Grocery,78,0,3.4285714285714284,4.6,2.237609561948675,16.956521739130437,10,0.77,6.21,11,0,0
2023-12-04,SKU0030,2,Grocery,43,90,5.0,4.7,2.4374944739106246,9.148936170212766,10,0.77,6.21,12,0,0
2023-12-11,SKU0030,2,Grocery,1,90,6.0,5.0,2.7291529568840533,0.2,10,0.77,6.21,12,0,1
2023-12-18,SKU0030,2,Grocery,61,0,4.285714285714286,4.733333333333333,2.7156422156974522,12.887323943661972,10,0.77,6.21,12,0,0
2023-01-30,SKU0030,3,Grocery,112,174,9.0,8.4,2.978080844644983,13.333333333333332,10,0.77,6.21,1,0,0
2023-02-06,SKU0030,3,Grocery,56,174,8.0,8.6,2.7990146049316516,6.511627906976744,10,0.77,6.21,2,0,0
2023-02-13,SKU0030,3,Grocery,172,0,8.285714285714286,8.466666666666667,2.738402924098761,20.31496062992126,10,0.77,6.21,2,0,0
2023-02-20,SKU0030,3,Grocery,108,174,9.142857142857142,8.366666666666667,2.747830910489886,12.908366533864541,10,0.77,6.21,2,0,0
2023-02-27,SKU0030,3,Grocery,62,174,6.571428571428571,7.9,2.6175798245576067,7.848101265822785,10,0.77,6.21,2,0,0
2023-03-06,SKU0030,3,Grocery,180,0,8.0,7.866666666666666,2.4030631792939103,22.88135593220339,10,0.77,6.21,3,0,0
2023-03-13,SKU0030,3,Grocery,117,174,9.0,8.266666666666667,2.462593717220109,14.153225806451612,10,0.77,6.21,3,0,0
2023-03-20,SKU0030,3,Grocery,70,174,6.714285714285714,7.666666666666667,2.2024020324735605,9.130434782608695,10,0.77,6.21,3,0,0
2023-03-27,SKU0030,3,Grocery,7,174,9.0,8.0,2.348880878058813,0.875,10,0.77,6.21,3,0,1
2023-04-03,SKU0030,3,Grocery,127,0,7.714285714285714,8.066666666666666,2.476556749467561,15.743801652892563,10,0.77,6.21,4,0,0
2023-04-10,SKU0030,3,Grocery,77,174,7.142857142857143,7.7,2.465625751168976,10.0,10,0.77,6.21,4,0,0
2023-04-17,SKU0030,3,Grocery,11,174,9.428571428571429,8.3,2.78109380615266,1.325301204819277,10,0.77,6.21,4,0,1
2023-04-24,SKU0030,3,Grocery,135,0,7.142857142857143,7.8,2.998850354431821,17.307692307692307,10,0.77,6.21,4,0,0
2023-05-01,SKU0030,3,Grocery,73,174,8.857142857142858,8.033333333333333,2.930026872106187,9.08713692946058,10,0.77,6.21,5,0,0
2023-05-08,SKU0030,3,Grocery,192,0,7.857142857142857,8.233333333333333,3.1914036835324304,23.319838056680165,10,0.77,6.21,5,0,0
2023-05-15,SKU0030,3,Grocery,139,0,7.571428571428571,7.966666666666667,3.134714784730692,17.447698744769873,10,0.77,6.21,5,0,0
2023-05-22,SKU0030,3,Grocery,89,174,7.142857142857143,7.966666666666667,2.834313555930841,11.171548117154812,10,0.77,6.21,5,0,0
2023-05-29,SKU0030,3,Grocery,205,0,8.285714285714286,7.7,2.86657310726769,26.623376623376622,10,0.77,6.21,5,0,0
2023-06-05,SKU0030,3,Grocery,141,0,9.142857142857142,7.966666666666667,2.6061377597871727,17.698744769874477,10,0.77,6.21,6,0,0
2023-06-12,SKU0030,3,Grocery,85,174,8.0,7.866666666666666,2.6617771265198678,10.805084745762713,10,0.77,6.21,6,0,0
2023-06-19,SKU0030,3,Grocery,193,0,9.428571428571429,8.533333333333333,2.5152408993194264,22.6171875,10,0.77,6.21,6,0,0
2023-06-26,SKU0030,3,Grocery,143,0,7.142857142857143,8.6,2.5134122979149973,16.627906976744185,10,0.77,6.21,6,0,0
2023-07-03,SKU0030,3,Grocery,85,174,8.285714285714286,8.133333333333333,2.2702473408212036,10.450819672131148,10,0.77,6.21,7,0,0
2023-07-10,SKU0030,3,Grocery,197,0,8.857142857142858,8.466666666666667,2.161310798523917,23.26771653543307,10,0.77,6.21,7,0,0
2023-07-17,SKU0030,3,Grocery,141,0,8.0,8.333333333333334,2.202402032473562,16.919999999999998,10,0.77,6.21,7,0,0
2023-07-24,SKU0030,3,Grocery,75,174,9.428571428571429,8.6,1.9046223265772542,8.720930232558139,10,0.77,6.21,7,0,0
2023-07-31,SKU0030,3,Grocery,10,174,9.285714285714286,8.9,1.6262925893598914,1.1235955056179774,10,0.77,6.21,7,0,1
2023-08-07,SKU0030,3,Grocery,152,0,4.571428571428571,7.9,3.166091901861739,19.240506329113924,10,0.77,6.21,8,0,0
2023-08-14,SKU0030,3,Grocery,93,174,8.428571428571429,8.033333333333333,3.32683274180624,11.576763485477178,10,0.77,6.21,8,0,0
2023-08-21,SKU0030,3,Grocery,206,0,8.714285714285714,7.766666666666667,3.4509702117373964,26.523605150214593,10,0.77,6.21,8,0,0
2023-08-28,SKU0030,3,Grocery,153,0,7.571428571428571,7.433333333333334,3.607304212034371,20.582959641255606,10,0.77,6.21,8,0,0
2023-09-04,SKU0030,3,Grocery,106,174,6.714285714285714,8.0,2.9361010975735176,13.25,10,0.77,6.21,9,0,0
2023-09-11,SKU0030,3,Grocery,225,0,7.857142857142857,7.9,2.73357161843319,28.481012658227847,10,0.77,6.21,9,0,0
2023-09-18,SKU0030,3,Grocery,167,0,8.285714285714286,7.833333333333333,2.600839828996002,21.319148936170215,10,0.77,6.21,9,0,0
2023-09-25,SKU0030,3,Grocery,109,174,8.285714285714286,7.566666666666666,2.32947135239075,14.405286343612335,10,0.77,6.21,9,0,0
2023-10-02,SKU0030,3,Grocery,67,174,6.0,7.466666666666667,2.145296914316223,8.973214285714285,10,0.77,6.21,10,0,0
2023-10-09,SKU0030,3,Grocery,172,0,9.857142857142858,8.1,2.6568064832906395,21.23456790123457,10,0.77,6.21,10,0,0
2023-10-16,SKU0030,3,Grocery,131,0,5.857142857142857,7.533333333333333,3.1154048094006623,17.38938053097345,10,0.77,6.21,10,0,0
2023-10-23,SKU0030,3,Grocery,75,174,8.0,7.6,3.3997971541924628,9.868421052631579,10,0.77,6.21,10,0,0
2023-10-30,SKU0030,3,Grocery,200,0,7.0,7.5,3.3809812899154914,26.666666666666668,10,0.77,6.21,10,0,0
2023-11-06,SKU0030,3,Grocery,133,0,9.571428571428571,8.033333333333333,3.6811105270887596,16.556016597510375,10,0.77,6.21,11,0,0
2023-11-13,SKU0030,3,Grocery,63,174,10.0,8.533333333333333,3.6646807579202956,7.3828125,10,0.77,6.21,11,0,0
2023-11-20,SKU0030,3,Grocery,161,0,10.857142857142858,9.166666666666666,3.788215241065862,17.563636363636366,10,0.77,6.21,11,0,0
2023-11-27,SKU0030,3,Grocery,93,174,9.714285714285714,9.766666666666667,3.8388516003090576,9.522184300341296,10,0.77,6.21,11,0,0
2023-12-04,SKU0030,3,Grocery,167,0,14.285714285714286,11.166666666666666,4.6392874997942455,14.955223880597016,10,0.77,6.21,12,0,0
2023-12-11,SKU0030,3,Grocery,73,174,13.428571428571429,11.733333333333333,5.009875305305778,6.221590909090909,10,0.77,6.21,12,0,0
2023-12-18,SKU0030,3,Grocery,163,0,12.0,12.066666666666666,4.8773461787253165,13.50828729281768,10,0.77,6.21,12,0,0
2023-01-30,SKU0030,4,Grocery,355,526,21.428571428571427,25.233333333333334,5.399127217675434,14.068692206076618,10,0.77,6.21,1,0,0
2023-02-06,SKU0030,4,Grocery,181,526,24.857142857142858,25.166666666666668,5.369667897862336,7.19205298013245,10,0.77,6.21,2,0,0
2023-02-13,SKU0030,4,Grocery,546,0,23.0,24.433333333333334,5.882078763049048,22.346521145975444,10,0.77,6.21,2,0,0
2023-02-20,SKU0030,4,Grocery,376,0,24.285714285714285,23.766666666666666,5.685330993508388,15.820476858345021,10,0.77,6.21,2,0,0
2023-02-27,SKU0030,4,Grocery,205,526,24.428571428571427,23.933333333333334,5.419844337587393,8.565459610027855,10,0.77,6.21,2,0,0
2023-03-06,SKU0030,4,Grocery,541,0,27.142857142857142,24.7,5.983598271597288,21.902834008097166,10,0.77,6.21,3,0,0
2023-03-13,SKU0030,4,Grocery,351,526,27.142857142857142,25.366666666666667,5.8278956593346765,13.83705650459921,10,0.77,6.21,3,0,0
2023-03-20,SKU0030,4,Grocery,145,526,29.428571428571427,27.0,5.343381339370336,5.37037037037037,10,0.77,6.21,3,0,1
2023-03-27,SKU0030,4,Grocery,0,526,20.714285714285715,25.8,8.949667687916573,0.0,10,0.77,6.21,3,0,1
2023-04-03,SKU0030,4,Grocery,395,0,18.714285714285715,23.933333333333334,9.641624320633417,16.5041782729805,10,0.77,6.21,4,0,0
2023-04-10,SKU0030,4,Grocery,243,526,21.714285714285715,23.1,9.632380734828207,10.519480519480519,10,0.77,6.21,4,0,0
2023-04-17,SKU0030,4,Grocery,571,0,28.285714285714285,22.766666666666666,9.547281011504982,25.080527086383604,10,0.77,6.21,4,0,0
2023-04-24,SKU0030,4,Grocery,389,0,26.0,22.1,9.00325611596466,17.60180995475113,10,0.77,6.21,4,0,0
2023-05-01,SKU0030,4,Grocery,206,526,26.142857142857142,25.5,4.710589684149297,8.07843137254902,10,0.77,6.21,5,0,0
2023-05-08,SKU0030,4,Grocery,559,0,24.714285714285715,25.966666666666665,4.444937712090892,21.527599486521183,10,0.77,6.21,5,0,0
2023-05-15,SKU0030,4,Grocery,368,526,27.285714285714285,25.833333333333332,3.8063769843680015,14.245161290322581,10,0.77,6.21,5,0,0
2023-05-22,SKU0030,4,Grocery,178,526,27.142857142857142,26.033333333333335,3.8906017027184125,6.837387964148527,10,0.77,6.21,5,0,1
2023-05-29,SKU0030,4,Grocery,0,526,25.428571428571427,26.0,5.589398832642455,0.0,10,0.77,6.21,5,0,0
2023-06-05,SKU0030,4,Grocery,354,526,24.571428571428573,25.933333333333334,6.389287010750663,13.65038560411311,10,0.77,6.21,6,0,0
2023-06-12,SKU0030,4,Grocery,186,526,24.0,25.166666666666668,6.335903894545714,7.390728476821192,10,0.77,6.21,6,0,0
2023-06-19,SKU0030,4,Grocery,533,0,25.571428571428573,25.033333333333335,6.661693547405213,21.29161118508655,10,0.77,6.21,6,0,0
2023-06-26,SKU0030,4,Grocery,351,526,26.0,24.233333333333334,6.33372654556723,14.484181568088033,10,0.77,6.21,6,0,0
2023-07-03,SKU0030,4,Grocery,177,526,24.857142857142858,24.766666666666666,5.177426689624564,7.1467025572005385,10,0.77,6.21,7,0,0
2023-07-10,SKU0030,4,Grocery,532,0,24.428571428571427,25.166666666666668,4.676303678329074,21.13907284768212,10,0.77,6.21,7,0,0
2023-07-17,SKU0030,4,Grocery,347,526,26.428571428571427,25.266666666666666,5.476805848197523,13.733509234828496,10,0.77,6.21,7,0,0
2023-07-24,SKU0030,4,Grocery,171,526,25.142857142857142,25.5,4.939286560237008,6.705882352941177,10,0.77,6.21,7,0,0
2023-07-31,SKU0030,4,Grocery,519,0,25.428571428571427,25.533333333333335,4.833313515615337,20.326370757180154,10,0.77,6.21,7,0,0
2023-08-07,SKU0030,4,Grocery,348,526,24.428571428571427,25.3,4.850524322884749,13.75494071146245,10,0.77,6.21,8,0,0
2023-08-14,SKU0030,4,Grocery,174,526,24.857142857142858,25.1,4.794752879180928,6.9322709163346605,10,0.77,6.21,8,0,0
2023-08-21,SKU0030,4,Grocery,527,0,24.714285714285715,24.766666666666666,5.203999346214631,21.278600269179005,10,0.77,6.21,8,0,0
2023-08-28,SKU0030,4,Grocery,352,526,25.0,24.466666666666665,5.544387241621699,14.386920980926432,10,0.77,6.21,8,0,0
2023-09-04,SKU0030,4,Grocery,187,526,23.571428571428573,24.566666666666666,5.840898214660395,7.611940298507463,10,0.77,6.21,9,0,0
2023-09-11,SKU0030,4,Grocery,524,0,27.0,24.6,5.709036998327814,21.30081300813008,10,0.77,6.21,9,0,0
2023-09-18,SKU0030,4,Grocery,353,526,24.428571428571427,25.166666666666668,5.602236827488139,14.026490066225165,10,0.77,6.21,9,0,0
2023-09-25,SKU0030,4,Grocery,208,526,20.714285714285715,24.2,6.26099033699941,8.59504132231405,10,0.77,6.21,9,0,0
2023-10-02,SKU0030,4,Grocery,563,0,24.428571428571427,23.8,5.8036849174201075,23.655462184873947,10,0.77,6.21,10,0,0
2023-10-09,SKU0030,4,Grocery,379,0,26.285714285714285,24.133333333333333,5.679566115854961,15.704419889502763,10,0.77,6.21,10,0,0
2023-10-16,SKU0030,4,Grocery,215,526,23.428571428571427,23.833333333333332,5.4903258701938205,9.020979020979022,10,0.77,6.21,10,0,0
2023-10-23,SKU0030,4,Grocery,574,0,23.857142857142858,23.866666666666667,5.309284862119044,24.050279329608937,10,0.77,6.21,10,0,0
2023-10-30,SKU0030,4,Grocery,407,0,23.857142857142858,24.066666666666666,4.77734115442336,16.911357340720222,10,0.77,6.21,10,0,0
2023-11-06,SKU0030,4,Grocery,176,526,33.0,26.066666666666666,6.367662556761435,6.751918158567775,10,0.77,6.21,11,0,1
2023-11-13,SKU0030,4,Grocery,0,526,25.142857142857142,26.333333333333332,10.489184358459294,0.0,10,0.77,6.21,11,0,1
2023-11-20,SKU0030,4,Grocery,355,526,24.428571428571427,26.1,11.704257993243903,13.601532567049807,10,0.77,6.21,11,0,0
2023-11-27,SKU0030,4,Grocery,128,526,32.42857142857143,28.666666666666668,11.689468685997642,4.465116279069767,10,0.77,6.21,11,0,1
2023-12-04,SKU0030,4,Grocery,421,0,33.285714285714285,28.9,11.47516058035039,14.567474048442907,10,0.77,6.21,12,0,0
2023-12-11,SKU0030,4,Grocery,153,526,38.285714285714285,30.0,11.840899313469565,5.1,10,0.77,6.21,12,0,1
2023-12-18,SKU0030,4,Grocery,0,526,21.857142857142858,30.9,12.191998506652086,0.0,10,0.77,6.21,12,0,1
2023-01-30,SKU0031,1,Garden,1958,0,14.142857142857142,14.833333333333334,4.0521031859868835,132.0,21,0.81,82.67,1,0,0
2023-02-06,SKU0031,1,Garden,1706,0,36.0,19.4,10.765846379911896,87.93814432989691,21,0.81,82.67,2,0,0
2023-02-13,SKU0031,1,Garden,1440,0,38.0,24.766666666666666,12.92600515222713,58.142664872139974,21,0.81,82.67,2,0,0
2023-02-20,SKU0031,1,Garden,1150,0,41.42857142857143,31.166666666666668,13.080871354856251,36.898395721925134,21,0.81,82.67,2,0,0
2023-02-27,SKU0031,1,Garden,865,2024,40.714285714285715,37.266666666666666,9.850374868880433,23.211091234347048,21,0.81,82.67,2,0,0
2023-03-06,SKU0031,1,Garden,598,2024,38.142857142857146,39.833333333333336,5.79585662546862,15.01255230125523,21,0.81,82.67,3,0,0
2023-03-13,SKU0031,1,Garden,2368,0,36.285714285714285,39.233333333333334,6.801031023933483,60.35683942225998,21,0.81,82.67,3,0,0
2023-03-20,SKU0031,1,Garden,2130,0,34.0,37.7,6.654788268348712,56.49867374005304,21,0.81,82.67,3,0,0
2023-03-27,SKU0031,1,Garden,1868,0,37.42857142857143,36.36666666666667,6.195010970090374,51.36571952337305,21,0.81,82.67,3,0,0
2023-04-03,SKU0031,1,Garden,1518,0,50.0,39.233333333333334,11.678696589216992,38.691588785046726,21,0.81,82.67,4,0,0
2023-04-10,SKU0031,1,Garden,1044,2024,67.71428571428571,45.9,17.201343171291953,22.745098039215687,21,0.81,82.67,4,0,0
2023-04-17,SKU0031,1,Garden,554,2024,70.0,54.8,18.329174031844868,10.109489051094892,21,0.81,82.67,4,0,0
2023-04-24,SKU0031,1,Garden,75,2024,68.42857142857143,62.13333333333333,16.716156408022535,1.2070815450643777,21,0.81,82.67,4,0,1
2023-05-01,SKU0031,1,Garden,1842,0,36.714285714285715,61.2,22.933787752782067,30.098039215686274,21,0.81,82.67,5,0,0
2023-05-08,SKU0031,1,Garden,1334,0,72.57142857142857,62.333333333333336,22.942707252893143,21.401069518716575,21,0.81,82.67,5,0,0
2023-05-15,SKU0031,1,Garden,836,2024,71.14285714285714,62.86666666666667,22.642245126484646,13.29798515376458,21,0.81,82.67,5,0,0
2023-05-22,SKU0031,1,Garden,346,2024,70.0,62.8,21.868572947465555,5.509554140127388,21,0.81,82.67,5,0,1
2023-05-29,SKU0031,1,Garden,0,2024,49.42857142857143,65.63333333333334,20.10572629588544,0.0,21,0.81,82.67,5,0,1
2023-06-05,SKU0031,1,Garden,1669,0,50.714285714285715,61.5,25.73706571705756,27.13821138211382,21,0.81,82.67,6,0,0
2023-06-12,SKU0031,1,Garden,1166,0,71.85714285714286,61.06666666666667,26.283511723241027,19.093886462882097,21,0.81,82.67,6,0,0
2023-06-19,SKU0031,1,Garden,700,2024,66.57142857142857,60.46666666666667,26.222829397477245,11.57662624035281,21,0.81,82.67,6,0,0
2023-06-26,SKU0031,1,Garden,221,2024,68.42857142857143,60.1,25.899474099307326,3.67720465890183,21,0.81,82.67,6,0,1
2023-07-03,SKU0031,1,Garden,1958,0,41.0,62.5,20.639349762545603,31.328,21,0.81,82.67,7,0,0
2023-07-10,SKU0031,1,Garden,1605,0,50.42857142857143,56.766666666666666,19.840194891515907,28.273634762184383,21,0.81,82.67,7,0,0
2023-07-17,SKU0031,1,Garden,1246,0,51.285714285714285,53.6,19.099738218101315,23.246268656716417,21,0.81,82.67,7,0,0
2023-07-24,SKU0031,1,Garden,883,2024,51.857142857142854,49.666666666666664,17.331122759127677,17.778523489932887,21,0.81,82.67,7,0,0
2023-07-31,SKU0031,1,Garden,551,2024,47.42857142857143,49.1,13.22836555181376,11.221995926680243,21,0.81,82.67,7,0,0
2023-08-07,SKU0031,1,Garden,260,2024,41.57142857142857,48.0,9.150089503990301,5.416666666666667,21,0.81,82.67,8,0,0
2023-08-14,SKU0031,1,Garden,2048,0,33.714285714285715,43.86666666666667,9.758226709077086,46.68693009118541,21,0.81,82.67,8,0,0
2023-08-21,SKU0031,1,Garden,1799,0,35.57142857142857,39.86666666666667,7.596429893471957,45.125418060200666,21,0.81,82.67,8,0,0
2023-08-28,SKU0031,1,Garden,1534,0,37.857142857142854,38.36666666666667,7.092897532200518,39.982623805386616,21,0.81,82.67,8,0,0
2023-09-04,SKU0031,1,Garden,1283,0,35.857142857142854,35.733333333333334,4.704607670500297,35.90485074626866,21,0.81,82.67,9,0,0
2023-09-11,SKU0031,1,Garden,1017,2024,38.0,36.2,4.513581038720855,28.0939226519337,21,0.81,82.67,9,0,0
2023-09-18,SKU0031,1,Garden,781,2024,33.714285714285715,36.6,4.818069437383125,21.33879781420765,21,0.81,82.67,9,0,0
2023-09-25,SKU0031,1,Garden,517,2024,37.714285714285715,36.53333333333333,5.341660166402425,14.151459854014599,21,0.81,82.67,9,0,0
2023-10-02,SKU0031,1,Garden,2281,0,37.142857142857146,36.7,5.873082959423692,62.15258855585831,21,0.81,82.67,10,0,0
2023-10-09,SKU0031,1,Garden,1995,0,40.857142857142854,37.4,7.029985039469829,53.342245989304814,21,0.81,82.67,10,0,0
2023-10-16,SKU0031,1,Garden,1742,0,36.142857142857146,37.53333333333333,6.856828126329273,46.41207815275311,21,0.81,82.67,10,0,0
2023-10-23,SKU0031,1,Garden,1467,0,39.285714285714285,38.166666666666664,6.5183207766359414,38.43668122270743,21,0.81,82.67,10,0,0
2023-10-30,SKU0031,1,Garden,1202,0,37.857142857142854,38.3,6.91898936211791,31.383812010443865,21,0.81,82.67,10,0,0
2023-11-06,SKU0031,1,Garden,946,2024,36.57142857142857,37.36666666666667,6.493940588565106,25.316681534344337,21,0.81,82.67,11,0,0
2023-11-13,SKU0031,1,Garden,701,2024,35.0,36.666666666666664,6.331820751015117,19.11818181818182,21,0.81,82.67,11,0,0
2023-11-20,SKU0031,1,Garden,457,2024,34.857142857142854,36.333333333333336,5.485613367982253,12.577981651376145,21,0.81,82.67,11,0,0
2023-11-27,SKU0031,1,Garden,2209,0,38.857142857142854,36.2,4.929852764115694,61.02209944751381,21,0.81,82.67,11,0,0
2023-12-04,SKU0031,1,Garden,2043,0,23.714285714285715,33.3,8.060760638361758,61.351351351351354,21,0.81,82.67,12,0,0
2023-12-11,SKU0031,1,Garden,1932,0,15.857142857142858,28.766666666666666,10.66636134620482,67.16106604866744,21,0.81,82.67,12,0,0
2023-12-18,SKU0031,1,Garden,1802,0,18.571428571428573,24.766666666666666,10.401204616353825,72.75908479138627,21,0.81,82.67,12,0,0
2023-01-30,SKU0031,2,Garden,1376,0,11.0,11.366666666666667,4.8386613518783195,121.0557184750733,21,0.81,82.67,1,0,0
2023-02-06,SKU0031,2,Garden,1207,0,24.142857142857142,14.766666666666667,8.406415174850338,81.73814898419865,21,0.81,82.67,2,0,0
2023-02-13,SKU0031,2,Garden,1015,0,27.428571428571427,18.333333333333332,10.018373924542548,55.36363636363637,21,0.81,82.67,2,0,0
2023-02-20,SKU0031,2,Garden,813,0,28.857142857142858,21.9,10.25653702397344,37.12328767123288,21,0.81,82.67,2,0,0
2023-02-27,SKU0031,2,Garden,611,1441,28.857142857142858,26.666666666666668,7.24132457560047,22.912499999999998,21,0.81,82.67,2,0,0
2023-03-06,SKU0031,2,Garden,415,1441,28.0,28.566666666666666,5.568899682896147,14.527421236872812,21,0.81,82.67,3,0,0
2023-03-13,SKU0031,2,Garden,229,1441,26.571428571428573,27.933333333333334,4.298623142302676,8.198090692124104,21,0.81,82.67,3,0,0
2023-03-20,SKU0031,2,Garden,1452,0,31.142857142857142,28.8,5.248316643096794,50.416666666666664,21,0.81,82.67,3,0,0
2023-03-27,SKU0031,2,Garden,1256,0,28.0,28.433333333333334,6.066774029617115,44.17350527549824,21,0.81,82.67,3,0,0
2023-04-03,SKU0031,2,Garden,981,0,39.285714285714285,30.8,8.91879070200701,31.85064935064935,21,0.81,82.67,4,0,0
2023-04-10,SKU0031,2,Garden,625,1441,50.857142857142854,36.46666666666667,12.010723178242326,17.13893967093236,21,0.81,82.67,4,0,0
2023-04-17,SKU0031,2,Garden,289,1441,48.0,40.63333333333333,12.166894975026823,7.1123872026251025,21,0.81,82.67,4,0,1
2023-04-24,SKU0031,2,Garden,0,1441,41.285714285714285,43.8,13.54023378802901,0.0,21,0.81,82.67,4,0,1
2023-05-01,SKU0031,2,Garden,1243,0,28.285714285714285,42.833333333333336,18.62716468944793,29.019455252918288,21,0.81,82.67,5,0,0
2023-05-08,SKU0031,2,Garden,864,0,54.142857142857146,43.6,18.90557297875873,19.81651376146789,21,0.81,82.67,5,0,0
2023-05-15,SKU0031,2,Garden,505,1441,51.285714285714285,44.1,19.2718304339744,11.45124716553288,21,0.81,82.67,5,0,0
2023-05-22,SKU0031,2,Garden,77,1441,61.142857142857146,46.2,20.630409426461902,1.6666666666666665,21,0.81,82.67,5,0,1
2023-05-29,SKU0031,2,Garden,0,1441,11.0,44.7,22.61392613352254,0.0,21,0.81,82.67,5,0,1
2023-06-05,SKU0031,2,Garden,0,1441,0.0,32.1,28.346805451590917,0.0,21,0.81,82.67,6,0,1
2023-06-12,SKU0031,2,Garden,1162,0,39.857142857142854,29.166666666666668,27.778785422336764,39.839999999999996,21,0.81,82.67,6,0,0
2023-06-19,SKU0031,2,Garden,836,0,46.57142857142857,26.866666666666667,25.342799199464277,31.116625310173696,21,0.81,82.67,6,0,0
2023-06-26,SKU0031,2,Garden,505,1441,47.285714285714285,31.2,22.999850074473862,16.185897435897438,21,0.81,82.67,6,0,0
2023-07-03,SKU0031,2,Garden,212,1441,41.857142857142854,40.96666666666667,15.334170391944745,5.17493897477624,21,0.81,82.67,7,0,1
2023-07-10,SKU0031,2,Garden,0,1441,30.285714285714285,42.166666666666664,11.744649062836865,0.0,21,0.81,82.67,7,0,0
2023-07-17,SKU0031,2,Garden,1183,0,36.857142857142854,39.7,11.453504207040273,29.798488664987403,21,0.81,82.67,7,0,0
2023-07-24,SKU0031,2,Garden,926,0,36.714285714285715,37.3,10.276018281617528,24.82573726541555,21,0.81,82.67,7,0,0
2023-07-31,SKU0031,2,Garden,693,1441,33.285714285714285,34.3,8.777518304521317,20.204081632653065,21,0.81,82.67,7,0,0
2023-08-07,SKU0031,2,Garden,492,1441,28.714285714285715,32.233333333333334,8.86948792726807,15.263702171664942,21,0.81,82.67,8,0,0
2023-08-14,SKU0031,2,Garden,287,1441,29.285714285714285,32.1,6.364502851890646,8.940809968847352,21,0.81,82.67,8,0,0
2023-08-21,SKU0031,2,Garden,107,1441,25.714285714285715,29.566666666666666,6.420244561532311,3.6189402480270574,21,0.81,82.67,8,0,0
2023-08-28,SKU0031,2,Garden,1355,0,27.571428571428573,28.133333333333333,6.46866896362148,48.16350710900474,21,0.81,82.67,8,0,0
2023-09-04,SKU0031,2,Garden,1169,0,26.571428571428573,27.166666666666668,5.521639769771904,43.030674846625764,21,0.81,82.67,9,0,0
2023-09-11,SKU0031,2,Garden,976,0,27.571428571428573,26.966666666666665,5.340046062912125,36.19283065512979,21,0.81,82.67,9,0,0
2023-09-18,SKU0031,2,Garden,781,0,27.857142857142858,27.333333333333332,4.7002078701892325,28.573170731707318,21,0.81,82.67,9,0,0
2023-09-25,SKU0031,2,Garden,557,1441,32.0,28.033333333333335,5.2225197600084226,19.869203329369796,21,0.81,82.67,9,0,0
2023-10-02,SKU0031,2,Garden,373,1441,26.285714285714285,28.3,5.113538487394931,13.180212014134275,21,0.81,82.67,10,0,0
2023-10-09,SKU0031,2,Garden,168,1441,29.285714285714285,28.4,5.531103275864241,5.915492957746479,21,0.81,82.67,10,0,0
2023-10-16,SKU0031,2,Garden,1417,0,27.428571428571427,28.5,5.431390245600133,49.719298245614034,21,0.81,82.67,10,0,0
2023-10-23,SKU0031,2,Garden,1207,0,30.0,28.333333333333332,4.6113303737741695,42.6,21,0.81,82.67,10,0,0
2023-10-30,SKU0031,2,Garden,1022,0,26.428571428571427,28.1,4.722287581247068,36.370106761565836,21,0.81,82.67,10,0,0
2023-11-06,SKU0031,2,Garden,840,0,26.0,27.333333333333332,4.451526923879413,30.731707317073173,21,0.81,82.67,11,0,0
2023-11-13,SKU0031,2,Garden,653,1441,26.714285714285715,27.233333333333334,4.384009606500125,23.97796817625459,21,0.81,82.67,11,0,0
2023-11-20,SKU0031,2,Garden,467,1441,26.571428571428573,26.466666666666665,4.384402867637447,17.644836272040305,21,0.81,82.67,11,0,0
2023-11-27,SKU0031,2,Garden,293,1441,24.857142857142858,25.866666666666667,4.584331134857447,11.327319587628866,21,0.81,82.67,11,0,0
2023-12-04,SKU0031,2,Garden,1614,0,17.142857142857142,23.733333333333334,7.095084910348707,68.00561797752809,21,0.81,82.67,12,0,0
2023-12-11,SKU0031,2,Garden,1555,0,8.428571428571429,19.5,9.149147312822368,79.74358974358974,21,0.81,82.67,12,0,0
2023-12-18,SKU0031,2,Garden,1468,0,12.428571428571429,16.533333333333335,8.79550564437489,88.79032258064515,21,0.81,82.67,12,0,0
2023-01-30,SKU0031,3,Garden,925,0,12.285714285714286,12.166666666666666,3.152266106976916,76.02739726027397,21,0.81,82.67,1,0,0
2023-02-06,SKU0031,3,Garden,762,0,23.285714285714285,14.866666666666667,5.952300820478689,51.25560538116592,21,0.81,82.67,2,0,0
2023-02-13,SKU0031,3,Garden,556,1201,29.428571428571427,18.866666666666667,8.431195494783902,29.469964664310954,21,0.81,82.67,2,0,0
2023-02-20,SKU0031,3,Garden,358,1201,28.285714285714285,22.6,8.552474939232905,15.84070796460177,21,0.81,82.67,2,0,0
2023-02-27,SKU0031,3,Garden,151,1201,29.571428571428573,26.833333333333332,6.363057892800157,5.6273291925465845,21,0.81,82.67,2,0,0
2023-03-06,SKU0031,3,Garden,1159,0,27.571428571428573,28.166666666666668,5.534115718125988,41.14792899408284,21,0.81,82.67,3,0,0
2023-03-13,SKU0031,3,Garden,957,0,28.857142857142858,28.333333333333332,5.384097486777739,33.7764705882353,21,0.81,82.67,3,0,0
2023-03-20,SKU0031,3,Garden,769,0,26.857142857142858,28.366666666666667,5.921808515306279,27.10928319623972,21,0.81,82.67,3,0,0
2023-03-27,SKU0031,3,Garden,560,1201,29.857142857142858,28.766666666666666,6.268054382910725,19.46697566628042,21,0.81,82.67,3,0,0
2023-04-03,SKU0031,3,Garden,295,1201,37.857142857142854,30.533333333333335,8.344865583650542,9.661572052401747,21,0.81,82.67,4,0,1
2023-04-10,SKU0031,3,Garden,0,1201,42.142857142857146,33.86666666666667,14.082841928446436,0.0,21,0.81,82.67,4,0,1
2023-04-17,SKU0031,3,Garden,915,0,40.857142857142854,36.833333333333336,16.143928790155414,24.841628959276015,21,0.81,82.67,4,0,0
2023-04-24,SKU0031,3,Garden,553,1201,51.714285714285715,41.8,16.514152759960467,13.229665071770336,21,0.81,82.67,4,0,0
2023-05-01,SKU0031,3,Garden,176,1201,53.857142857142854,47.333333333333336,15.983468471136531,3.7183098591549295,21,0.81,82.67,5,0,1
2023-05-08,SKU0031,3,Garden,0,1201,25.142857142857142,40.766666666666666,22.86946968510989,0.0,21,0.81,82.67,5,0,1
2023-05-15,SKU0031,3,Garden,0,1201,0.0,33.96666666666667,27.25800525670784,0.0,21,0.81,82.67,5,0,1
2023-05-22,SKU0031,3,Garden,912,0,41.285714285714285,31.3,28.692363516063477,29.13738019169329,21,0.81,82.67,5,0,0
2023-05-29,SKU0031,3,Garden,548,1201,52.0,31.5,28.802238897648923,17.396825396825395,21,0.81,82.67,5,0,0
2023-06-05,SKU0031,3,Garden,213,1201,47.857142857142854,32.93333333333333,26.217831959253946,6.467611336032389,21,0.81,82.67,6,0,1
2023-06-12,SKU0031,3,Garden,0,1201,30.428571428571427,40.03333333333333,23.223773986174574,0.0,21,0.81,82.67,6,0,1
2023-06-19,SKU0031,3,Garden,1014,0,26.714285714285715,40.4,21.37288001182806,25.0990099009901,21,0.81,82.67,6,0,0
2023-06-26,SKU0031,3,Garden,665,0,49.857142857142854,39.4,21.11315981186565,16.878172588832488,21,0.81,82.67,6,0,0
2023-07-03,SKU0031,3,Garden,337,1201,46.857142857142854,39.266666666666666,21.204965803147225,8.582342954159593,21,0.81,82.67,7,0,0
2023-07-10,SKU0031,3,Garden,48,1201,41.285714285714285,38.43333333333333,19.18275686442227,1.2489158716392021,21,0.81,82.67,7,0,1
2023-07-17,SKU0031,3,Garden,1165,0,12.0,38.4,19.21852554536717,30.338541666666668,21,0.81,82.67,7,0,0
2023-07-24,SKU0031,3,Garden,893,0,38.857142857142854,35.86666666666667,17.976485279066793,24.897769516728623,21,0.81,82.67,7,0,0
2023-07-31,SKU0031,3,Garden,614,1201,39.857142857142854,33.53333333333333,16.057511580594262,18.310139165009943,21,0.81,82.67,7,0,0
2023-08-07,SKU0031,3,Garden,437,1201,25.285714285714285,29.8,15.555019147839529,14.664429530201343,21,0.81,82.67,8,0,0
2023-08-14,SKU0031,3,Garden,243,1201,27.714285714285715,31.933333333333334,10.082190967872156,7.609603340292275,21,0.81,82.67,8,0,0
2023-08-21,SKU0031,3,Garden,1241,0,29.0,31.166666666666668,7.647777830659414,39.81818181818182,21,0.81,82.67,8,0,0
2023-08-28,SKU0031,3,Garden,1044,0,28.142857142857142,28.233333333333334,5.41188559996657,36.9775678866588,21,0.81,82.67,8,0,0
2023-09-04,SKU0031,3,Garden,856,0,26.857142857142858,27.6,4.973030714037234,31.014492753623188,21,0.81,82.67,9,0,0
2023-09-11,SKU0031,3,Garden,677,1201,25.571428571428573,27.466666666666665,5.110727954986854,24.648058252427187,21,0.81,82.67,9,0,0
2023-09-18,SKU0031,3,Garden,446,1201,33.0,28.566666666666666,6.584639038274377,15.612602100350058,21,0.81,82.67,9,0,0
2023-09-25,SKU0031,3,Garden,236,1201,30.0,28.666666666666668,6.676429632945835,8.232558139534884,21,0.81,82.67,9,0,0
2023-10-02,SKU0031,3,Garden,1258,0,25.571428571428573,28.4,7.078866069335208,44.29577464788733,21,0.81,82.67,10,0,0
2023-10-09,SKU0031,3,Garden,1059,0,28.428571428571427,28.7,6.943863577239219,36.89895470383275,21,0.81,82.67,10,0,0
2023-10-16,SKU0031,3,Garden,882,0,25.285714285714285,27.4,5.1030754756660155,32.189781021897815,21,0.81,82.67,10,0,0
2023-10-23,SKU0031,3,Garden,676,1201,29.428571428571427,27.7,5.688160723273579,24.4043321299639,21,0.81,82.67,10,0,0
2023-10-30,SKU0031,3,Garden,475,1201,28.714285714285715,27.466666666666665,5.531934458268086,17.29368932038835,21,0.81,82.67,10,0,0
2023-11-06,SKU0031,3,Garden,286,1201,27.0,27.4,5.922487827675513,10.437956204379562,21,0.81,82.67,11,0,0
2023-11-13,SKU0031,3,Garden,72,1201,30.571428571428573,28.433333333333334,6.13460131820581,2.5322391559202813,21,0.81,82.67,11,0,1
2023-11-20,SKU0031,3,Garden,1125,0,21.142857142857142,26.666666666666668,9.106016704898149,42.1875,21,0.81,82.67,11,0,0
2023-11-27,SKU0031,3,Garden,915,0,30.0,27.466666666666665,9.361451896431157,33.31310679611651,21,0.81,82.67,11,0,0
2023-12-04,SKU0031,3,Garden,772,0,20.428571428571427,25.666666666666668,10.393410821561236,30.077922077922075,21,0.81,82.67,12,0,0
2023-12-11,SKU0031,3,Garden,695,1201,11.0,21.066666666666666,11.010757540205594,32.99050632911393,21,0.81,82.67,12,0,0
2023-12-18,SKU0031,3,Garden,626,1201,9.857142857142858,18.366666666666667,9.991318070285223,34.08348457350272,21,0.81,82.67,12,0,0
2023-01-30,SKU0031,4,Garden,1356,0,17.428571428571427,14.433333333333334,4.85431435077004,93.94919168591224,21,0.81,82.67,1,0,0
2023-02-06,SKU0031,4,Garden,1126,1964,32.857142857142854,19.133333333333333,9.536620283768334,58.850174216027874,21,0.81,82.67,2,0,0
2023-02-13,SKU0031,4,Garden,908,1964,31.142857142857142,23.0,10.547102887065472,39.47826086956522,21,0.81,82.67,2,0,0
2023-02-20,SKU0031,4,Garden,636,1964,38.857142857142854,29.2,10.704172567033272,21.78082191780822,21,0.81,82.67,2,0,0
2023-02-27,SKU0031,4,Garden,2344,0,36.57142857142857,33.7,8.906216348998743,69.55489614243322,21,0.81,82.67,2,0,0
2023-03-06,SKU0031,4,Garden,2095,0,35.57142857142857,35.166666666666664,7.4049532971743615,59.573459715639814,21,0.81,82.67,3,0,0
2023-03-13,SKU0031,4,Garden,1794,0,43.0,37.5,8.772016635989075,47.84,21,0.81,82.67,3,0,0
2023-03-20,SKU0031,4,Garden,1526,0,38.285714285714285,38.1,7.350111423035341,40.052493438320205,21,0.81,82.67,3,0,0
2023-03-27,SKU0031,4,Garden,1284,0,34.57142857142857,37.43333333333333,7.951071640344161,34.30097951914515,21,0.81,82.67,3,0,0
2023-04-03,SKU0031,4,Garden,946,1964,48.285714285714285,40.8,9.560695401053435,23.186274509803923,21,0.81,82.67,4,0,0
2023-04-10,SKU0031,4,Garden,498,1964,64.0,46.233333333333334,13.619669683911233,10.771449170872387,21,0.81,82.67,4,0,0
2023-04-17,SKU0031,4,Garden,41,1964,65.28571428571429,51.833333333333336,15.892056860720322,0.7909967845659164,21,0.81,82.67,4,0,1
2023-04-24,SKU0031,4,Garden,1533,0,67.42857142857143,59.3,14.701982038557565,25.85160202360877,21,0.81,82.67,4,0,0
2023-05-01,SKU0031,4,Garden,1088,1964,63.57142857142857,64.9,9.977042613437382,16.764252696456087,21,0.81,82.67,5,0,0
2023-05-08,SKU0031,4,Garden,564,1964,74.85714285714286,67.4,11.285022115083859,8.367952522255193,21,0.81,82.67,5,0,0
2023-05-15,SKU0031,4,Garden,55,1964,72.71428571428571,69.56666666666666,10.60475928723659,0.7906085289889795,21,0.81,82.67,5,0,1
2023-05-22,SKU0031,4,Garden,1826,0,27.571428571428573,60.43333333333333,25.726255652252593,30.21511307225593,21,0.81,82.67,5,0,0
2023-05-29,SKU0031,4,Garden,1285,0,77.28571428571429,63.56666666666667,26.968287037687947,20.214997378080753,21,0.81,82.67,5,0,0
2023-06-05,SKU0031,4,Garden,819,1964,66.57142857142857,61.9,26.672147425279864,13.231017770597738,21,0.81,82.67,6,0,0
2023-06-12,SKU0031,4,Garden,405,1964,59.142857142857146,58.233333333333334,25.659149518699753,6.954779622209502,21,0.81,82.67,6,0,1
2023-06-19,SKU0031,4,Garden,0,1964,57.857142857142854,65.46666666666667,14.175582049312215,0.0,21,0.81,82.67,6,0,0
2023-06-26,SKU0031,4,Garden,1544,0,60.0,61.36666666666667,12.524412941939877,25.160239000543182,21,0.81,82.67,6,0,0
2023-07-03,SKU0031,4,Garden,1124,1964,60.0,59.166666666666664,11.32614714699591,18.99718309859155,21,0.81,82.67,7,0,0
2023-07-10,SKU0031,4,Garden,742,1964,54.57142857142857,58.0,11.43195762642668,12.793103448275861,21,0.81,82.67,7,0,0
2023-07-17,SKU0031,4,Garden,389,1964,50.42857142857143,54.833333333333336,10.379300798101617,7.094224924012158,21,0.81,82.67,7,0,0
2023-07-24,SKU0031,4,Garden,2010,0,49.0,53.36666666666667,7.604369584759204,37.663960024984384,21,0.81,82.67,7,0,0
2023-07-31,SKU0031,4,Garden,1662,0,49.714285714285715,50.666666666666664,5.8270080649084,32.80263157894737,21,0.81,82.67,7,0,0
2023-08-07,SKU0031,4,Garden,1430,0,33.142857142857146,46.03333333333333,9.568206452237828,31.064446053584362,21,0.81,82.67,8,0,0
2023-08-14,SKU0031,4,Garden,1198,0,33.142857142857146,41.733333333333334,10.157155905663556,28.706070287539937,21,0.81,82.67,8,0,0
2023-08-21,SKU0031,4,Garden,915,1964,40.42857142857143,39.5,8.861968334327468,23.164556962025316,21,0.81,82.67,8,0,0
2023-08-28,SKU0031,4,Garden,682,1964,33.285714285714285,35.56666666666667,6.17940591572252,19.175257731958762,21,0.81,82.67,8,0,0
2023-09-04,SKU0031,4,Garden,2418,0,32.57142857142857,34.8,6.048083195924944,69.48275862068967,21,0.81,82.67,9,0,0
2023-09-11,SKU0031,4,Garden,2187,0,33.0,34.6,6.510469022778145,63.20809248554913,21,0.81,82.67,9,0,0
2023-09-18,SKU0031,4,Garden,1929,0,36.857142857142854,34.53333333333333,6.511175185698253,55.85907335907336,21,0.81,82.67,9,0,0
2023-09-25,SKU0031,4,Garden,1680,0,35.57142857142857,34.333333333333336,5.984654706332277,48.932038834951456,21,0.81,82.67,9,0,0
2023-10-02,SKU0031,4,Garden,1435,0,35.0,35.333333333333336,6.655738169032397,40.61320754716981,21,0.81,82.67,10,0,0
2023-10-09,SKU0031,4,Garden,1163,1964,38.857142857142854,36.4,6.026378794874451,31.950549450549453,21,0.81,82.67,10,0,0
2023-10-16,SKU0031,4,Garden,940,1964,31.857142857142858,35.8,6.671607364615239,26.256983240223466,21,0.81,82.67,10,0,0
2023-10-23,SKU0031,4,Garden,670,1964,38.57142857142857,35.9,7.28413486212723,18.662952646239557,21,0.81,82.67,10,0,0
2023-10-30,SKU0031,4,Garden,2374,0,37.142857142857146,36.733333333333334,7.696543484525865,64.62794918330309,21,0.81,82.67,10,0,0
2023-11-06,SKU0031,4,Garden,2092,0,40.285714285714285,37.06666666666667,6.705290414309588,56.43884892086331,21,0.81,82.67,11,0,0
2023-11-13,SKU0031,4,Garden,1835,0,36.714285714285715,37.833333333333336,6.454527057827869,48.502202643171806,21,0.81,82.67,11,0,0
2023-11-20,SKU0031,4,Garden,1577,0,36.857142857142854,37.6,6.267595920342332,41.941489361702125,21,0.81,82.67,11,0,0
2023-11-27,SKU0031,4,Garden,1308,0,38.42857142857143,38.03333333333333,5.294651389216817,34.390885188431206,21,0.81,82.67,11,0,0
2023-12-04,SKU0031,4,Garden,1137,1964,24.428571428571427,34.43333333333333,9.152664331647806,33.020329138431755,21,0.81,82.67,12,0,0
2023-12-11,SKU0031,4,Garden,1044,1964,13.285714285714286,28.666666666666668,12.078288681401261,36.41860465116279,21,0.81,82.67,12,0,0
2023-12-18,SKU0031,4,Garden,936,1964,15.428571428571429,23.733333333333334,11.976797491855688,39.43820224719101,21,0.81,82.67,12,0,0
2023-01-30,SKU0032,1,Apparel,107,0,5.714285714285714,5.966666666666667,2.2511810437976822,17.932960893854748,10,0.77,45.72,1,0,0
2023-02-06,SKU0032,1,Apparel,59,157,6.857142857142857,6.166666666666667,2.30566518688707,9.567567567567567,10,0.77,45.72,2,0,0
2023-02-13,SKU0032,1,Apparel,168,0,6.857142857142857,6.366666666666666,1.9736773542933945,26.387434554973822,10,0.77,45.72,2,0,0
2023-02-20,SKU0032,1,Apparel,117,0,7.285714285714286,6.633333333333334,1.9384197853839127,17.63819095477387,10,0.77,45.72,2,0,0
2023-02-27,SKU0032,1,Apparel,64,157,7.571428571428571,6.966666666666667,1.7317189652806377,9.186602870813397,10,0.77,45.72,2,0,0
2023-03-06,SKU0032,1,Apparel,158,0,9.0,7.666666666666667,1.8067561584486036,20.608695652173914,10,0.77,45.72,3,0,0
2023-03-13,SKU0032,1,Apparel,92,0,9.428571428571429,8.3,2.1995297303020847,11.08433734939759,10,0.77,45.72,3,0,0
2023-03-20,SKU0032,1,Apparel,18,157,10.571428571428571,9.033333333333333,2.6585364567660204,1.992619926199262,10,0.77,45.72,3,0,1
2023-03-27,SKU0032,1,Apparel,126,0,7.0,8.9,3.325450449135452,14.157303370786517,10,0.77,45.72,3,0,0
2023-04-03,SKU0032,1,Apparel,55,157,10.142857142857142,9.166666666666666,3.6960681189921116,6.0,10,0.77,45.72,4,0,0
2023-04-10,SKU0032,1,Apparel,154,0,8.285714285714286,9.1,3.594536083442816,16.923076923076923,10,0.77,45.72,4,0,0
2023-04-17,SKU0032,1,Apparel,103,0,7.285714285714286,8.333333333333334,3.7355083975954,12.36,10,0.77,45.72,4,0,0
2023-04-24,SKU0032,1,Apparel,27,157,10.857142857142858,9.1,3.3461248817307974,2.967032967032967,10,0.77,45.72,4,0,0
2023-05-01,SKU0032,1,Apparel,123,0,8.714285714285714,9.0,3.7046103615676635,13.666666666666666,10,0.77,45.72,5,0,0
2023-05-08,SKU0032,1,Apparel,76,157,6.714285714285714,8.466666666666667,3.411272725713295,8.976377952755906,10,0.77,45.72,5,0,0
2023-05-15,SKU0032,1,Apparel,35,157,5.857142857142857,7.933333333333334,3.4334393466503013,4.411764705882352,10,0.77,45.72,5,0,0
2023-05-22,SKU0032,1,Apparel,151,0,5.857142857142857,7.1,3.1660919018617415,21.26760563380282,10,0.77,45.72,5,0,0
2023-05-29,SKU0032,1,Apparel,106,0,6.428571428571429,6.7,3.0416646984720477,15.82089552238806,10,0.77,45.72,5,0,0
2023-06-05,SKU0032,1,Apparel,54,157,7.428571428571429,6.433333333333334,2.6481396636433168,8.393782383419689,10,0.77,45.72,6,0,0
2023-06-12,SKU0032,1,Apparel,154,0,8.142857142857142,6.866666666666666,2.750966392370878,22.42718446601942,10,0.77,45.72,6,0,0
2023-06-19,SKU0032,1,Apparel,93,0,8.714285714285714,7.666666666666667,2.904613848551202,12.130434782608695,10,0.77,45.72,6,0,0
2023-06-26,SKU0032,1,Apparel,47,157,6.571428571428571,7.666666666666667,2.9633780041368873,6.130434782608695,10,0.77,45.72,6,0,0
2023-07-03,SKU0032,1,Apparel,161,0,6.142857142857143,7.4,2.978080844644987,21.756756756756754,10,0.77,45.72,7,0,0
2023-07-10,SKU0032,1,Apparel,112,0,7.0,7.266666666666667,2.7029145614385968,15.412844036697248,10,0.77,45.72,7,0,0
2023-07-17,SKU0032,1,Apparel,63,157,7.0,6.966666666666667,2.6061377597871767,9.043062200956937,10,0.77,45.72,7,0,0
2023-07-24,SKU0032,1,Apparel,14,157,7.0,6.8,2.265178686717372,2.058823529411765,10,0.77,45.72,7,0,1
2023-07-31,SKU0032,1,Apparel,129,0,6.0,6.8,2.618238418057668,18.97058823529412,10,0.77,45.72,7,0,0
2023-08-07,SKU0032,1,Apparel,84,157,6.428571428571429,6.666666666666667,2.7207166060754524,12.6,10,0.77,45.72,8,0,0
2023-08-14,SKU0032,1,Apparel,48,157,5.142857142857143,6.266666666666667,2.7784060592154396,7.659574468085107,10,0.77,45.72,8,0,0
2023-08-21,SKU0032,1,Apparel,156,0,7.0,6.233333333333333,2.775301578310855,25.02673796791444,10,0.77,45.72,8,0,0
2023-08-28,SKU0032,1,Apparel,106,0,7.142857142857143,6.2,2.6313756727298543,17.096774193548388,10,0.77,45.72,8,0,0
2023-09-04,SKU0032,1,Apparel,50,157,8.0,6.833333333333333,2.666307447069611,7.317073170731708,10,0.77,45.72,9,0,0
2023-09-11,SKU0032,1,Apparel,153,0,7.714285714285714,7.233333333333333,2.5145553296253285,21.152073732718893,10,0.77,45.72,9,0,0
2023-09-18,SKU0032,1,Apparel,108,0,6.428571428571429,7.1,2.2946714887711765,15.211267605633804,10,0.77,45.72,9,0,0
2023-09-25,SKU0032,1,Apparel,57,157,7.285714285714286,7.333333333333333,1.9357495800804472,7.772727272727273,10,0.77,45.72,9,0,0
2023-10-02,SKU0032,1,Apparel,169,0,6.428571428571429,7.033333333333333,1.9384197853839176,24.028436018957347,10,0.77,45.72,10,0,0
2023-10-09,SKU0032,1,Apparel,128,0,5.857142857142857,6.566666666666666,2.112088904433215,19.492385786802032,10,0.77,45.72,10,0,0
2023-10-16,SKU0032,1,Apparel,75,157,7.571428571428571,6.7,2.7436446939967585,11.194029850746269,10,0.77,45.72,10,0,0
2023-10-23,SKU0032,1,Apparel,25,157,7.142857142857143,6.866666666666666,2.6226248148639653,3.6407766990291264,10,0.77,45.72,10,0,1
2023-10-30,SKU0032,1,Apparel,145,0,5.285714285714286,6.533333333333333,3.350072910512119,22.19387755102041,10,0.77,45.72,10,0,0
2023-11-06,SKU0032,1,Apparel,87,0,8.285714285714286,7.133333333333334,3.57899362982094,12.19626168224299,10,0.77,45.72,11,0,0
2023-11-13,SKU0032,1,Apparel,16,157,10.142857142857142,7.6,3.682203238504794,2.1052631578947367,10,0.77,45.72,11,0,1
2023-11-20,SKU0032,1,Apparel,0,157,2.2857142857142856,6.6,4.702163845251059,0.0,10,0.77,45.72,11,0,0
2023-11-27,SKU0032,1,Apparel,78,157,11.285714285714286,7.866666666666666,4.819023605020747,9.915254237288137,10,0.77,45.72,11,0,0
2023-12-04,SKU0032,1,Apparel,5,157,10.428571428571429,8.566666666666666,4.5613317272959675,0.5836575875486382,10,0.77,45.72,12,0,1
2023-12-11,SKU0032,1,Apparel,92,0,10.0,8.6,4.613324031616432,10.697674418604652,10,0.77,45.72,12,0,0
2023-12-18,SKU0032,1,Apparel,16,157,10.857142857142858,9.933333333333334,4.330591528706647,1.610738255033557,10,0.77,45.72,12,0,1
2023-01-30,SKU0032,2,Apparel,220,315,16.714285714285715,16.033333333333335,4.303032878566348,13.72141372141372,10,0.77,45.72,1,0,0
2023-02-06,SKU0032,2,Apparel,109,315,15.857142857142858,15.833333333333334,4.6910283655544855,6.88421052631579,10,0.77,45.72,2,0,0
2023-02-13,SKU0032,2,Apparel,314,0,15.714285714285714,16.066666666666666,4.593348514396947,19.543568464730292,10,0.77,45.72,2,0,0
2023-02-20,SKU0032,2,Apparel,195,315,17.0,16.3,4.3083719622982,11.963190184049079,10,0.77,45.72,2,0,0
2023-02-27,SKU0032,2,Apparel,395,0,16.428571428571427,16.133333333333333,3.5693458623475354,24.483471074380166,10,0.77,45.72,2,0,0
2023-03-06,SKU0032,2,Apparel,242,0,21.857142857142858,17.4,4.5908454634158105,13.908045977011495,10,0.77,45.72,3,0,0
2023-03-13,SKU0032,2,Apparel,94,315,21.142857142857142,19.0,4.425630677830195,4.947368421052632,10,0.77,45.72,3,0,0
2023-03-20,SKU0032,2,Apparel,257,0,21.714285714285715,20.166666666666668,4.9346301495293154,12.74380165289256,10,0.77,45.72,3,0,0
2023-03-27,SKU0032,2,Apparel,111,315,20.857142857142858,21.033333333333335,4.460426246318913,5.277337559429476,10,0.77,45.72,3,0,0
2023-04-03,SKU0032,2,Apparel,290,0,19.428571428571427,20.566666666666666,4.304635299008653,14.100486223662886,10,0.77,45.72,4,0,0
2023-04-10,SKU0032,2,Apparel,148,315,20.285714285714285,20.366666666666667,4.254679641356651,7.266775777414075,10,0.77,45.72,4,0,1
2023-04-17,SKU0032,2,Apparel,0,315,21.142857142857142,20.5,5.056576462117569,0.0,10,0.77,45.72,4,0,0
2023-04-24,SKU0032,2,Apparel,166,315,21.285714285714285,20.666666666666668,5.005743827281603,8.032258064516128,10,0.77,45.72,4,0,0
2023-05-01,SKU0032,2,Apparel,337,0,20.571428571428573,20.6,5.810810377338032,16.35922330097087,10,0.77,45.72,5,0,0
2023-05-08,SKU0032,2,Apparel,216,315,17.285714285714285,19.933333333333334,6.31327737901384,10.836120401337793,10,0.77,45.72,5,0,0
2023-05-15,SKU0032,2,Apparel,110,315,15.142857142857142,18.2,6.082195610819818,6.043956043956044,10,0.77,45.72,5,0,0
2023-05-22,SKU0032,2,Apparel,310,0,16.428571428571427,17.533333333333335,5.494406769354305,17.68060836501901,10,0.77,45.72,5,0,0
2023-05-29,SKU0032,2,Apparel,210,315,14.285714285714286,16.1,4.325944186353795,13.043478260869565,10,0.77,45.72,5,0,0
2023-06-05,SKU0032,2,Apparel,408,0,16.714285714285715,15.766666666666667,3.953901027255644,25.87737843551797,10,0.77,45.72,6,0,0
2023-06-12,SKU0032,2,Apparel,316,0,13.142857142857142,15.166666666666666,3.9047568985509824,20.835164835164836,10,0.77,45.72,6,0,0
2023-06-19,SKU0032,2,Apparel,215,315,14.428571428571429,14.666666666666666,3.335631391747152,14.65909090909091,10,0.77,45.72,6,0,0
2023-06-26,SKU0032,2,Apparel,418,0,16.0,15.066666666666666,4.314636943477732,27.74336283185841,10,0.77,45.72,6,0,0
2023-07-03,SKU0032,2,Apparel,321,0,13.857142857142858,14.333333333333334,4.293807355855083,22.3953488372093,10,0.77,45.72,7,0,0
2023-07-10,SKU0032,2,Apparel,212,315,15.571428571428571,14.666666666666666,4.212733843572538,14.454545454545455,10,0.77,45.72,7,0,0
2023-07-17,SKU0032,2,Apparel,418,0,15.571428571428571,15.066666666666666,4.266415222475959,27.74336283185841,10,0.77,45.72,7,0,0
2023-07-24,SKU0032,2,Apparel,282,0,19.428571428571427,16.033333333333335,4.4604262463189,17.588357588357585,10,0.77,45.72,7,0,0
2023-07-31,SKU0032,2,Apparel,185,315,13.857142857142858,16.066666666666666,4.711931541371824,11.514522821576763,10,0.77,45.72,7,0,0
2023-08-07,SKU0032,2,Apparel,388,0,16.0,16.2,4.619299842452609,23.950617283950617,10,0.77,45.72,8,0,0
2023-08-14,SKU0032,2,Apparel,281,0,15.285714285714286,16.133333333333333,5.042805276576838,17.417355371900825,10,0.77,45.72,8,0,0
2023-08-21,SKU0032,2,Apparel,182,315,14.142857142857142,15.033333333333333,4.39029755753275,12.106430155210644,10,0.77,45.72,8,0,0
2023-08-28,SKU0032,2,Apparel,369,0,18.285714285714285,15.866666666666667,4.191397868486592,23.256302521008404,10,0.77,45.72,8,0,0
2023-09-04,SKU0032,2,Apparel,246,0,17.571428571428573,16.466666666666665,4.014914722616786,14.93927125506073,10,0.77,45.72,9,0,0
2023-09-11,SKU0032,2,Apparel,116,315,18.571428571428573,16.866666666666667,3.945607189261751,6.877470355731225,10,0.77,45.72,9,0,0
2023-09-18,SKU0032,2,Apparel,327,0,14.857142857142858,17.0,3.5815619786479402,19.235294117647058,10,0.77,45.72,9,0,0
2023-09-25,SKU0032,2,Apparel,194,315,19.0,17.533333333333335,4.083045966899727,11.064638783269961,10,0.77,45.72,9,0,0
2023-10-02,SKU0032,2,Apparel,80,315,16.285714285714285,17.266666666666666,4.487018312123692,4.633204633204634,10,0.77,45.72,10,0,0
2023-10-09,SKU0032,2,Apparel,288,0,15.285714285714286,16.3,4.434581969180327,17.668711656441715,10,0.77,45.72,10,0,0
2023-10-16,SKU0032,2,Apparel,189,315,14.142857142857142,16.1,4.341857222195473,11.739130434782608,10,0.77,45.72,10,0,0
2023-10-23,SKU0032,2,Apparel,404,0,14.285714285714286,15.1,3.826856096877277,26.75496688741722,10,0.77,45.72,10,0,0
2023-10-30,SKU0032,2,Apparel,288,0,16.571428571428573,15.0,3.732430104202691,19.2,10,0.77,45.72,10,0,0
2023-11-06,SKU0032,2,Apparel,154,315,19.142857142857142,16.033333333333335,4.452688713755897,9.604989604989605,10,0.77,45.72,11,0,0
2023-11-13,SKU0032,2,Apparel,330,0,19.857142857142858,17.333333333333332,4.787435663263277,19.03846153846154,10,0.77,45.72,11,0,0
2023-11-20,SKU0032,2,Apparel,148,315,26.0,20.0,5.711452499598732,7.4,10,0.77,45.72,11,0,0
2023-11-27,SKU0032,2,Apparel,312,0,21.571428571428573,21.5,5.270281023718353,14.511627906976743,10,0.77,45.72,11,0,0
2023-12-04,SKU0032,2,Apparel,163,315,21.285714285714285,21.933333333333334,5.0850242147278015,7.4316109422492405,10,0.77,45.72,12,0,0
2023-12-11,SKU0032,2,Apparel,312,0,23.714285714285715,22.733333333333334,5.105327395583195,13.72434017595308,10,0.77,45.72,12,0,0
2023-12-18,SKU0032,2,Apparel,147,315,23.571428571428573,22.633333333333333,5.410611115546791,6.494845360824742,10,0.77,45.72,12,0,0
2023-01-30,SKU0032,3,Apparel,625,0,22.714285714285715,31.866666666666667,10.207277097596911,19.61297071129707,10,0.77,45.72,1,0,0
2023-02-06,SKU0032,3,Apparel,369,751,36.57142857142857,32.333333333333336,10.755378232286404,11.412371134020617,10,0.77,45.72,2,0,0
2023-02-13,SKU0032,3,Apparel,123,751,35.142857142857146,31.966666666666665,10.743027677436231,3.847758081334724,10,0.77,45.72,2,0,0
2023-02-20,SKU0032,3,Apparel,610,0,37.714285714285715,32.63333333333333,11.084264501545867,18.692543411644536,10,0.77,45.72,2,0,0
2023-02-27,SKU0032,3,Apparel,363,751,35.285714285714285,36.0,6.98273733500374,10.083333333333334,10,0.77,45.72,2,0,0
2023-03-06,SKU0032,3,Apparel,765,0,49.857142857142854,39.36666666666667,8.434262363075705,19.43268416596105,10,0.77,45.72,3,0,0
2023-03-13,SKU0032,3,Apparel,429,751,48.0,41.9,9.083330697036418,10.238663484486874,10,0.77,45.72,3,0,0
2023-03-20,SKU0032,3,Apparel,103,751,46.57142857142857,44.43333333333333,8.912151074886982,2.31807951987997,10,0.77,45.72,3,0,0
2023-03-27,SKU0032,3,Apparel,511,0,49.0,46.96666666666667,8.218915665259237,10.880056777856636,10,0.77,45.72,3,0,0
2023-04-03,SKU0032,3,Apparel,179,751,47.42857142857143,47.8,6.519995768985298,3.7447698744769875,10,0.77,45.72,4,0,1
2023-04-10,SKU0032,3,Apparel,0,751,25.571428571428573,42.4,17.529482554276655,0.0,10,0.77,45.72,4,0,1
2023-04-17,SKU0032,3,Apparel,537,0,30.571428571428573,39.233333333333334,20.30064264879373,13.68734069668649,10,0.77,45.72,4,0,0
2023-04-24,SKU0032,3,Apparel,206,751,47.285714285714285,38.63333333333333,19.914443438651862,5.332182916307161,10,0.77,45.72,4,0,0
2023-05-01,SKU0032,3,Apparel,597,0,51.42857142857143,39.233333333333334,20.577328222624264,15.216652506372132,10,0.77,45.72,5,0,0
2023-05-08,SKU0032,3,Apparel,349,751,35.42857142857143,38.43333333333333,17.672662179359026,9.080659150043365,10,0.77,45.72,5,0,0
2023-05-15,SKU0032,3,Apparel,814,0,40.857142857142854,43.666666666666664,9.300846581168667,18.641221374045802,10,0.77,45.72,5,0,0
2023-05-22,SKU0032,3,Apparel,558,0,36.57142857142857,41.63333333333333,10.084071883278423,13.402722177742193,10,0.77,45.72,5,0,0
2023-05-29,SKU0032,3,Apparel,310,751,35.42857142857143,37.4,7.190031413292828,8.288770053475936,10,0.77,45.72,5,0,0
2023-06-05,SKU0032,3,Apparel,799,0,37.42857142857143,37.1,7.198419366729757,21.536388140161723,10,0.77,45.72,6,0,0
2023-06-12,SKU0032,3,Apparel,535,0,37.714285714285715,37.3,7.027777399179166,14.343163538873995,10,0.77,45.72,6,0,0
2023-06-19,SKU0032,3,Apparel,256,751,39.857142857142854,37.333333333333336,7.340644213641202,6.857142857142857,10,0.77,45.72,6,0,0
2023-06-26,SKU0032,3,Apparel,757,0,35.714285714285715,37.233333333333334,7.295172392060707,20.331244404655326,10,0.77,45.72,6,0,0
2023-07-03,SKU0032,3,Apparel,511,0,35.142857142857146,37.5,6.699202217042508,13.626666666666667,10,0.77,45.72,7,0,0
2023-07-10,SKU0032,3,Apparel,246,751,37.857142857142854,36.833333333333336,5.994729485906356,6.6787330316742075,10,0.77,45.72,7,0,0
2023-07-17,SKU0032,3,Apparel,719,0,39.714285714285715,36.63333333333333,6.161523173379422,19.62693357597816,10,0.77,45.72,7,0,0
2023-07-24,SKU0032,3,Apparel,486,0,33.285714285714285,36.166666666666664,7.071474183396023,13.437788018433181,10,0.77,45.72,7,0,0
2023-07-31,SKU0032,3,Apparel,247,751,34.142857142857146,36.233333333333334,7.92065537750476,6.816927322907084,10,0.77,45.72,7,0,1
2023-08-07,SKU0032,3,Apparel,0,751,35.285714285714285,35.766666666666666,8.181911644653661,0.0,10,0.77,45.72,8,0,1
2023-08-14,SKU0032,3,Apparel,519,0,33.142857142857146,34.0,9.836595990974457,15.264705882352942,10,0.77,45.72,8,0,0
2023-08-21,SKU0032,3,Apparel,253,751,38.0,34.733333333333334,9.29936346851438,7.2840690978886755,10,0.77,45.72,8,0,0
2023-08-28,SKU0032,3,Apparel,756,0,35.42857142857143,35.166666666666664,9.089908513379484,21.497630331753555,10,0.77,45.72,8,0,0
2023-09-04,SKU0032,3,Apparel,475,0,40.142857142857146,36.3,9.46190182822123,13.085399449035814,10,0.77,45.72,9,0,0
2023-09-11,SKU0032,3,Apparel,212,751,37.57142857142857,38.0,6.264293999354171,5.578947368421052,10,0.77,45.72,9,0,1
2023-09-18,SKU0032,3,Apparel,0,751,30.285714285714285,36.0,7.624823344477065,0.0,10,0.77,45.72,9,0,0
2023-09-25,SKU0032,3,Apparel,497,0,36.285714285714285,36.2,7.662717623618268,13.7292817679558,10,0.77,45.72,9,0,0
2023-10-02,SKU0032,3,Apparel,249,751,35.42857142857143,34.53333333333333,6.44731076433838,7.210424710424711,10,0.77,45.72,10,0,0
2023-10-09,SKU0032,3,Apparel,745,0,36.42857142857143,35.1,6.525018166178932,21.225071225071225,10,0.77,45.72,10,0,0
2023-10-16,SKU0032,3,Apparel,495,0,35.714285714285715,35.13333333333333,5.84709378641441,14.089184060721063,10,0.77,45.72,10,0,0
2023-10-23,SKU0032,3,Apparel,222,751,39.0,36.7,5.173873357286689,6.049046321525885,10,0.77,45.72,10,0,0
2023-10-30,SKU0032,3,Apparel,718,0,36.42857142857143,36.53333333333333,5.7279311624965,19.653284671532848,10,0.77,45.72,10,0,0
2023-11-06,SKU0032,3,Apparel,370,751,49.714285714285715,40.333333333333336,8.001436652611012,9.173553719008265,10,0.77,45.72,11,0,0
2023-11-13,SKU0032,3,Apparel,37,751,47.57142857142857,42.53333333333333,8.760150106308528,0.8699059561128527,10,0.77,45.72,11,0,0
2023-11-20,SKU0032,3,Apparel,439,751,49.857142857142854,45.36666666666667,9.513994531952543,9.67670830271859,10,0.77,45.72,11,0,0
2023-11-27,SKU0032,3,Apparel,63,751,53.714285714285715,49.4,9.368325210056451,1.2753036437246963,10,0.77,45.72,11,0,1
2023-12-04,SKU0032,3,Apparel,697,0,16.714285714285715,42.166666666666664,20.072426331925463,16.529644268774703,10,0.77,45.72,12,0,0
2023-12-11,SKU0032,3,Apparel,304,751,56.142857142857146,44.13333333333333,20.842154454346854,6.888217522658611,10,0.77,45.72,12,0,1
2023-12-18,SKU0032,3,Apparel,696,0,51.285714285714285,44.666666666666664,21.644993581113315,15.582089552238807,10,0.77,45.72,12,0,0
2023-01-30,SKU0032,4,Apparel,185,496,24.0,24.733333333333334,5.595153896582004,7.479784366576819,10,0.77,45.72,1,0,0
2023-02-06,SKU0032,4,Apparel,537,0,20.571428571428573,23.3,4.949050762345834,23.047210300429185,10,0.77,45.72,2,0,0
2023-02-13,SKU0032,4,Apparel,351,0,26.571428571428573,23.933333333333334,5.705008890157982,14.665738161559888,10,0.77,45.72,2,0,0
2023-02-20,SKU0032,4,Apparel,173,496,25.428571428571427,24.333333333333332,5.838831563163002,7.109589041095891,10,0.77,45.72,2,0,0
2023-02-27,SKU0032,4,Apparel,488,0,25.857142857142858,24.3,5.730438991428385,20.08230452674897,10,0.77,45.72,2,0,0
2023-03-06,SKU0032,4,Apparel,285,496,29.0,26.166666666666668,6.0576730102284815,10.891719745222929,10,0.77,45.72,3,0,0
2023-03-13,SKU0032,4,Apparel,25,496,37.142857142857146,29.166666666666668,7.348860260369415,0.8571428571428571,10,0.77,45.72,3,0,1
2023-03-20,SKU0032,4,Apparel,306,0,30.714285714285715,30.4,7.233065835405509,10.06578947368421,10,0.77,45.72,3,0,0
2023-03-27,SKU0032,4,Apparel,67,496,34.142857142857146,32.56666666666667,6.40949367699215,2.057318321392016,10,0.77,45.72,3,0,1
2023-04-03,SKU0032,4,Apparel,337,0,32.285714285714285,33.36666666666667,5.804180023666261,10.0999000999001,10,0.77,45.72,4,0,0
2023-04-10,SKU0032,4,Apparel,103,496,33.42857142857143,32.93333333333333,5.251819608040851,3.12753036437247,10,0.77,45.72,4,0,1
2023-04-17,SKU0032,4,Apparel,383,0,30.857142857142858,32.93333333333333,5.0510042247221465,11.629554655870447,10,0.77,45.72,4,0,0
2023-04-24,SKU0032,4,Apparel,147,496,33.714285714285715,32.8,5.498589160741211,4.481707317073171,10,0.77,45.72,4,0,1
2023-05-01,SKU0032,4,Apparel,0,496,21.0,30.1,10.393466117279385,0.0,10,0.77,45.72,5,0,1
2023-05-08,SKU0032,4,Apparel,426,0,10.0,24.466666666666665,14.131728384257782,17.411444141689376,10,0.77,45.72,5,0,0
2023-05-15,SKU0032,4,Apparel,266,496,22.857142857142858,22.233333333333334,13.31497299085232,11.964017991004496,10,0.77,45.72,5,0,0
2023-05-22,SKU0032,4,Apparel,107,496,22.714285714285715,20.266666666666666,12.448329990011924,5.279605263157895,10,0.77,45.72,5,0,0
2023-05-29,SKU0032,4,Apparel,434,0,24.142857142857142,18.6,10.614238972508469,23.333333333333332,10,0.77,45.72,5,0,0
2023-06-05,SKU0032,4,Apparel,260,496,24.857142857142858,23.733333333333334,5.044172693407692,10.95505617977528,10,0.77,45.72,6,0,0
2023-06-12,SKU0032,4,Apparel,72,496,26.857142857142858,24.133333333333333,5.685634246204151,2.983425414364641,10,0.77,45.72,6,0,0
2023-06-19,SKU0032,4,Apparel,391,0,25.285714285714285,25.233333333333334,5.210621336524454,15.495376486129457,10,0.77,45.72,6,0,0
2023-06-26,SKU0032,4,Apparel,245,496,20.857142857142858,24.433333333333334,5.519141195895436,10.027285129604365,10,0.77,45.72,6,0,0
2023-07-03,SKU0032,4,Apparel,583,0,22.571428571428573,23.8,5.640983039787715,24.49579831932773,10,0.77,45.72,7,0,0
2023-07-10,SKU0032,4,Apparel,411,0,24.571428571428573,23.6,5.574572814930823,17.415254237288135,10,0.77,45.72,7,0,0
2023-07-17,SKU0032,4,Apparel,231,496,25.714285714285715,23.366666666666667,5.294651389216629,9.885877318116975,10,0.77,45.72,7,0,0
2023-07-24,SKU0032,4,Apparel,563,0,23.428571428571427,23.833333333333332,5.186742605005087,23.622377622377623,10,0.77,45.72,7,0,0
2023-07-31,SKU0032,4,Apparel,364,0,28.428571428571427,25.5,5.77001762980635,14.27450980392157,10,0.77,45.72,7,0,0
2023-08-07,SKU0032,4,Apparel,189,496,25.0,25.566666666666666,5.7155766193757085,7.392438070404173,10,0.77,45.72,8,0,0
2023-08-14,SKU0032,4,Apparel,510,0,25.0,25.333333333333332,5.134960184067083,20.13157894736842,10,0.77,45.72,8,0,0
2023-08-21,SKU0032,4,Apparel,364,0,20.857142857142858,24.8,5.616478219151849,14.67741935483871,10,0.77,45.72,8,0,0
2023-08-28,SKU0032,4,Apparel,187,496,25.285714285714285,24.033333333333335,4.53707587232841,7.780859916782246,10,0.77,45.72,8,0,0
2023-09-04,SKU0032,4,Apparel,513,0,24.285714285714285,23.633333333333333,4.7740919579527095,21.706629055007053,10,0.77,45.72,9,0,0
2023-09-11,SKU0032,4,Apparel,352,0,23.0,23.5,4.703263723753182,14.97872340425532,10,0.77,45.72,9,0,0
2023-09-18,SKU0032,4,Apparel,192,496,22.857142857142858,23.566666666666666,4.59147135408711,8.147100424328148,10,0.77,45.72,9,0,0
2023-09-25,SKU0032,4,Apparel,530,0,22.571428571428573,23.233333333333334,4.304635299008673,22.812051649928264,10,0.77,45.72,9,0,0
2023-10-02,SKU0032,4,Apparel,341,0,27.0,23.966666666666665,5.2357085173031885,14.228094575799723,10,0.77,45.72,10,0,0
2023-10-09,SKU0032,4,Apparel,166,496,25.0,24.333333333333332,4.685512030558239,6.821917808219179,10,0.77,45.72,10,0,0
2023-10-16,SKU0032,4,Apparel,484,0,25.428571428571427,24.733333333333334,4.385975559575732,19.568733153638814,10,0.77,45.72,10,0,0
2023-10-23,SKU0032,4,Apparel,299,0,26.428571428571427,25.8,4.67863817498362,11.589147286821705,10,0.77,45.72,10,0,0
2023-10-30,SKU0032,4,Apparel,121,496,25.428571428571427,25.966666666666665,4.802896635568404,4.65982028241335,10,0.77,45.72,10,0,0
2023-11-06,SKU0032,4,Apparel,395,0,31.714285714285715,27.0,4.941031582923607,14.62962962962963,10,0.77,45.72,11,0,0
2023-11-13,SKU0032,4,Apparel,145,496,35.714285714285715,29.366666666666667,6.462002109591744,4.937570942111237,10,0.77,45.72,11,0,1
2023-11-20,SKU0032,4,Apparel,429,0,30.285714285714285,30.633333333333333,8.503481369550897,14.004352557127312,10,0.77,45.72,11,0,0
2023-11-27,SKU0032,4,Apparel,164,496,37.857142857142854,33.46666666666667,8.629273886955517,4.900398406374502,10,0.77,45.72,11,0,1
2023-12-04,SKU0032,4,Apparel,457,0,29.0,33.3,10.629010399325324,13.723723723723724,10,0.77,45.72,12,0,0
2023-12-11,SKU0032,4,Apparel,189,496,38.285714285714285,33.833333333333336,10.859870239058832,5.586206896551723,10,0.77,45.72,12,0,1
2023-12-18,SKU0032,4,Apparel,0,496,27.0,33.06666666666667,11.255445680703394,0.0,10,0.77,45.72,12,0,1
2023-01-30,SKU0033,1,HomeGoods,689,1426,41.714285714285715,36.56666666666667,7.295172392060728,18.84229717411121,19,0.89,99.91,1,0,0
2023-02-06,SKU0033,1,HomeGoods,480,1426,29.857142857142858,35.43333333333333,7.623391105933303,13.546566321730952,19,0.89,99.91,2,0,0
2023-02-13,SKU0033,1,HomeGoods,259,1426,31.571428571428573,34.266666666666666,7.366903309248474,7.558365758754864,19,0.89,99.91,2,0,0
2023-02-20,SKU0033,1,HomeGoods,1478,0,29.571428571428573,33.13333333333333,7.57369919789728,44.60764587525151,19,0.89,99.91,2,0,0
2023-02-27,SKU0033,1,HomeGoods,1272,0,29.428571428571427,30.966666666666665,6.338080495529869,41.076426264800865,19,0.89,99.91,2,0,0
2023-03-06,SKU0033,1,HomeGoods,1061,0,30.142857142857142,29.9,4.794752879180936,35.484949832775925,19,0.89,99.91,3,0,0
2023-03-13,SKU0033,1,HomeGoods,848,0,30.428571428571427,30.1,5.428850135443373,28.172757475083056,19,0.89,99.91,3,0,0
2023-03-20,SKU0033,1,HomeGoods,641,1426,29.571428571428573,29.8,5.300618051146302,21.51006711409396,19,0.89,99.91,3,0,0
2023-03-27,SKU0033,1,HomeGoods,419,1426,31.714285714285715,30.166666666666668,6.10868987214305,13.889502762430938,19,0.89,99.91,3,0,0
2023-04-03,SKU0033,1,HomeGoods,1654,0,27.285714285714285,29.766666666666666,6.162642365052537,55.56550951847704,19,0.89,99.91,4,0,0
2023-04-10,SKU0033,1,HomeGoods,1430,0,32.0,30.333333333333332,5.8800265852866875,47.142857142857146,19,0.89,99.91,4,0,0
2023-04-17,SKU0033,1,HomeGoods,1236,0,27.714285714285715,29.466666666666665,6.24076328959701,41.94570135746606,19,0.89,99.91,4,0,0
2023-04-24,SKU0033,1,HomeGoods,1008,0,32.57142857142857,29.766666666666666,6.574156997660244,33.86338185890258,19,0.89,99.91,4,0,0
2023-05-01,SKU0033,1,HomeGoods,784,0,32.0,30.633333333333333,5.83380950437477,25.5930359085963,19,0.89,99.91,5,0,0
2023-05-08,SKU0033,1,HomeGoods,585,1426,28.428571428571427,30.2,6.271995777619979,19.370860927152318,19,0.89,99.91,5,0,0
2023-05-15,SKU0033,1,HomeGoods,358,1426,32.42857142857143,31.033333333333335,5.492837551558955,11.535982814178302,19,0.89,99.91,5,0,0
2023-05-22,SKU0033,1,HomeGoods,1577,0,29.571428571428573,30.533333333333335,5.424931802103263,51.648471615720524,19,0.89,99.91,5,0,0
2023-05-29,SKU0033,1,HomeGoods,1357,0,31.428571428571427,30.5,5.847192075895394,44.49180327868852,19,0.89,99.91,5,0,0
2023-06-05,SKU0033,1,HomeGoods,1128,0,32.714285714285715,31.0,5.5646668580768965,36.38709677419355,19,0.89,99.91,6,0,0
2023-06-12,SKU0033,1,HomeGoods,920,0,29.714285714285715,30.933333333333334,5.3040864749109655,29.741379310344826,19,0.89,99.91,6,0,0
2023-06-19,SKU0033,1,HomeGoods,717,1426,29.0,30.466666666666665,5.283241777371257,23.53391684901532,19,0.89,99.91,6,0,0
2023-06-26,SKU0033,1,HomeGoods,494,1426,31.857142857142858,30.633333333333333,5.641492425024541,16.126224156692057,19,0.89,99.91,6,0,0
2023-07-03,SKU0033,1,HomeGoods,287,1426,29.571428571428573,29.933333333333334,5.771113161811755,9.587973273942094,19,0.89,99.91,7,0,0
2023-07-10,SKU0033,1,HomeGoods,1490,0,31.857142857142858,30.6,5.715073837276062,48.69281045751634,19,0.89,99.91,7,0,0
2023-07-17,SKU0033,1,HomeGoods,1235,0,36.42857142857143,32.13333333333333,6.18526242485862,38.433609958506224,19,0.89,99.91,7,0,0
2023-07-24,SKU0033,1,HomeGoods,1004,0,33.0,32.833333333333336,6.097389680801151,30.578680203045682,19,0.89,99.91,7,0,0
2023-07-31,SKU0033,1,HomeGoods,788,0,30.857142857142858,32.63333333333333,5.492837551558959,24.14708886618999,19,0.89,99.91,7,0,0
2023-08-07,SKU0033,1,HomeGoods,543,1426,35.0,33.46666666666667,5.655228483041373,16.225099601593623,19,0.89,99.91,8,0,0
2023-08-14,SKU0033,1,HomeGoods,331,1426,30.285714285714285,32.3,4.74268947415662,10.247678018575852,19,0.89,99.91,8,0,0
2023-08-21,SKU0033,1,HomeGoods,1539,0,31.142857142857142,31.933333333333334,4.201258705750433,48.194154488517746,19,0.89,99.91,8,0,0
2023-08-28,SKU0033,1,HomeGoods,1324,0,30.714285714285715,31.5,4.953229528158453,42.03174603174603,19,0.89,99.91,8,0,0
2023-09-04,SKU0033,1,HomeGoods,1126,0,28.285714285714285,30.6,5.424084222721153,36.79738562091503,19,0.89,99.91,9,0,0
2023-09-11,SKU0033,1,HomeGoods,896,0,32.857142857142854,30.833333333333332,5.693815963822961,29.05945945945946,19,0.89,99.91,9,0,0
2023-09-18,SKU0033,1,HomeGoods,683,1426,30.428571428571427,30.733333333333334,6.528100179533333,22.2234273318872,19,0.89,99.91,9,0,0
2023-09-25,SKU0033,1,HomeGoods,478,1426,29.285714285714285,30.066666666666666,6.501635514839036,15.8980044345898,19,0.89,99.91,9,0,0
2023-10-02,SKU0033,1,HomeGoods,265,1426,30.428571428571427,31.0,6.2201008972856675,8.548387096774194,19,0.89,99.91,10,0,0
2023-10-09,SKU0033,1,HomeGoods,1486,0,29.285714285714285,30.1,5.99626320417919,49.368770764119596,19,0.89,99.91,10,0,0
2023-10-16,SKU0033,1,HomeGoods,1272,0,30.571428571428573,29.733333333333334,4.719244046223534,42.780269058295964,19,0.89,99.91,10,0,0
2023-10-23,SKU0033,1,HomeGoods,1066,0,29.428571428571427,29.8,4.9158434923601355,35.77181208053691,19,0.89,99.91,10,0,0
2023-10-30,SKU0033,1,HomeGoods,842,0,32.0,30.2,4.929852764116007,27.880794701986755,19,0.89,99.91,10,0,0
2023-11-06,SKU0033,1,HomeGoods,586,1426,36.57142857142857,31.7,5.8848138868411795,18.485804416403784,19,0.89,99.91,11,0,0
2023-11-13,SKU0033,1,HomeGoods,309,1426,39.57142857142857,34.06666666666667,7.00213432158163,9.070450097847358,19,0.89,99.91,11,0,0
2023-11-20,SKU0033,1,HomeGoods,1438,0,42.42857142857143,37.03333333333333,7.237275794077523,38.829882988298834,19,0.89,99.91,11,0,0
2023-11-27,SKU0033,1,HomeGoods,1165,0,39.0,39.1,6.519731325117963,29.79539641943734,19,0.89,99.91,11,0,0
2023-12-04,SKU0033,1,HomeGoods,902,0,37.57142857142857,39.43333333333333,6.173823122994639,22.874049027895182,19,0.89,99.91,12,0,0
2023-12-11,SKU0033,1,HomeGoods,594,1426,44.0,40.36666666666667,6.071319423340383,14.715111478117258,19,0.89,99.91,12,0,0
2023-12-18,SKU0033,1,HomeGoods,287,1426,43.857142857142854,41.1,6.143962553765224,6.982968369829684,19,0.89,99.91,12,0,1
2023-01-30,SKU0033,2,HomeGoods,526,0,19.428571428571427,20.533333333333335,5.500679163918563,25.616883116883116,19,0.89,99.91,1,0,0
2023-02-06,SKU0033,2,HomeGoods,399,563,18.142857142857142,19.266666666666666,5.165758170033164,20.709342560553633,19,0.89,99.91,2,0,0
2023-02-13,SKU0033,2,HomeGoods,276,563,17.571428571428573,19.266666666666666,4.982267406086022,14.325259515570934,19,0.89,99.91,2,0,0
2023-02-20,SKU0033,2,HomeGoods,724,0,16.428571428571427,17.866666666666667,4.6737220885413775,40.52238805970149,19,0.89,99.91,2,0,0
2023-02-27,SKU0033,2,HomeGoods,595,0,18.428571428571427,17.866666666666667,4.576803080402482,33.30223880597015,19,0.89,99.91,2,0,0
2023-03-06,SKU0033,2,HomeGoods,452,563,20.428571428571427,18.133333333333333,4.967017653261978,24.926470588235293,19,0.89,99.91,3,0,0
2023-03-13,SKU0033,2,HomeGoods,348,563,14.857142857142858,17.833333333333332,4.518798538315809,19.514018691588788,19,0.89,99.91,3,0,0
2023-03-20,SKU0033,2,HomeGoods,236,563,16.0,17.333333333333332,4.155041253235881,13.615384615384617,19,0.89,99.91,3,0,0
2023-03-27,SKU0033,2,HomeGoods,674,0,17.857142857142858,17.266666666666666,3.867934790069493,39.034749034749034,19,0.89,99.91,3,0,0
2023-04-03,SKU0033,2,HomeGoods,541,0,19.0,17.066666666666666,3.215622783390104,31.69921875,19,0.89,99.91,4,0,0
2023-04-10,SKU0033,2,HomeGoods,407,563,19.142857142857142,17.766666666666666,3.500574665466483,22.908067542213885,19,0.89,99.91,4,0,0
2023-04-17,SKU0033,2,HomeGoods,301,563,15.142857142857142,17.4,3.4799920729200298,17.298850574712645,19,0.89,99.91,4,0,0
2023-04-24,SKU0033,2,HomeGoods,165,563,19.428571428571427,18.266666666666666,3.8321087499266504,9.032846715328468,19,0.89,99.91,4,0,0
2023-05-01,SKU0033,2,HomeGoods,607,0,17.285714285714285,18.033333333333335,4.156285919385021,33.659889094269865,19,0.89,99.91,5,0,0
2023-05-08,SKU0033,2,HomeGoods,499,0,15.428571428571429,16.866666666666667,3.9977004884561285,29.58498023715415,19,0.89,99.91,5,0,0
2023-05-15,SKU0033,2,HomeGoods,370,563,18.428571428571427,17.4,3.9181276316540634,21.264367816091955,19,0.89,99.91,5,0,0
2023-05-22,SKU0033,2,HomeGoods,241,563,18.428571428571427,17.266666666666666,3.750249033876552,13.95752895752896,19,0.89,99.91,5,0,0
2023-05-29,SKU0033,2,HomeGoods,680,0,17.714285714285715,17.6,4.4535921185735825,38.63636363636363,19,0.89,99.91,5,0,0
2023-06-05,SKU0033,2,HomeGoods,546,0,19.142857142857142,18.166666666666668,4.488170914851568,30.05504587155963,19,0.89,99.91,6,0,0
2023-06-12,SKU0033,2,HomeGoods,429,563,16.714285714285715,17.9,5.033337139375896,23.966480446927378,19,0.89,99.91,6,0,0
2023-06-19,SKU0033,2,HomeGoods,307,563,17.428571428571427,17.6,4.88205722606984,17.443181818181817,19,0.89,99.91,6,0,0
2023-06-26,SKU0033,2,HomeGoods,198,563,15.571428571428571,16.966666666666665,3.791854548837589,11.669941060903733,19,0.89,99.91,6,0,0
2023-07-03,SKU0033,2,HomeGoods,662,0,14.142857142857142,16.033333333333335,3.7644739828847587,41.28898128898128,19,0.89,99.91,7,0,0
2023-07-10,SKU0033,2,HomeGoods,546,0,16.571428571428573,16.066666666666666,4.33059152870666,33.983402489626556,19,0.89,99.91,7,0,0
2023-07-17,SKU0033,2,HomeGoods,421,563,17.857142857142858,16.066666666666666,4.463903760343556,26.203319502074688,19,0.89,99.91,7,0,0
2023-07-24,SKU0033,2,HomeGoods,292,563,18.428571428571427,16.6,4.889115285597405,17.59036144578313,19,0.89,99.91,7,0,0
2023-07-31,SKU0033,2,HomeGoods,165,563,18.142857142857142,17.7,4.419002852103245,9.322033898305085,19,0.89,99.91,7,0,0
2023-08-07,SKU0033,2,HomeGoods,614,0,16.285714285714285,17.8,3.8273066067495853,34.49438202247191,19,0.89,99.91,8,0,0
2023-08-14,SKU0033,2,HomeGoods,475,0,19.857142857142858,18.066666666666666,3.128658777675584,26.29151291512915,19,0.89,99.91,8,0,0
2023-08-21,SKU0033,2,HomeGoods,339,563,19.428571428571427,18.3,3.6779867056443503,18.524590163934427,19,0.89,99.91,8,0,0
2023-08-28,SKU0033,2,HomeGoods,222,563,16.714285714285715,18.2,3.9426929358253258,12.197802197802199,19,0.89,99.91,8,0,0
2023-09-04,SKU0033,2,HomeGoods,99,563,17.571428571428573,18.333333333333332,4.573788389276998,5.4,19,0.89,99.91,9,0,0
2023-09-11,SKU0033,2,HomeGoods,530,0,18.857142857142858,18.333333333333332,4.765778391633515,28.90909090909091,19,0.89,99.91,9,0,0
2023-09-18,SKU0033,2,HomeGoods,427,563,14.714285714285714,17.333333333333332,4.830458915396488,24.634615384615387,19,0.89,99.91,9,0,0
2023-09-25,SKU0033,2,HomeGoods,282,563,20.714285714285715,17.766666666666666,5.021906035549163,15.872420262664166,19,0.89,99.91,9,0,0
2023-10-02,SKU0033,2,HomeGoods,159,563,17.571428571428573,17.766666666666666,4.628869924896275,8.949343339587243,19,0.89,99.91,10,0,0
2023-10-09,SKU0033,2,HomeGoods,615,0,15.285714285714286,17.1,4.714979796643747,35.96491228070175,19,0.89,99.91,10,0,0
2023-10-16,SKU0033,2,HomeGoods,488,0,18.142857142857142,17.833333333333332,4.556793589366541,27.364485981308412,19,0.89,99.91,10,0,0
2023-10-23,SKU0033,2,HomeGoods,373,563,16.428571428571427,16.866666666666667,4.658942704781511,22.11462450592885,19,0.89,99.91,10,0,0
2023-10-30,SKU0033,2,HomeGoods,238,563,19.285714285714285,17.033333333333335,4.491243076010936,13.972602739726026,19,0.89,99.91,10,0,0
2023-11-06,SKU0033,2,HomeGoods,649,0,21.714285714285715,18.733333333333334,4.578309681556053,34.644128113879,19,0.89,99.91,11,0,0
2023-11-13,SKU0033,2,HomeGoods,477,0,24.571428571428573,20.233333333333334,5.295953779705931,23.57495881383855,19,0.89,99.91,11,0,0
2023-11-20,SKU0033,2,HomeGoods,325,563,21.714285714285715,21.533333333333335,4.80469119416266,15.092879256965944,19,0.89,99.91,11,0,0
2023-11-27,SKU0033,2,HomeGoods,175,563,21.428571428571427,22.133333333333333,3.9543370631744588,7.906626506024097,19,0.89,99.91,11,0,0
2023-12-04,SKU0033,2,HomeGoods,551,0,26.714285714285715,23.333333333333332,4.736747999334048,23.614285714285714,19,0.89,99.91,12,0,0
2023-12-11,SKU0033,2,HomeGoods,394,563,22.428571428571427,23.133333333333333,5.090446314240102,17.03170028818444,19,0.89,99.91,12,0,0
2023-12-18,SKU0033,2,HomeGoods,216,563,25.428571428571427,23.8,5.047361892014995,9.07563025210084,19,0.89,99.91,12,0,0
2023-01-30,SKU0033,3,HomeGoods,563,0,18.428571428571427,19.5,5.2637340882423125,28.871794871794872,19,0.89,99.91,1,0,0
2023-02-06,SKU0033,3,HomeGoods,437,533,18.0,18.4,4.832362169574113,23.750000000000004,19,0.89,99.91,2,0,0
2023-02-13,SKU0033,3,HomeGoods,328,533,15.571428571428571,17.633333333333333,4.686615816993318,18.601134215500945,19,0.89,99.91,2,0,0
2023-02-20,SKU0033,3,HomeGoods,223,533,15.0,16.633333333333333,4.0809340828425205,13.40681362725451,19,0.89,99.91,2,0,0
2023-02-27,SKU0033,3,HomeGoods,651,0,15.0,16.233333333333334,4.048697818186544,40.10266940451745,19,0.89,99.91,2,0,0
2023-03-06,SKU0033,3,HomeGoods,522,0,18.428571428571427,16.133333333333333,5.33520082247069,32.35537190082645,19,0.89,99.91,3,0,0
2023-03-13,SKU0033,3,HomeGoods,389,533,19.0,17.0,5.564666858076887,22.88235294117647,19,0.89,99.91,3,0,0
2023-03-20,SKU0033,3,HomeGoods,272,533,16.714285714285715,17.266666666666666,5.570447473719795,15.752895752895753,19,0.89,99.91,3,0,0
2023-03-27,SKU0033,3,HomeGoods,697,0,15.428571428571429,17.2,5.358847019584561,40.52325581395349,19,0.89,99.91,3,0,0
2023-04-03,SKU0033,3,HomeGoods,582,0,16.428571428571427,16.866666666666667,4.09148260231636,34.50592885375494,19,0.89,99.91,4,0,0
2023-04-10,SKU0033,3,HomeGoods,451,533,18.714285714285715,16.7,4.0184917397039595,27.005988023952096,19,0.89,99.91,4,0,0
2023-04-17,SKU0033,3,HomeGoods,320,533,18.714285714285715,17.366666666666667,4.262776603085842,18.426103646833013,19,0.89,99.91,4,0,0
2023-04-24,SKU0033,3,HomeGoods,214,533,15.142857142857142,17.133333333333333,4.673722088541373,12.490272373540856,19,0.89,99.91,4,0,0
2023-05-01,SKU0033,3,HomeGoods,626,0,17.285714285714285,17.433333333333334,4.665968749125533,35.90822179732314,19,0.89,99.91,5,0,0
2023-05-08,SKU0033,3,HomeGoods,518,0,15.428571428571429,16.866666666666667,4.224177808866425,30.711462450592883,19,0.89,99.91,5,0,0
2023-05-15,SKU0033,3,HomeGoods,398,533,17.142857142857142,16.4,4.492138727246478,24.26829268292683,19,0.89,99.91,5,0,0
2023-05-22,SKU0033,3,HomeGoods,261,533,19.571428571428573,17.2,4.38964298289068,15.174418604651164,19,0.89,99.91,5,0,0
2023-05-29,SKU0033,3,HomeGoods,680,0,16.285714285714285,17.4,4.945217125040428,39.08045977011495,19,0.89,99.91,5,0,0
2023-06-05,SKU0033,3,HomeGoods,576,0,14.857142857142858,16.933333333333334,4.704607670500629,34.01574803149606,19,0.89,99.91,6,0,0
2023-06-12,SKU0033,3,HomeGoods,433,533,20.428571428571427,17.466666666666665,4.38440286763741,24.790076335877863,19,0.89,99.91,6,0,0
2023-06-19,SKU0033,3,HomeGoods,298,533,19.285714285714285,17.733333333333334,4.282549460900304,16.804511278195488,19,0.89,99.91,6,0,0
2023-06-26,SKU0033,3,HomeGoods,181,533,16.714285714285715,17.733333333333334,3.6571454228234033,10.206766917293233,19,0.89,99.91,6,0,0
2023-07-03,SKU0033,3,HomeGoods,604,0,15.714285714285714,17.866666666666667,3.692801322735277,33.80597014925373,19,0.89,99.91,7,0,0
2023-07-10,SKU0033,3,HomeGoods,485,0,17.0,17.366666666666667,4.139659600642958,27.927063339731284,19,0.89,99.91,7,0,0
2023-07-17,SKU0033,3,HomeGoods,380,533,15.0,16.433333333333334,4.63631343837435,23.123732251521297,19,0.89,99.91,7,0,0
2023-07-24,SKU0033,3,HomeGoods,259,533,17.285714285714285,16.266666666666666,4.593348514396949,15.922131147540984,19,0.89,99.91,7,0,0
2023-07-31,SKU0033,3,HomeGoods,676,0,16.571428571428573,16.2,4.787915823302921,41.7283950617284,19,0.89,99.91,7,0,0
2023-08-07,SKU0033,3,HomeGoods,563,0,16.142857142857142,16.233333333333334,4.17449838682556,34.681724845995895,19,0.89,99.91,8,0,0
2023-08-14,SKU0033,3,HomeGoods,446,533,16.714285714285715,16.666666666666668,3.6703221068206124,26.759999999999998,19,0.89,99.91,8,0,0
2023-08-21,SKU0033,3,HomeGoods,326,533,17.142857142857142,16.466666666666665,3.4112727257132947,19.79757085020243,19,0.89,99.91,8,0,0
2023-08-28,SKU0033,3,HomeGoods,208,533,16.857142857142858,16.733333333333334,3.247633975185876,12.430278884462151,19,0.89,99.91,8,0,0
2023-09-04,SKU0033,3,HomeGoods,621,0,17.142857142857142,16.9,3.3564143429230118,36.74556213017752,19,0.89,99.91,9,0,0
2023-09-11,SKU0033,3,HomeGoods,508,0,16.142857142857142,16.833333333333332,3.6396602089730314,30.17821782178218,19,0.89,99.91,9,0,0
2023-09-18,SKU0033,3,HomeGoods,378,533,18.571428571428573,17.0,3.7874566117919946,22.235294117647058,19,0.89,99.91,9,0,0
2023-09-25,SKU0033,3,HomeGoods,243,533,19.285714285714285,17.8,4.4597819646720165,13.651685393258427,19,0.89,99.91,9,0,0
2023-10-02,SKU0033,3,HomeGoods,675,0,14.428571428571429,17.133333333333333,5.049638657836087,39.39688715953307,19,0.89,99.91,10,0,0
2023-10-09,SKU0033,3,HomeGoods,551,0,17.714285714285715,17.5,5.283350556554833,31.485714285714284,19,0.89,99.91,10,0,0
2023-10-16,SKU0033,3,HomeGoods,429,533,17.428571428571427,17.2,5.006203048770319,24.94186046511628,19,0.89,99.91,10,0,0
2023-10-23,SKU0033,3,HomeGoods,311,533,16.857142857142858,16.9,4.851945930278368,18.40236686390533,19,0.89,99.91,10,0,0
2023-10-30,SKU0033,3,HomeGoods,186,533,17.857142857142858,17.433333333333334,4.5839550257567865,10.669216061185468,19,0.89,99.91,10,0,0
2023-11-06,SKU0033,3,HomeGoods,568,0,21.571428571428573,18.566666666666666,4.702774920621117,30.59245960502693,19,0.89,99.91,11,0,0
2023-11-13,SKU0033,3,HomeGoods,401,533,23.857142857142858,19.766666666666666,5.562704212963286,20.286677908937605,19,0.89,99.91,11,0,0
2023-11-20,SKU0033,3,HomeGoods,267,533,19.142857142857142,20.333333333333332,5.0741626340492445,13.131147540983607,19,0.89,99.91,11,0,0
2023-11-27,SKU0033,3,HomeGoods,113,533,22.0,21.4,4.853722353993386,5.280373831775702,19,0.89,99.91,11,0,0
2023-12-04,SKU0033,3,HomeGoods,475,0,24.428571428571427,22.2,5.371701072639188,21.396396396396398,19,0.89,99.91,12,0,0
2023-12-11,SKU0033,3,HomeGoods,311,533,23.428571428571427,21.966666666666665,5.410611115546751,14.157814871016694,19,0.89,99.91,12,0,0
2023-12-18,SKU0033,3,HomeGoods,137,533,24.857142857142858,23.566666666666666,5.373519576932613,5.8132956152758135,19,0.89,99.91,12,0,0
2023-01-30,SKU0033,4,HomeGoods,634,0,20.285714285714285,19.966666666666665,4.867083905905716,31.752921535893158,19,0.89,99.91,1,0,0
2023-02-06,SKU0033,4,HomeGoods,503,0,18.714285714285715,19.933333333333334,4.919583198867025,25.234113712374583,19,0.89,99.91,2,0,0
2023-02-13,SKU0033,4,HomeGoods,387,607,16.571428571428573,19.766666666666666,4.768310141884168,19.57841483979764,19,0.89,99.91,2,0,0
2023-02-20,SKU0033,4,HomeGoods,265,607,17.428571428571427,18.3,4.035617288166921,14.48087431693989,19,0.89,99.91,2,0,0
2023-02-27,SKU0033,4,HomeGoods,162,607,14.714285714285714,17.2,4.08022987858147,9.418604651162791,19,0.89,99.91,2,0,0
2023-03-06,SKU0033,4,HomeGoods,663,0,15.142857142857142,16.333333333333332,4.188105763356203,40.59183673469388,19,0.89,99.91,3,0,0
2023-03-13,SKU0033,4,HomeGoods,545,0,16.857142857142858,16.133333333333333,4.0914826023163595,33.78099173553719,19,0.89,99.91,3,0,0
2023-03-20,SKU0033,4,HomeGoods,422,607,17.571428571428573,16.0,3.7231799534157917,26.375,19,0.89,99.91,3,0,0
2023-03-27,SKU0033,4,HomeGoods,288,607,19.142857142857142,17.033333333333335,3.8190388151031356,16.908023483365948,19,0.89,99.91,3,0,0
2023-04-03,SKU0033,4,HomeGoods,165,607,17.571428571428573,17.533333333333335,3.7021273784726514,9.4106463878327,19,0.89,99.91,4,0,0
2023-04-10,SKU0033,4,HomeGoods,50,607,16.428571428571427,17.8,3.680329820302375,2.8089887640449436,19,0.89,99.91,4,0,1
2023-04-17,SKU0033,4,HomeGoods,530,0,18.142857142857142,17.833333333333332,4.094431317789074,29.719626168224302,19,0.89,99.91,4,0,0
2023-04-24,SKU0033,4,HomeGoods,405,607,17.857142857142858,17.566666666666666,4.082623677484129,23.055028462998102,19,0.89,99.91,4,0,0
2023-05-01,SKU0033,4,HomeGoods,281,607,17.714285714285715,17.666666666666668,4.497764451088039,15.90566037735849,19,0.89,99.91,5,0,0
2023-05-08,SKU0033,4,HomeGoods,156,607,17.857142857142858,17.933333333333334,4.160017683428379,8.698884758364311,19,0.89,99.91,5,0,0
2023-05-15,SKU0033,4,HomeGoods,645,0,16.857142857142858,17.833333333333332,4.387154708553328,36.16822429906542,19,0.89,99.91,5,0,0
2023-05-22,SKU0033,4,HomeGoods,523,0,17.428571428571427,17.666666666666668,4.714857904271482,29.603773584905657,19,0.89,99.91,5,0,0
2023-05-29,SKU0033,4,HomeGoods,382,607,20.142857142857142,18.1,5.535777053513529,21.104972375690608,19,0.89,99.91,5,0,0
2023-06-05,SKU0033,4,HomeGoods,274,607,15.428571428571429,17.666666666666668,5.364849410319203,15.50943396226415,19,0.89,99.91,6,0,0
2023-06-12,SKU0033,4,HomeGoods,156,607,16.857142857142858,17.7,5.1938292298616755,8.813559322033898,19,0.89,99.91,6,0,0
2023-06-19,SKU0033,4,HomeGoods,49,607,15.285714285714286,16.633333333333333,5.095524292562237,2.9458917835671343,19,0.89,99.91,6,0,0
2023-06-26,SKU0033,4,HomeGoods,529,0,18.142857142857142,16.533333333333335,3.617327393430719,31.99596774193548,19,0.89,99.91,6,0,0
2023-07-03,SKU0033,4,HomeGoods,412,607,16.714285714285715,16.633333333333333,4.452688713755895,24.769539078156313,19,0.89,99.91,7,0,0
2023-07-10,SKU0033,4,HomeGoods,277,607,19.285714285714285,17.333333333333332,4.56624295374695,15.980769230769232,19,0.89,99.91,7,0,0
2023-07-17,SKU0033,4,HomeGoods,147,607,18.571428571428573,17.933333333333334,4.69727238044506,8.197026022304833,19,0.89,99.91,7,0,0
2023-07-24,SKU0033,4,HomeGoods,641,0,16.142857142857142,17.8,4.708026894717079,36.01123595505618,19,0.89,99.91,7,0,0
2023-07-31,SKU0033,4,HomeGoods,524,0,16.714285714285715,17.566666666666666,4.116269932951378,29.8292220113852,19,0.89,99.91,7,0,0
2023-08-07,SKU0033,4,HomeGoods,411,607,16.142857142857142,16.866666666666667,4.407934329986236,24.367588932806324,19,0.89,99.91,8,0,0
2023-08-14,SKU0033,4,HomeGoods,294,607,16.714285714285715,16.433333333333334,4.057205878462391,17.89046653144016,19,0.89,99.91,8,0,0
2023-08-21,SKU0033,4,HomeGoods,181,607,16.142857142857142,16.5,4.248732062384134,10.969696969696969,19,0.89,99.91,8,0,0
2023-08-28,SKU0033,4,HomeGoods,658,0,18.571428571428573,17.033333333333335,4.6496817342571966,38.630136986301366,19,0.89,99.91,8,0,0
2023-09-04,SKU0033,4,HomeGoods,523,0,19.285714285714285,17.533333333333335,4.280938773401134,29.82889733840304,19,0.89,99.91,9,0,0
2023-09-11,SKU0033,4,HomeGoods,388,607,19.285714285714285,18.266666666666666,4.510014399650799,21.24087591240876,19,0.89,99.91,9,0,0
2023-09-18,SKU0033,4,HomeGoods,265,607,17.571428571428573,18.466666666666665,4.207819759262139,14.350180505415164,19,0.89,99.91,9,0,0
2023-09-25,SKU0033,4,HomeGoods,134,607,18.714285714285715,18.5,3.980556190560184,7.243243243243243,19,0.89,99.91,9,0,0
2023-10-02,SKU0033,4,HomeGoods,633,0,15.428571428571429,17.633333333333333,4.0893750752098015,35.89792060491494,19,0.89,99.91,10,0,0
2023-10-09,SKU0033,4,HomeGoods,510,0,17.571428571428573,17.233333333333334,3.244978437135026,29.593810444874272,19,0.89,99.91,10,0,0
2023-10-16,SKU0033,4,HomeGoods,390,607,17.142857142857142,17.266666666666666,3.403176339157628,22.586872586872587,19,0.89,99.91,10,0,0
2023-10-23,SKU0033,4,HomeGoods,270,607,17.142857142857142,16.933333333333334,3.8500634417821114,15.94488188976378,19,0.89,99.91,10,0,0
2023-10-30,SKU0033,4,HomeGoods,143,607,18.142857142857142,17.233333333333334,4.124638611825396,8.297872340425531,19,0.89,99.91,10,0,0
2023-11-06,SKU0033,4,HomeGoods,594,0,22.285714285714285,18.533333333333335,5.373840425574651,32.05035971223021,19,0.89,99.91,11,0,0
2023-11-13,SKU0033,4,HomeGoods,418,607,25.142857142857142,20.233333333333334,6.558402524865423,20.658978583196046,19,0.89,99.91,11,0,0
2023-11-20,SKU0033,4,HomeGoods,252,607,23.714285714285715,21.9,6.042093722520736,11.506849315068495,19,0.89,99.91,11,0,0
2023-11-27,SKU0033,4,HomeGoods,90,607,23.142857142857142,23.233333333333334,5.418253525294681,3.873744619799139,19,0.89,99.91,11,0,0
2023-12-04,SKU0033,4,HomeGoods,563,0,19.142857142857142,22.466666666666665,4.918181142162904,25.059347181008903,19,0.89,99.91,12,0,0
2023-12-11,SKU0033,4,HomeGoods,377,607,26.571428571428573,23.0,5.62629295484989,16.391304347826086,19,0.89,99.91,12,0,0
2023-12-18,SKU0033,4,HomeGoods,199,607,25.428571428571427,23.433333333333334,5.7815600646892555,8.49217638691323,19,0.89,99.91,12,0,0
2023-01-30,SKU0034,1,Apparel,400,0,30.428571428571427,30.666666666666668,5.560534167675355,13.043478260869565,6,0.76,43.72,1,0,0
2023-02-06,SKU0034,1,Apparel,178,461,31.714285714285715,30.966666666666665,5.41698053909367,5.748116254036598,6,0.76,43.72,2,0,0
2023-02-13,SKU0034,1,Apparel,437,0,28.857142857142858,30.466666666666665,5.022249347229499,14.343544857768054,6,0.76,43.72,2,0,0
2023-02-20,SKU0034,1,Apparel,252,0,26.428571428571427,29.933333333333334,4.870271063286421,8.41870824053452,6,0.76,43.72,2,0,0
2023-02-27,SKU0034,1,Apparel,473,0,34.285714285714285,30.4,5.690888058690991,15.55921052631579,6,0.76,43.72,2,0,0
2023-03-06,SKU0034,1,Apparel,230,0,34.714285714285715,31.266666666666666,6.85280377219645,7.356076759061834,6,0.76,43.72,3,0,1
2023-03-13,SKU0034,1,Apparel,0,461,32.857142857142854,31.866666666666667,8.692975100157255,0.0,6,0.76,43.72,3,0,1
2023-03-20,SKU0034,1,Apparel,262,0,28.428571428571427,32.46666666666667,12.11933005242205,8.069815195071868,6,0.76,43.72,3,0,0
2023-03-27,SKU0034,1,Apparel,441,0,40.285714285714285,34.166666666666664,12.961703095135178,12.907317073170733,6,0.76,43.72,3,0,0
2023-04-03,SKU0034,1,Apparel,177,461,37.714285714285715,35.333333333333336,12.994251602637366,5.009433962264151,6,0.76,43.72,4,0,1
2023-04-10,SKU0034,1,Apparel,350,0,41.142857142857146,35.766666666666666,13.024336195497007,9.785647716682199,6,0.76,43.72,4,0,0
2023-04-17,SKU0034,1,Apparel,55,461,42.142857142857146,40.46666666666667,7.1425550018199555,1.359143327841845,6,0.76,43.72,4,0,1
2023-04-24,SKU0034,1,Apparel,0,461,7.857142857142857,32.53333333333333,15.943290304925338,0.0,6,0.76,43.72,4,0,1
2023-05-01,SKU0034,1,Apparel,232,0,32.714285714285715,31.766666666666666,17.323859037582324,7.303252885624344,6,0.76,43.72,5,0,0
2023-05-08,SKU0034,1,Apparel,39,461,27.571428571428573,28.266666666666666,16.216069793270794,1.3797169811320755,6,0.76,43.72,5,0,0
2023-05-15,SKU0034,1,Apparel,290,0,30.0,25.633333333333333,14.370667762982434,11.313394018205463,6,0.76,43.72,5,0,0
2023-05-22,SKU0034,1,Apparel,92,461,28.285714285714285,27.666666666666668,11.37248140615464,3.325301204819277,6,0.76,43.72,5,0,0
2023-05-29,SKU0034,1,Apparel,314,0,34.142857142857146,30.033333333333335,5.561464290766506,10.455049944506104,6,0.76,43.72,5,0,0
2023-06-05,SKU0034,1,Apparel,100,461,30.571428571428573,30.633333333333333,5.448715972330197,3.264417845484222,6,0.76,43.72,6,0,0
2023-06-12,SKU0034,1,Apparel,332,0,32.714285714285715,31.133333333333333,5.250506270061375,10.663811563169165,6,0.76,43.72,6,0,0
2023-06-19,SKU0034,1,Apparel,121,461,30.142857142857142,31.6,4.910228592192628,3.829113924050633,6,0.76,43.72,6,0,0
2023-06-26,SKU0034,1,Apparel,371,0,30.142857142857142,30.766666666666666,4.508102539400241,12.058504875406284,6,0.76,43.72,6,0,0
2023-07-03,SKU0034,1,Apparel,149,461,31.714285714285715,31.2,4.358107783003497,4.7756410256410255,6,0.76,43.72,7,0,0
2023-07-10,SKU0034,1,Apparel,385,0,32.142857142857146,31.033333333333335,4.795711685945312,12.406015037593985,6,0.76,43.72,7,0,0
2023-07-17,SKU0034,1,Apparel,174,461,30.142857142857142,30.866666666666667,4.797508932146221,5.637149028077753,6,0.76,43.72,7,0,0
2023-07-24,SKU0034,1,Apparel,431,0,29.142857142857142,30.533333333333335,4.3922606961550335,14.115720524017467,6,0.76,43.72,7,0,0
2023-07-31,SKU0034,1,Apparel,213,0,31.142857142857142,30.766666666666666,4.336559365030828,6.923076923076923,6,0.76,43.72,7,0,0
2023-08-07,SKU0034,1,Apparel,463,0,30.142857142857142,30.533333333333335,3.9368579571420192,15.163755458515283,6,0.76,43.72,8,0,0
2023-08-14,SKU0034,1,Apparel,245,0,31.142857142857142,30.166666666666668,4.169539239683943,8.121546961325967,6,0.76,43.72,8,0,0
2023-08-21,SKU0034,1,Apparel,491,0,30.714285714285715,30.733333333333334,5.002987613163863,15.976138828633404,6,0.76,43.72,8,0,0
2023-08-28,SKU0034,1,Apparel,280,0,30.142857142857142,30.533333333333335,5.4249318021032344,9.170305676855895,6,0.76,43.72,8,0,0
2023-09-04,SKU0034,1,Apparel,61,461,31.285714285714285,31.033333333333335,5.580034194267556,1.9656283566058002,6,0.76,43.72,9,0,0
2023-09-11,SKU0034,1,Apparel,313,0,29.857142857142858,30.5,5.335308542284981,10.262295081967213,6,0.76,43.72,9,0,0
2023-09-18,SKU0034,1,Apparel,106,461,29.571428571428573,30.133333333333333,4.644116287514107,3.517699115044248,6,0.76,43.72,9,0,0
2023-09-25,SKU0034,1,Apparel,376,0,27.285714285714285,29.433333333333334,4.438727165593141,12.77463193657984,6,0.76,43.72,9,0,0
2023-10-02,SKU0034,1,Apparel,171,461,29.285714285714285,29.4,5.223290018818548,5.816326530612245,6,0.76,43.72,10,0,1
2023-10-09,SKU0034,1,Apparel,428,0,29.142857142857142,28.6,6.173357662373536,14.965034965034965,6,0.76,43.72,10,0,0
2023-10-16,SKU0034,1,Apparel,198,461,32.857142857142854,29.666666666666668,6.768758523837498,6.674157303370786,6,0.76,43.72,10,0,0
2023-10-23,SKU0034,1,Apparel,454,0,29.285714285714285,29.866666666666667,6.971534899186442,15.200892857142858,6,0.76,43.72,10,0,0
2023-10-30,SKU0034,1,Apparel,233,0,31.571428571428573,30.5,6.907017920327404,7.639344262295082,6,0.76,43.72,10,0,0
2023-11-06,SKU0034,1,Apparel,409,0,40.714285714285715,32.833333333333336,7.834861675311441,12.456852791878172,6,0.76,43.72,11,0,0
2023-11-13,SKU0034,1,Apparel,124,461,40.714285714285715,35.06666666666667,7.348156387751288,3.536121673003802,6,0.76,43.72,11,0,1
2023-11-20,SKU0034,1,Apparel,0,461,17.714285714285715,32.13333333333333,16.44999388603456,0.0,6,0.76,43.72,11,0,1
2023-11-27,SKU0034,1,Apparel,253,0,29.714285714285715,32.03333333333333,18.852390927364112,7.89802289281998,6,0.76,43.72,11,0,0
2023-12-04,SKU0034,1,Apparel,411,0,43.285714285714285,33.36666666666667,20.062803691259667,12.317682317682317,6,0.76,43.72,12,0,0
2023-12-11,SKU0034,1,Apparel,70,461,48.714285714285715,35.06666666666667,21.12676572230253,1.9961977186311786,6,0.76,43.72,12,0,1
2023-12-18,SKU0034,1,Apparel,232,0,42.714285714285715,38.36666666666667,17.78896080260961,6.046915725456125,6,0.76,43.72,12,0,0
2023-01-30,SKU0034,2,Apparel,111,139,15.285714285714286,14.666666666666666,3.9333528150696178,7.568181818181818,6,0.76,43.72,1,0,0
2023-02-06,SKU0034,2,Apparel,6,139,15.0,14.966666666666667,4.089375075209795,0.40089086859688194,6,0.76,43.72,2,0,0
2023-02-13,SKU0034,2,Apparel,22,139,17.571428571428573,15.966666666666667,4.634825692019311,1.3778705636743216,6,0.76,43.72,2,0,1
2023-02-20,SKU0034,2,Apparel,102,139,8.428571428571429,14.166666666666666,5.807743542673975,7.2,6,0.76,43.72,2,0,0
2023-02-27,SKU0034,2,Apparel,139,0,14.571428571428571,14.0,6.264293999354183,9.928571428571429,6,0.76,43.72,2,0,0
2023-03-06,SKU0034,2,Apparel,149,0,18.428571428571427,14.933333333333334,6.857833845863521,9.977678571428571,6,0.76,43.72,3,0,0
2023-03-13,SKU0034,2,Apparel,178,0,15.714285714285714,14.533333333333333,6.521758454077651,12.247706422018348,6,0.76,43.72,3,0,0
2023-03-20,SKU0034,2,Apparel,47,139,18.714285714285715,16.466666666666665,5.049638657836086,2.8542510121457494,6,0.76,43.72,3,0,0
2023-03-27,SKU0034,2,Apparel,58,139,18.285714285714285,17.433333333333334,3.997269182772186,3.3269598470363286,6,0.76,43.72,3,0,0
2023-04-03,SKU0034,2,Apparel,71,139,18.0,17.633333333333333,3.518261064722205,4.026465028355387,6,0.76,43.72,4,0,0
2023-04-10,SKU0034,2,Apparel,48,139,23.142857142857142,19.266666666666666,4.354413799839178,2.491349480968858,6,0.76,43.72,4,0,0
2023-04-17,SKU0034,2,Apparel,47,139,20.0,19.766666666666666,4.124638611825392,2.3777403035413154,6,0.76,43.72,4,0,0
2023-04-24,SKU0034,2,Apparel,71,139,16.428571428571427,19.366666666666667,4.597475569178739,3.666092943201377,6,0.76,43.72,4,0,0
2023-05-01,SKU0034,2,Apparel,82,139,18.285714285714285,19.366666666666667,4.89534144019515,4.23407917383821,6,0.76,43.72,5,0,0
2023-05-08,SKU0034,2,Apparel,102,139,17.0,18.0,4.495208176683713,5.666666666666667,6,0.76,43.72,5,0,0
2023-05-15,SKU0034,2,Apparel,138,0,14.714285714285714,16.733333333333334,4.354413799839177,8.247011952191235,6,0.76,43.72,5,0,0
2023-05-22,SKU0034,2,Apparel,184,0,13.285714285714286,15.866666666666667,4.392260696155055,11.596638655462185,6,0.76,43.72,5,0,0
2023-05-29,SKU0034,2,Apparel,69,139,16.428571428571427,15.266666666666667,4.160017683428372,4.519650655021834,6,0.76,43.72,5,0,0
2023-06-05,SKU0034,2,Apparel,104,139,14.857142857142858,15.0,3.9128435731046274,6.933333333333334,6,0.76,43.72,6,0,0
2023-06-12,SKU0034,2,Apparel,1,139,14.714285714285714,14.633333333333333,3.6434479059920903,0.0683371298405467,6,0.76,43.72,6,0,1
2023-06-19,SKU0034,2,Apparel,76,139,9.142857142857142,13.666666666666666,5.319666396938123,5.560975609756098,6,0.76,43.72,6,0,0
2023-06-26,SKU0034,2,Apparel,116,139,14.142857142857142,13.533333333333333,5.302786081852165,8.571428571428571,6,0.76,43.72,6,0,0
2023-07-03,SKU0034,2,Apparel,153,0,14.571428571428571,13.3,5.213708720353453,11.50375939849624,6,0.76,43.72,7,0,0
2023-07-10,SKU0034,2,Apparel,43,139,15.714285714285714,13.633333333333333,5.162753430922857,3.154034229828851,6,0.76,43.72,7,0,0
2023-07-17,SKU0034,2,Apparel,69,139,16.142857142857142,14.633333333333333,4.452688713755901,4.715261958997722,6,0.76,43.72,7,0,0
2023-07-24,SKU0034,2,Apparel,108,139,14.285714285714286,15.233333333333333,3.7387378778860936,7.089715536105033,6,0.76,43.72,7,0,0
2023-07-31,SKU0034,2,Apparel,122,0,17.857142857142858,16.066666666666666,4.0166320883712165,7.593360995850622,6,0.76,43.72,7,0,0
2023-08-07,SKU0034,2,Apparel,153,0,15.428571428571429,15.966666666666667,4.781309395994978,9.582463465553236,6,0.76,43.72,8,0,0
2023-08-14,SKU0034,2,Apparel,51,139,14.571428571428571,15.566666666666666,4.360349031690113,3.2762312633832975,6,0.76,43.72,8,0,0
2023-08-21,SKU0034,2,Apparel,68,139,17.428571428571427,16.066666666666666,4.282549460900301,4.232365145228216,6,0.76,43.72,8,0,0
2023-08-28,SKU0034,2,Apparel,105,139,14.571428571428571,15.633333333333333,3.8994547216805553,6.7164179104477615,6,0.76,43.72,8,0,0
2023-09-04,SKU0034,2,Apparel,139,0,15.0,15.166666666666666,3.1413080224572094,9.164835164835166,6,0.76,43.72,9,0,0
2023-09-11,SKU0034,2,Apparel,187,0,13.0,15.066666666666666,3.0730568105584286,12.41150442477876,6,0.76,43.72,9,0,0
2023-09-18,SKU0034,2,Apparel,93,139,13.428571428571429,14.033333333333333,3.458954728829501,6.6270783847981,6,0.76,43.72,9,0,1
2023-09-25,SKU0034,2,Apparel,0,139,13.285714285714286,13.733333333333333,4.697272380445057,0.0,6,0.76,43.72,9,0,1
2023-10-02,SKU0034,2,Apparel,49,139,12.857142857142858,13.033333333333333,5.524137213540502,3.7595907928388748,6,0.76,43.72,10,0,1
2023-10-09,SKU0034,2,Apparel,89,139,14.142857142857142,13.233333333333333,6.218345124866748,6.725440806045341,6,0.76,43.72,10,0,0
2023-10-16,SKU0034,2,Apparel,131,0,13.857142857142858,13.366666666666667,6.093995537346203,9.800498753117207,6,0.76,43.72,10,0,0
2023-10-23,SKU0034,2,Apparel,40,139,13.0,12.8,5.7917896704047305,3.125,6,0.76,43.72,10,0,0
2023-10-30,SKU0034,2,Apparel,85,139,13.428571428571429,13.5,4.368776361471453,6.296296296296297,6,0.76,43.72,10,0,0
2023-11-06,SKU0034,2,Apparel,99,139,17.857142857142858,14.7,4.411192660682048,6.73469387755102,6,0.76,43.72,11,0,1
2023-11-13,SKU0034,2,Apparel,0,139,14.142857142857142,14.366666666666667,6.025711194730367,0.0,6,0.76,43.72,11,0,1
2023-11-20,SKU0034,2,Apparel,9,139,18.571428571428573,15.733333333333333,7.133859686241977,0.5720338983050848,6,0.76,43.72,11,0,1
2023-11-27,SKU0034,2,Apparel,45,139,14.714285714285714,16.133333333333333,7.771447889476615,2.7892561983471076,6,0.76,43.72,11,0,1
2023-12-04,SKU0034,2,Apparel,41,139,20.428571428571427,17.133333333333333,9.069590468393143,2.3929961089494163,6,0.76,43.72,12,0,1
2023-12-11,SKU0034,2,Apparel,27,139,21.857142857142858,17.633333333333333,9.223221567974711,1.5311909262759924,6,0.76,43.72,12,0,0
2023-12-18,SKU0034,2,Apparel,12,139,22.0,20.033333333333335,7.499348630718352,0.5990016638935107,6,0.76,43.72,12,0,0
2023-01-30,SKU0034,3,Apparel,179,0,18.285714285714285,18.4,4.2312466574122185,9.728260869565219,6,0.76,43.72,1,0,0
2023-02-06,SKU0034,3,Apparel,45,247,19.142857142857142,18.466666666666665,5.063277753510605,2.4368231046931412,6,0.76,43.72,2,0,1
2023-02-13,SKU0034,3,Apparel,199,0,13.285714285714286,17.533333333333335,6.284811100957024,11.349809885931558,6,0.76,43.72,2,0,0
2023-02-20,SKU0034,3,Apparel,78,247,17.285714285714285,16.966666666666665,6.172705958538339,4.597249508840865,6,0.76,43.72,2,0,0
2023-02-27,SKU0034,3,Apparel,198,0,18.142857142857142,17.133333333333333,6.273828140794892,11.556420233463035,6,0.76,43.72,2,0,0
2023-03-06,SKU0034,3,Apparel,45,247,21.857142857142858,17.666666666666668,6.177452512179264,2.5471698113207544,6,0.76,43.72,3,0,0
2023-03-13,SKU0034,3,Apparel,107,247,26.428571428571427,20.766666666666666,5.6366004264819125,5.152487961476726,6,0.76,43.72,3,0,0
2023-03-20,SKU0034,3,Apparel,191,0,23.285714285714285,21.933333333333334,5.438897792329091,8.70820668693009,6,0.76,43.72,3,0,0
2023-03-27,SKU0034,3,Apparel,16,247,25.0,23.7,4.749954627732479,0.6751054852320675,6,0.76,43.72,3,0,0
2023-04-03,SKU0034,3,Apparel,121,247,20.285714285714285,23.466666666666665,4.629242384826185,5.15625,6,0.76,43.72,4,0,0
2023-04-10,SKU0034,3,Apparel,198,0,24.285714285714285,23.533333333333335,4.79750893214624,8.413597733711047,6,0.76,43.72,4,0,0
2023-04-17,SKU0034,3,Apparel,30,247,24.0,23.566666666666666,4.26439415055226,1.272984441301273,6,0.76,43.72,4,0,0
2023-04-24,SKU0034,3,Apparel,112,247,23.571428571428573,23.3,3.9405058313491326,4.806866952789699,6,0.76,43.72,4,0,0
2023-05-01,SKU0034,3,Apparel,189,0,24.285714285714285,23.833333333333332,3.6679725992032326,7.930069930069931,6,0.76,43.72,5,0,0
2023-05-08,SKU0034,3,Apparel,28,247,23.0,24.066666666666666,3.7777327020073908,1.1634349030470914,6,0.76,43.72,5,0,0
2023-05-15,SKU0034,3,Apparel,148,0,18.142857142857142,22.3,4.153519488088504,6.63677130044843,6,0.76,43.72,5,0,0
2023-05-22,SKU0034,3,Apparel,34,247,16.285714285714285,20.733333333333334,5.238671411810391,1.6398713826366558,6,0.76,43.72,5,0,1
2023-05-29,SKU0034,3,Apparel,175,0,15.142857142857142,18.566666666666666,6.123348944723834,9.425493716337522,6,0.76,43.72,5,0,0
2023-06-05,SKU0034,3,Apparel,47,247,18.285714285714285,17.766666666666666,5.9635868247298855,2.645403377110694,6,0.76,43.72,6,0,1
2023-06-12,SKU0034,3,Apparel,217,0,11.0,15.4,6.578963339363547,14.09090909090909,6,0.76,43.72,6,0,0
2023-06-19,SKU0034,3,Apparel,71,247,20.857142857142858,16.433333333333334,6.861603981242448,4.320486815415822,6,0.76,43.72,6,0,0
2023-06-26,SKU0034,3,Apparel,199,0,17.0,16.966666666666665,6.008518856638019,11.728880157170925,6,0.76,43.72,6,0,0
2023-07-03,SKU0034,3,Apparel,90,247,15.571428571428571,16.2,6.019508514706213,5.555555555555555,6,0.76,43.72,7,0,0
2023-07-10,SKU0034,3,Apparel,208,0,18.428571428571427,17.766666666666666,4.248190960489128,11.707317073170731,6,0.76,43.72,7,0,0
2023-07-17,SKU0034,3,Apparel,78,247,18.571428571428573,17.766666666666666,4.320626817020183,4.390243902439025,6,0.76,43.72,7,0,0
2023-07-24,SKU0034,3,Apparel,178,0,21.0,18.033333333333335,4.867083905905709,9.870609981515711,6,0.76,43.72,7,0,0
2023-07-31,SKU0034,3,Apparel,50,247,18.285714285714285,18.9,4.196468137325262,2.6455026455026456,6,0.76,43.72,7,0,0
2023-08-07,SKU0034,3,Apparel,155,0,20.285714285714285,19.3,4.027063617489833,8.031088082901555,6,0.76,43.72,8,0,0
2023-08-14,SKU0034,3,Apparel,275,0,18.142857142857142,19.2,3.8273066067495707,14.322916666666668,6,0.76,43.72,8,0,0
2023-08-21,SKU0034,3,Apparel,134,0,20.142857142857142,19.133333333333333,3.3190498571161804,7.003484320557491,6,0.76,43.72,8,0,0
2023-08-28,SKU0034,3,Apparel,8,247,18.0,19.0,3.227040920634293,0.42105263157894735,6,0.76,43.72,8,0,1
2023-09-04,SKU0034,3,Apparel,212,0,6.142857142857143,15.833333333333334,7.254408093125801,13.389473684210525,6,0.76,43.72,9,0,0
2023-09-11,SKU0034,3,Apparel,91,247,17.285714285714285,15.433333333333334,7.108437596087566,5.896328293736501,6,0.76,43.72,9,0,0
2023-09-18,SKU0034,3,Apparel,206,0,18.857142857142858,15.433333333333334,7.089007193430238,13.347732181425485,6,0.76,43.72,9,0,0
2023-09-25,SKU0034,3,Apparel,45,247,23.0,16.566666666666666,8.236518068034416,2.716297786720322,6,0.76,43.72,9,0,0
2023-10-02,SKU0034,3,Apparel,169,0,17.571428571428573,19.066666666666666,4.593348514396946,8.863636363636363,6,0.76,43.72,10,0,0
2023-10-09,SKU0034,3,Apparel,21,247,21.142857142857142,20.066666666666666,4.863185654757967,1.0465116279069768,6,0.76,43.72,10,0,0
2023-10-16,SKU0034,3,Apparel,133,0,19.285714285714285,20.066666666666666,4.9475408961968395,6.627906976744186,6,0.76,43.72,10,0,0
2023-10-23,SKU0034,3,Apparel,254,0,18.0,19.166666666666668,4.2676274062013535,13.252173913043478,6,0.76,43.72,10,0,0
2023-10-30,SKU0034,3,Apparel,133,0,17.285714285714285,18.833333333333332,4.418482602177708,7.061946902654868,6,0.76,43.72,10,0,0
2023-11-06,SKU0034,3,Apparel,210,0,24.285714285714285,19.733333333333334,4.856089908084722,10.641891891891891,6,0.76,43.72,11,0,0
2023-11-13,SKU0034,3,Apparel,39,247,24.428571428571427,21.033333333333335,5.3335847641883065,1.8541996830427891,6,0.76,43.72,11,0,0
2023-11-20,SKU0034,3,Apparel,105,247,25.857142857142858,22.4,5.968884837798148,4.6875,6,0.76,43.72,11,0,1
2023-11-27,SKU0034,3,Apparel,176,0,25.142857142857142,24.266666666666666,5.812788121644088,7.252747252747253,6,0.76,43.72,11,0,1
2023-12-04,SKU0034,3,Apparel,0,247,25.142857142857142,25.3,6.518673442371237,0.0,6,0.76,43.72,12,0,1
2023-12-11,SKU0034,3,Apparel,82,247,23.571428571428573,25.133333333333333,7.981588007811289,3.2625994694960214,6,0.76,43.72,12,0,0
2023-12-18,SKU0034,3,Apparel,140,0,27.0,25.133333333333333,7.890340376965244,5.570291777188329,6,0.76,43.72,12,0,1
2023-01-30,SKU0034,4,Apparel,0,208,15.285714285714286,14.833333333333334,3.9747767955839537,0.0,6,0.76,43.72,1,0,0
2023-02-06,SKU0034,4,Apparel,87,208,17.285714285714285,14.8,4.138965387963352,5.878378378378378,6,0.76,43.72,2,0,0
2023-02-13,SKU0034,4,Apparel,194,0,14.428571428571429,14.966666666666667,3.9955434944562866,12.962138084632517,6,0.76,43.72,2,0,0
2023-02-20,SKU0034,4,Apparel,90,208,14.857142857142858,15.333333333333334,3.7077117521163383,5.869565217391304,6,0.76,43.72,2,0,0
2023-02-27,SKU0034,4,Apparel,193,0,15.0,15.466666666666667,3.266690124241369,12.47844827586207,6,0.76,43.72,2,0,0
2023-03-06,SKU0034,4,Apparel,64,208,18.428571428571427,15.5,3.6554163874334815,4.129032258064516,6,0.76,43.72,3,0,0
2023-03-13,SKU0034,4,Apparel,129,0,20.428571428571427,17.066666666666666,4.432896875931547,7.55859375,6,0.76,43.72,3,0,0
2023-03-20,SKU0034,4,Apparel,210,0,18.142857142857142,17.833333333333332,4.227033959167352,11.77570093457944,6,0.76,43.72,3,0,0
2023-03-27,SKU0034,4,Apparel,86,208,17.714285714285715,18.433333333333334,4.63631343837435,4.665461121157324,6,0.76,43.72,3,0,0
2023-04-03,SKU0034,4,Apparel,155,0,19.857142857142858,19.266666666666666,5.381535054260067,8.044982698961938,6,0.76,43.72,4,0,0
2023-04-10,SKU0034,4,Apparel,13,208,20.285714285714285,19.4,5.183528288457718,0.6701030927835052,6,0.76,43.72,4,0,0
2023-04-17,SKU0034,4,Apparel,71,208,21.428571428571427,19.766666666666666,6.061087493939964,3.5919055649241147,6,0.76,43.72,4,0,0
2023-04-24,SKU0034,4,Apparel,124,0,22.142857142857142,20.766666666666666,5.887938186831964,5.971107544141252,6,0.76,43.72,4,0,0
2023-05-01,SKU0034,4,Apparel,218,0,16.285714285714285,19.733333333333334,5.6868470952767405,11.047297297297296,6,0.76,43.72,5,0,0
2023-05-08,SKU0034,4,Apparel,116,0,14.571428571428571,18.7,6.13160270436188,6.2032085561497325,6,0.76,43.72,5,0,0
2023-05-15,SKU0034,4,Apparel,216,0,15.428571428571429,17.1,5.241413339272469,12.63157894736842,6,0.76,43.72,5,0,0
2023-05-22,SKU0034,4,Apparel,110,208,15.142857142857142,15.566666666666666,4.37613696228118,7.0663811563169165,6,0.76,43.72,5,0,0
2023-05-29,SKU0034,4,Apparel,225,0,13.285714285714286,14.5,4.462487322497187,15.517241379310345,6,0.76,43.72,5,0,0
2023-06-05,SKU0034,4,Apparel,99,208,18.0,15.2,4.999310297258584,6.5131578947368425,6,0.76,43.72,6,0,0
2023-06-12,SKU0034,4,Apparel,200,0,15.285714285714286,15.3,4.457848561032923,13.071895424836601,6,0.76,43.72,6,0,0
2023-06-19,SKU0034,4,Apparel,86,208,16.285714285714285,15.633333333333333,4.189340605947854,5.501066098081024,6,0.76,43.72,6,0,1
2023-06-26,SKU0034,4,Apparel,0,208,12.285714285714286,15.166666666666666,4.927637283262856,0.0,6,0.76,43.72,6,0,1
2023-07-03,SKU0034,4,Apparel,97,208,15.857142857142858,15.033333333333333,5.423342482100938,6.452328159645233,6,0.76,43.72,7,0,0
2023-07-10,SKU0034,4,Apparel,201,0,14.857142857142858,14.733333333333333,5.232084923209674,13.642533936651585,6,0.76,43.72,7,0,0
2023-07-17,SKU0034,4,Apparel,92,208,15.571428571428571,14.666666666666666,5.377689116143185,6.272727272727273,6,0.76,43.72,7,0,0
2023-07-24,SKU0034,4,Apparel,197,0,14.714285714285714,14.466666666666667,5.673491495289849,13.617511520737327,6,0.76,43.72,7,0,0
2023-07-31,SKU0034,4,Apparel,89,208,15.428571428571429,15.5,4.191534983420898,5.741935483870968,6,0.76,43.72,7,0,0
2023-08-07,SKU0034,4,Apparel,194,0,14.714285714285714,14.933333333333334,4.067815929559921,12.991071428571429,6,0.76,43.72,8,0,0
2023-08-14,SKU0034,4,Apparel,73,208,17.285714285714285,15.3,4.434581969180314,4.771241830065359,6,0.76,43.72,8,0,0
2023-08-21,SKU0034,4,Apparel,163,0,16.857142857142858,15.833333333333334,4.4804812959857365,10.294736842105262,6,0.76,43.72,8,0,0
2023-08-28,SKU0034,4,Apparel,64,208,14.142857142857142,15.7,3.860945033502031,4.076433121019108,6,0.76,43.72,8,0,0
2023-09-04,SKU0034,4,Apparel,161,0,15.857142857142858,15.766666666666667,4.368250129674601,10.211416490486258,6,0.76,43.72,9,0,0
2023-09-11,SKU0034,4,Apparel,41,208,17.142857142857142,16.0,4.87074305738194,2.5625,6,0.76,43.72,9,0,0
2023-09-18,SKU0034,4,Apparel,138,0,15.857142857142858,15.733333333333333,4.827602627229861,8.771186440677967,6,0.76,43.72,9,0,0
2023-09-25,SKU0034,4,Apparel,232,0,16.285714285714285,16.1,5.208414941889369,14.409937888198757,6,0.76,43.72,9,0,0
2023-10-02,SKU0034,4,Apparel,129,0,14.714285714285714,15.666666666666666,4.929386429842208,8.23404255319149,6,0.76,43.72,10,0,0
2023-10-09,SKU0034,4,Apparel,234,0,14.714285714285714,15.5,4.191534983420899,15.096774193548388,6,0.76,43.72,10,0,0
2023-10-16,SKU0034,4,Apparel,123,0,15.857142857142858,15.4,4.165540077580684,7.987012987012987,6,0.76,43.72,10,0,0
2023-10-23,SKU0034,4,Apparel,25,208,14.0,15.1,3.871647604368666,1.6556291390728477,6,0.76,43.72,10,0,1
2023-10-30,SKU0034,4,Apparel,161,0,10.285714285714286,13.8,5.274532174057921,11.666666666666666,6,0.76,43.72,10,0,0
2023-11-06,SKU0034,4,Apparel,16,208,20.714285714285715,15.366666666666667,6.392254652329625,1.0412147505422993,6,0.76,43.72,11,0,0
2023-11-13,SKU0034,4,Apparel,72,208,21.714285714285715,16.533333333333335,6.951721857324926,4.354838709677419,6,0.76,43.72,11,0,0
2023-11-20,SKU0034,4,Apparel,141,0,19.857142857142858,17.833333333333332,6.938564560549936,7.906542056074767,6,0.76,43.72,11,0,1
2023-11-27,SKU0034,4,Apparel,0,208,20.142857142857142,20.2,6.082195610819825,0.0,6,0.76,43.72,11,0,1
2023-12-04,SKU0034,4,Apparel,103,208,15.0,19.266666666666666,7.5791607820997955,5.346020761245675,6,0.76,43.72,12,0,1
2023-12-11,SKU0034,4,Apparel,151,0,22.857142857142858,19.466666666666665,7.70012688356423,7.756849315068494,6,0.76,43.72,12,0,0
2023-12-18,SKU0034,4,Apparel,199,0,22.857142857142858,20.566666666666666,8.063041837802968,9.675850891410049,6,0.76,43.72,12,0,0
2023-01-30,SKU0035,1,Grocery,20,43,2.7142857142857144,2.5,1.8335945477441957,8.0,6,0.76,15.88,1,0,0
2023-02-06,SKU0035,1,Grocery,45,0,2.5714285714285716,2.466666666666667,1.8332810859848758,18.243243243243242,6,0.76,15.88,2,0,0
2023-02-13,SKU0035,1,Grocery,21,43,3.4285714285714284,2.566666666666667,2.01174711054387,8.181818181818182,6,0.76,15.88,2,0,0
2023-02-20,SKU0035,1,Grocery,37,0,3.857142857142857,3.066666666666667,2.3479019737120455,12.065217391304348,6,0.76,15.88,2,0,0
2023-02-27,SKU0035,1,Grocery,13,43,3.4285714285714284,3.2333333333333334,2.192201433818704,4.020618556701031,6,0.76,15.88,2,0,0
2023-03-06,SKU0035,1,Grocery,32,0,3.4285714285714284,3.433333333333333,2.2996751394765385,9.320388349514564,6,0.76,15.88,3,0,0
2023-03-13,SKU0035,1,Grocery,11,43,3.0,3.3,2.151983848163973,3.3333333333333335,6,0.76,15.88,3,0,0
2023-03-20,SKU0035,1,Grocery,27,0,3.857142857142857,3.533333333333333,2.046583921349534,7.6415094339622645,6,0.76,15.88,3,0,0
2023-03-27,SKU0035,1,Grocery,48,0,3.142857142857143,3.3,1.7449434335263985,14.545454545454547,6,0.76,15.88,3,0,0
2023-04-03,SKU0035,1,Grocery,23,0,3.5714285714285716,3.2333333333333334,1.5465943304527225,7.11340206185567,6,0.76,15.88,4,0,0
2023-04-10,SKU0035,1,Grocery,8,43,2.142857142857143,3.1,1.4467561813504932,2.5806451612903225,6,0.76,15.88,4,0,0
2023-04-17,SKU0035,1,Grocery,23,0,4.0,3.2,1.5402641958779175,7.1875,6,0.76,15.88,4,0,0
2023-04-24,SKU0035,1,Grocery,43,0,3.2857142857142856,3.1666666666666665,1.4403862827999165,13.578947368421053,6,0.76,15.88,4,0,0
2023-05-01,SKU0035,1,Grocery,28,0,2.142857142857143,3.0,1.5312829869775528,9.333333333333334,6,0.76,15.88,5,0,0
2023-05-08,SKU0035,1,Grocery,12,43,2.2857142857142856,2.8333333333333335,1.4162440207947153,4.235294117647059,6,0.76,15.88,5,0,1
2023-05-15,SKU0035,1,Grocery,0,43,1.7142857142857142,2.5,1.7567603412394432,0.0,6,0.76,15.88,5,0,1
2023-05-22,SKU0035,1,Grocery,26,0,2.4285714285714284,2.2333333333333334,1.6750364552560588,11.641791044776118,6,0.76,15.88,5,0,0
2023-05-29,SKU0035,1,Grocery,4,43,3.142857142857143,2.3333333333333335,1.8445321495096565,1.7142857142857142,6,0.76,15.88,5,0,0
2023-06-05,SKU0035,1,Grocery,24,0,3.2857142857142856,2.6,2.010318211215535,9.23076923076923,6,0.76,15.88,6,0,0
2023-06-12,SKU0035,1,Grocery,49,0,2.5714285714285716,2.6666666666666665,1.647010527641193,18.375,6,0.76,15.88,6,0,0
2023-06-19,SKU0035,1,Grocery,25,0,3.4285714285714284,3.1333333333333333,1.5024883574816206,7.9787234042553195,6,0.76,15.88,6,0,0
2023-06-26,SKU0035,1,Grocery,7,43,2.5714285714285716,2.9,1.4467561813504943,2.413793103448276,6,0.76,15.88,6,0,0
2023-07-03,SKU0035,1,Grocery,31,0,2.7142857142857144,2.8666666666666667,1.3578211078487263,10.813953488372093,6,0.76,15.88,7,0,0
2023-07-10,SKU0035,1,Grocery,8,43,3.2857142857142856,3.0,1.5536386656646644,2.6666666666666665,6,0.76,15.88,7,0,0
2023-07-17,SKU0035,1,Grocery,30,0,3.0,2.8,1.710011090909789,10.714285714285715,6,0.76,15.88,7,0,0
2023-07-24,SKU0035,1,Grocery,10,43,2.857142857142857,3.0,1.7019258867935274,3.3333333333333335,6,0.76,15.88,7,0,0
2023-07-31,SKU0035,1,Grocery,17,43,5.142857142857143,3.6,1.8307714597761893,4.722222222222222,6,0.76,15.88,7,0,0
2023-08-07,SKU0035,1,Grocery,38,0,3.142857142857143,3.466666666666667,1.8332810859848767,10.961538461538462,6,0.76,15.88,8,0,0
2023-08-14,SKU0035,1,Grocery,21,0,2.4285714285714284,3.3666666666666667,1.6078113916950494,6.237623762376238,6,0.76,15.88,8,0,0
2023-08-21,SKU0035,1,Grocery,38,0,3.7142857142857144,3.6,1.4994251772159122,10.555555555555555,6,0.76,15.88,8,0,0
2023-08-28,SKU0035,1,Grocery,13,43,3.5714285714285716,3.2666666666666666,1.2847469449832056,3.979591836734694,6,0.76,15.88,8,0,0
2023-09-04,SKU0035,1,Grocery,40,0,2.2857142857142856,2.933333333333333,1.484014437454944,13.636363636363637,6,0.76,15.88,9,0,0
2023-09-11,SKU0035,1,Grocery,19,43,3.0,3.1666666666666665,1.4641305136221774,6.0,6,0.76,15.88,9,0,1
2023-09-18,SKU0035,1,Grocery,40,0,3.142857142857143,3.1,1.6887048699909155,12.903225806451612,6,0.76,15.88,9,0,0
2023-09-25,SKU0035,1,Grocery,13,43,3.857142857142857,3.1,1.7488912743950589,4.193548387096774,6,0.76,15.88,9,0,1
2023-10-02,SKU0035,1,Grocery,34,0,3.142857142857143,3.2,1.7888543819998317,10.625,6,0.76,15.88,10,0,0
2023-10-09,SKU0035,1,Grocery,5,43,4.142857142857143,3.5,1.814691006280646,1.4285714285714286,6,0.76,15.88,10,0,0
2023-10-16,SKU0035,1,Grocery,16,43,4.571428571428571,3.7666666666666666,1.9771685315872425,4.247787610619469,6,0.76,15.88,10,0,0
2023-10-23,SKU0035,1,Grocery,34,0,3.5714285714285716,3.933333333333333,1.8181713688309977,8.64406779661017,6,0.76,15.88,10,0,0
2023-10-30,SKU0035,1,Grocery,9,43,3.5714285714285716,3.9,1.863441384402378,2.307692307692308,6,0.76,15.88,10,0,1
2023-11-06,SKU0035,1,Grocery,40,0,1.7142857142857142,3.466666666666667,2.2550071998253953,11.538461538461538,6,0.76,15.88,11,0,0
2023-11-13,SKU0035,1,Grocery,11,43,4.142857142857143,3.466666666666667,2.23966335729792,3.173076923076923,6,0.76,15.88,11,0,1
2023-11-20,SKU0035,1,Grocery,0,43,1.5714285714285714,2.8,2.4410286130349177,0.0,6,0.76,15.88,11,0,0
2023-11-27,SKU0035,1,Grocery,17,0,3.7142857142857144,2.933333333333333,2.778406059215438,5.795454545454546,6,0.76,15.88,11,0,1
2023-12-04,SKU0035,1,Grocery,33,0,3.857142857142857,3.2,2.6444476641211607,10.3125,6,0.76,15.88,12,0,0
2023-12-11,SKU0035,1,Grocery,8,43,3.5714285714285716,3.2333333333333334,2.6740558544360438,2.4742268041237114,6,0.76,15.88,12,0,0
2023-12-18,SKU0035,1,Grocery,14,43,5.285714285714286,3.8333333333333335,2.5741866252486822,3.652173913043478,6,0.76,15.88,12,0,1
2023-01-30,SKU0035,2,Grocery,330,0,35.857142857142854,36.63333333333333,6.620153833681601,9.008189262966333,6,0.76,15.88,1,0,0
2023-02-06,SKU0035,2,Grocery,434,0,37.0,36.96666666666667,6.774614549836071,11.740306582506761,6,0.76,15.88,2,0,0
2023-02-13,SKU0035,2,Grocery,155,363,39.857142857142854,38.13333333333333,6.251804337250524,4.064685314685315,6,0.76,15.88,2,0,0
2023-02-20,SKU0035,2,Grocery,260,363,36.857142857142854,37.36666666666667,6.261449283228032,6.9580731489741305,6,0.76,15.88,2,0,0
2023-02-27,SKU0035,2,Grocery,376,0,35.285714285714285,36.96666666666667,7.019594905952778,10.171325518485121,6,0.76,15.88,2,0,0
2023-03-06,SKU0035,2,Grocery,435,0,43.42857142857143,38.7,6.721812153035058,11.240310077519378,6,0.76,15.88,3,0,0
2023-03-13,SKU0035,2,Grocery,192,363,34.714285714285715,37.166666666666664,6.618070003763387,5.1659192825112115,6,0.76,15.88,3,0,0
2023-03-20,SKU0035,2,Grocery,298,0,36.714285714285715,37.7,7.589239205884739,7.904509283819628,6,0.76,15.88,3,0,0
2023-03-27,SKU0035,2,Grocery,396,0,37.857142857142854,38.0,7.20153240397607,10.421052631578947,6,0.76,15.88,3,0,0
2023-04-03,SKU0035,2,Grocery,138,363,36.857142857142854,36.733333333333334,6.575468166541106,3.7568058076225044,6,0.76,15.88,4,0,1
2023-04-10,SKU0035,2,Grocery,299,0,28.857142857142858,34.96666666666667,9.455825912005832,8.551000953288845,6,0.76,15.88,4,0,0
2023-04-17,SKU0035,2,Grocery,384,0,39.714285714285715,35.36666666666667,9.967129885825686,10.857681432610745,6,0.76,15.88,4,0,0
2023-04-24,SKU0035,2,Grocery,145,363,34.142857142857146,35.2,9.520938812011607,4.119318181818182,6,0.76,15.88,4,0,0
2023-05-01,SKU0035,2,Grocery,227,363,40.142857142857146,35.93333333333333,9.362188564253753,6.317254174397032,6,0.76,15.88,5,0,0
2023-05-08,SKU0035,2,Grocery,310,0,40.0,38.06666666666667,8.561877546802274,8.143607705779333,6,0.76,15.88,5,0,0
2023-05-15,SKU0035,2,Grocery,416,0,36.714285714285715,38.666666666666664,8.42546768714512,10.758620689655173,6,0.76,15.88,5,0,0
2023-05-22,SKU0035,2,Grocery,144,363,38.857142857142854,38.8,7.871379846612364,3.711340206185567,6,0.76,15.88,5,0,0
2023-05-29,SKU0035,2,Grocery,286,363,31.571428571428573,36.96666666666667,8.31899916615195,7.736699729486023,6,0.76,15.88,5,0,0
2023-06-05,SKU0035,2,Grocery,363,0,40.857142857142854,36.666666666666664,6.733003292241391,9.9,6,0.76,15.88,6,0,0
2023-06-12,SKU0035,2,Grocery,483,0,34.714285714285715,36.2,6.85011955596649,13.342541436464087,6,0.76,15.88,6,0,0
2023-06-19,SKU0035,2,Grocery,220,363,37.57142857142857,36.06666666666667,6.887937148444342,6.09981515711645,6,0.76,15.88,6,0,1
2023-06-26,SKU0035,2,Grocery,0,363,31.428571428571427,35.86666666666667,9.594299073545901,0.0,6,0.76,15.88,6,0,1
2023-07-03,SKU0035,2,Grocery,189,363,24.857142857142858,33.1,12.97836395831473,5.709969788519637,6,0.76,15.88,7,0,0
2023-07-10,SKU0035,2,Grocery,295,0,36.714285714285715,32.333333333333336,13.007513301890205,9.123711340206185,6,0.76,15.88,7,0,0
2023-07-17,SKU0035,2,Grocery,418,0,34.285714285714285,32.13333333333333,12.549854603727994,13.008298755186722,6,0.76,15.88,7,0,0
2023-07-24,SKU0035,2,Grocery,129,363,41.285714285714285,32.833333333333336,13.23288310997641,3.928934010152284,6,0.76,15.88,7,0,0
2023-07-31,SKU0035,2,Grocery,235,363,36.714285714285715,36.93333333333333,7.422859999670803,6.362815884476535,6,0.76,15.88,7,0,1
2023-08-07,SKU0035,2,Grocery,0,363,33.57142857142857,36.03333333333333,9.753808569435613,0.0,6,0.76,15.88,8,0,1
2023-08-14,SKU0035,2,Grocery,148,363,30.714285714285715,35.53333333333333,11.509316565986538,4.165103189493434,6,0.76,15.88,8,0,1
2023-08-21,SKU0035,2,Grocery,0,363,21.142857142857142,31.333333333333332,16.42817876306636,0.0,6,0.76,15.88,8,0,0
2023-08-28,SKU0035,2,Grocery,477,0,35.57142857142857,30.733333333333334,15.708406125018097,15.52060737527115,6,0.76,15.88,8,0,0
2023-09-04,SKU0035,2,Grocery,202,363,39.285714285714285,30.733333333333334,15.260797948436013,6.572668112798264,6,0.76,15.88,9,0,0
2023-09-11,SKU0035,2,Grocery,298,0,38.142857142857146,33.8,13.797551007084687,8.81656804733728,6,0.76,15.88,9,0,0
2023-09-18,SKU0035,2,Grocery,428,0,33.285714285714285,34.13333333333333,10.890468256717657,12.5390625,6,0.76,15.88,9,0,0
2023-09-25,SKU0035,2,Grocery,156,363,38.857142857142854,37.0,6.096918384979716,4.216216216216216,6,0.76,15.88,9,0,0
2023-10-02,SKU0035,2,Grocery,268,363,35.857142857142854,36.5,5.556915542351514,7.342465753424658,6,0.76,15.88,10,0,0
2023-10-09,SKU0035,2,Grocery,364,0,38.142857142857146,36.733333333333334,5.735150741086824,9.909255898366606,6,0.76,15.88,10,0,0
2023-10-16,SKU0035,2,Grocery,483,0,34.857142857142854,36.4,5.899152481501071,13.26923076923077,6,0.76,15.88,10,0,0
2023-10-23,SKU0035,2,Grocery,211,363,38.857142857142854,37.06666666666667,5.668627111861705,5.692446043165467,6,0.76,15.88,10,0,0
2023-10-30,SKU0035,2,Grocery,320,0,36.285714285714285,36.766666666666666,5.685330993508413,8.703535811423391,6,0.76,15.88,10,0,0
2023-11-06,SKU0035,2,Grocery,20,363,42.857142857142854,38.43333333333333,5.550292526204094,0.5203816131830009,6,0.76,15.88,11,0,1
2023-11-13,SKU0035,2,Grocery,43,363,48.57142857142857,41.333333333333336,8.883667048572075,1.0403225806451613,6,0.76,15.88,11,0,0
2023-11-20,SKU0035,2,Grocery,50,363,50.857142857142854,44.0,9.598850505893036,1.1363636363636365,6,0.76,15.88,11,0,0
2023-11-27,SKU0035,2,Grocery,68,363,49.285714285714285,46.9,9.337909387231075,1.4498933901918978,6,0.76,15.88,11,0,0
2023-12-04,SKU0035,2,Grocery,62,363,52.714285714285715,49.63333333333333,10.053249031629248,1.249160510409671,6,0.76,15.88,12,0,1
2023-12-11,SKU0035,2,Grocery,51,363,53.42857142857143,51.333333333333336,7.923484662407239,0.9935064935064934,6,0.76,15.88,12,0,0
2023-12-18,SKU0035,2,Grocery,33,363,54.42857142857143,52.5,8.581254630558592,0.6285714285714286,6,0.76,15.88,12,0,0
2023-01-30,SKU0035,3,Grocery,209,0,13.714285714285714,12.1,6.110194985319266,17.272727272727273,6,0.76,15.88,1,0,0
2023-02-06,SKU0035,3,Grocery,110,198,14.142857142857142,11.833333333333334,6.023421718209867,9.295774647887324,6,0.76,15.88,2,0,0
2023-02-13,SKU0035,3,Grocery,31,198,11.285714285714286,12.166666666666666,4.720339944898281,2.547945205479452,6,0.76,15.88,2,0,1
2023-02-20,SKU0035,3,Grocery,137,0,13.142857142857142,12.966666666666667,3.9521564025080114,10.565552699228792,6,0.76,15.88,2,0,0
2023-02-27,SKU0035,3,Grocery,219,0,16.571428571428573,13.8,4.559189280623447,15.869565217391303,6,0.76,15.88,2,0,0
2023-03-06,SKU0035,3,Grocery,133,0,12.285714285714286,13.266666666666667,4.322621597047837,10.025125628140703,6,0.76,15.88,3,0,0
2023-03-13,SKU0035,3,Grocery,226,0,15.0,13.933333333333334,4.401671573808998,16.220095693779903,6,0.76,15.88,3,0,0
2023-03-20,SKU0035,3,Grocery,123,0,14.714285714285714,14.7,3.975355113176947,8.36734693877551,6,0.76,15.88,3,0,0
2023-03-27,SKU0035,3,Grocery,209,0,16.0,14.566666666666666,3.6923344016128006,14.347826086956522,6,0.76,15.88,3,0,0
2023-04-03,SKU0035,3,Grocery,127,0,11.714285714285714,14.2,3.9163670709578264,8.943661971830986,6,0.76,15.88,4,0,0
2023-04-10,SKU0035,3,Grocery,34,198,13.285714285714286,13.933333333333334,3.6192334236289145,2.4401913875598087,6,0.76,15.88,4,0,1
2023-04-17,SKU0035,3,Grocery,194,0,5.428571428571429,11.933333333333334,6.230809618801329,16.256983240223462,6,0.76,15.88,4,0,0
2023-04-24,SKU0035,3,Grocery,90,198,14.857142857142858,11.7,6.040952197152025,7.6923076923076925,6,0.76,15.88,4,0,0
2023-05-01,SKU0035,3,Grocery,183,0,15.0,11.966666666666667,5.869167439831789,15.292479108635098,6,0.76,15.88,5,0,0
2023-05-08,SKU0035,3,Grocery,74,198,15.571428571428571,12.866666666666667,6.60581422757221,5.751295336787565,6,0.76,15.88,5,0,0
2023-05-15,SKU0035,3,Grocery,190,0,11.714285714285714,13.466666666666667,5.144353002671179,14.108910891089108,6,0.76,15.88,5,0,0
2023-05-22,SKU0035,3,Grocery,105,198,12.142857142857142,13.6,4.165540077580703,7.720588235294118,6,0.76,15.88,5,0,0
2023-05-29,SKU0035,3,Grocery,215,0,12.571428571428571,13.033333333333333,4.5899690730934175,16.49616368286445,6,0.76,15.88,5,0,0
2023-06-05,SKU0035,3,Grocery,120,0,13.571428571428571,12.8,3.708331718971626,9.375,6,0.76,15.88,6,0,0
2023-06-12,SKU0035,3,Grocery,215,0,14.714285714285714,12.9,3.9857504809698945,16.666666666666668,6,0.76,15.88,6,0,0
2023-06-19,SKU0035,3,Grocery,112,0,14.714285714285714,13.833333333333334,3.6773616229230384,8.096385542168674,6,0.76,15.88,6,0,0
2023-06-26,SKU0035,3,Grocery,203,0,15.285714285714286,14.133333333333333,3.766763298526531,14.363207547169813,6,0.76,15.88,6,0,0
2023-07-03,SKU0035,3,Grocery,112,0,13.0,14.233333333333333,3.328905104595554,7.868852459016394,6,0.76,15.88,7,0,0
2023-07-10,SKU0035,3,Grocery,232,0,11.142857142857142,13.433333333333334,3.775450037877044,17.270471464019852,6,0.76,15.88,7,0,0
2023-07-17,SKU0035,3,Grocery,158,0,10.571428571428571,12.566666666666666,3.7016616337227157,12.572944297082229,6,0.76,15.88,7,0,0
2023-07-24,SKU0035,3,Grocery,70,198,12.571428571428571,11.933333333333334,3.2048813344359712,5.865921787709497,6,0.76,15.88,7,0,1
2023-07-31,SKU0035,3,Grocery,192,0,10.857142857142858,11.266666666666667,4.314636943477745,17.041420118343193,6,0.76,15.88,7,0,0
2023-08-07,SKU0035,3,Grocery,112,0,11.428571428571429,11.066666666666666,4.225810131130812,10.120481927710843,6,0.76,15.88,8,0,0
2023-08-14,SKU0035,3,Grocery,217,0,13.285714285714286,11.8,4.4287462225158345,18.389830508474574,6,0.76,15.88,8,0,0
2023-08-21,SKU0035,3,Grocery,137,0,11.428571428571429,11.933333333333334,4.697272380445056,11.4804469273743,6,0.76,15.88,8,0,0
2023-08-28,SKU0035,3,Grocery,48,198,12.714285714285714,11.6,4.343842252803545,4.137931034482759,6,0.76,15.88,8,0,0
2023-09-04,SKU0035,3,Grocery,140,0,15.142857142857142,13.033333333333333,3.7276537257168343,10.741687979539641,6,0.76,15.88,9,0,0
2023-09-11,SKU0035,3,Grocery,58,198,11.714285714285714,12.466666666666667,3.578993629820939,4.652406417112299,6,0.76,15.88,9,0,0
2023-09-18,SKU0035,3,Grocery,158,0,14.0,13.133333333333333,3.3086441991821407,12.030456852791879,6,0.76,15.88,9,0,0
2023-09-25,SKU0035,3,Grocery,55,198,14.714285714285714,13.933333333333334,3.6946684171443196,3.9473684210526314,6,0.76,15.88,9,0,0
2023-10-02,SKU0035,3,Grocery,139,0,16.285714285714285,14.166666666666666,3.7239516769090946,9.811764705882354,6,0.76,15.88,10,0,0
2023-10-09,SKU0035,3,Grocery,35,198,14.857142857142858,14.633333333333333,3.709106531817044,2.3917995444191344,6,0.76,15.88,10,0,1
2023-10-16,SKU0035,3,Grocery,149,0,12.0,14.6,5.014461844127138,10.205479452054794,6,0.76,15.88,10,0,0
2023-10-23,SKU0035,3,Grocery,47,198,14.571428571428571,14.3,4.698862665031573,3.2867132867132867,6,0.76,15.88,10,0,0
2023-10-30,SKU0035,3,Grocery,151,0,13.428571428571429,13.866666666666667,4.614320537521048,10.889423076923077,6,0.76,15.88,10,0,0
2023-11-06,SKU0035,3,Grocery,37,198,16.285714285714285,14.0,4.863658336457562,2.642857142857143,6,0.76,15.88,11,0,1
2023-11-13,SKU0035,3,Grocery,144,0,13.0,14.466666666666667,3.9280892374628285,9.953917050691244,6,0.76,15.88,11,0,0
2023-11-20,SKU0035,3,Grocery,17,198,18.142857142857142,15.266666666666667,4.76288331489072,1.1135371179039302,6,0.76,15.88,11,0,1
2023-11-27,SKU0035,3,Grocery,183,0,4.571428571428571,13.066666666666666,7.432145155282923,14.005102040816327,6,0.76,15.88,11,0,0
2023-12-04,SKU0035,3,Grocery,44,198,19.857142857142858,13.8,7.949842765740718,3.1884057971014492,6,0.76,15.88,12,0,0
2023-12-11,SKU0035,3,Grocery,103,0,19.857142857142858,15.566666666666666,8.084396778014295,6.616702355460386,6,0.76,15.88,12,0,0
2023-12-18,SKU0035,3,Grocery,153,0,21.142857142857142,16.166666666666668,8.542321954118576,9.463917525773196,6,0.76,15.88,12,0,0
2023-01-30,SKU0035,4,Grocery,171,0,8.142857142857142,8.933333333333334,3.4434679124928427,19.14179104477612,6,0.76,15.88,1,0,0
2023-02-06,SKU0035,4,Grocery,103,0,9.714285714285714,9.033333333333333,3.854986321665731,11.402214022140221,6,0.76,15.88,2,0,0
2023-02-13,SKU0035,4,Grocery,41,149,8.857142857142858,9.366666666666667,3.9171007340786543,4.377224199288256,6,0.76,15.88,2,0,0
2023-02-20,SKU0035,4,Grocery,121,0,9.857142857142858,9.3,3.7888220351176565,13.010752688172042,6,0.76,15.88,2,0,0
2023-02-27,SKU0035,4,Grocery,44,149,11.0,9.766666666666667,3.9276502875904304,4.505119453924914,6,0.76,15.88,2,0,0
2023-03-06,SKU0035,4,Grocery,129,0,9.142857142857142,9.833333333333334,3.3122898979129363,13.118644067796609,6,0.76,15.88,3,0,0
2023-03-13,SKU0035,4,Grocery,52,149,11.0,10.066666666666666,3.4132938216103925,5.1655629139072845,6,0.76,15.88,3,0,0
2023-03-20,SKU0035,4,Grocery,135,0,9.428571428571429,10.066666666666666,3.6571454228234024,13.410596026490067,6,0.76,15.88,3,0,0
2023-03-27,SKU0035,4,Grocery,65,149,10.0,10.0,3.9128435731046296,6.5,6,0.76,15.88,3,0,0
2023-04-03,SKU0035,4,Grocery,145,0,9.857142857142858,9.9,3.5267451048357263,14.646464646464645,6,0.76,15.88,4,0,0
2023-04-10,SKU0035,4,Grocery,92,0,7.571428571428571,9.2,3.4180050644622595,10.0,6,0.76,15.88,4,0,0
2023-04-17,SKU0035,4,Grocery,177,0,9.142857142857142,9.333333333333334,3.241257028752391,18.96428571428571,6,0.76,15.88,4,0,0
2023-04-24,SKU0035,4,Grocery,109,0,9.714285714285714,9.1,2.682638947778461,11.978021978021978,6,0.76,15.88,4,0,0
2023-05-01,SKU0035,4,Grocery,40,149,9.857142857142858,9.033333333333333,2.428044954042361,4.428044280442805,6,0.76,15.88,5,0,0
2023-05-08,SKU0035,4,Grocery,116,0,10.428571428571429,9.666666666666666,2.4541777657185144,12.0,6,0.76,15.88,5,0,0
2023-05-15,SKU0035,4,Grocery,47,149,9.857142857142858,9.766666666666667,2.725148946683316,4.812286689419794,6,0.76,15.88,5,0,0
2023-05-22,SKU0035,4,Grocery,132,0,9.142857142857142,9.766666666666667,2.812329177443288,13.515358361774743,6,0.76,15.88,5,0,0
2023-05-29,SKU0035,4,Grocery,56,149,10.857142857142858,9.9,3.9857504809698905,5.656565656565657,6,0.76,15.88,5,0,0
2023-06-05,SKU0035,4,Grocery,138,0,9.571428571428571,9.866666666666667,3.9977004884561187,13.986486486486486,6,0.76,15.88,6,0,0
2023-06-12,SKU0035,4,Grocery,78,149,8.571428571428571,9.266666666666667,3.9210601428284866,8.417266187050359,6,0.76,15.88,6,0,0
2023-06-19,SKU0035,4,Grocery,160,0,9.571428571428571,9.533333333333333,3.7759066810989657,16.783216783216783,6,0.76,15.88,6,0,0
2023-06-26,SKU0035,4,Grocery,81,0,11.285714285714286,10.133333333333333,3.5982115608704275,7.99342105263158,6,0.76,15.88,6,0,1
2023-07-03,SKU0035,4,Grocery,0,149,11.571428571428571,10.3,3.5637059362410906,0.0,6,0.76,15.88,7,0,1
2023-07-10,SKU0035,4,Grocery,101,0,6.857142857142857,9.766666666666667,4.320626817020189,10.341296928327644,6,0.76,15.88,7,0,0
2023-07-17,SKU0035,4,Grocery,173,0,11.0,10.233333333333333,4.2563002659613876,16.90553745928339,6,0.76,15.88,7,0,0
2023-07-24,SKU0035,4,Grocery,111,0,8.857142857142858,9.8,4.482917769058219,11.326530612244897,6,0.76,15.88,7,0,0
2023-07-31,SKU0035,4,Grocery,57,149,7.714285714285714,8.5,3.598371279074596,6.705882352941177,6,0.76,15.88,7,0,0
2023-08-07,SKU0035,4,Grocery,153,0,7.571428571428571,8.866666666666667,2.6875618143118327,17.25563909774436,6,0.76,15.88,8,0,0
2023-08-14,SKU0035,4,Grocery,95,0,8.285714285714286,8.233333333333333,2.2996751394765336,11.53846153846154,6,0.76,15.88,8,0,0
2023-08-21,SKU0035,4,Grocery,189,0,7.857142857142857,8.166666666666666,2.305665186887065,23.142857142857146,6,0.76,15.88,8,0,0
2023-08-28,SKU0035,4,Grocery,112,0,11.0,8.633333333333333,2.60613775978717,12.972972972972974,6,0.76,15.88,8,0,0
2023-09-04,SKU0035,4,Grocery,48,149,9.142857142857142,8.866666666666667,2.7257815498442373,5.413533834586466,6,0.76,15.88,9,0,0
2023-09-11,SKU0035,4,Grocery,140,0,8.142857142857142,8.966666666666667,2.72261706417941,15.613382899628252,6,0.76,15.88,9,0,0
2023-09-18,SKU0035,4,Grocery,72,149,9.714285714285714,9.4,2.5944237284527403,7.659574468085106,6,0.76,15.88,9,0,0
2023-09-25,SKU0035,4,Grocery,157,0,9.142857142857142,9.233333333333333,2.800041050602198,17.00361010830325,6,0.76,15.88,9,0,0
2023-10-02,SKU0035,4,Grocery,98,0,8.428571428571429,8.9,3.043931214955308,11.01123595505618,6,0.76,15.88,10,0,0
2023-10-09,SKU0035,4,Grocery,173,0,10.571428571428571,9.566666666666666,3.147887450703861,18.083623693379792,6,0.76,15.88,10,0,0
2023-10-16,SKU0035,4,Grocery,105,0,9.714285714285714,9.366666666666667,3.357783888769222,11.209964412811388,6,0.76,15.88,10,0,0
2023-10-23,SKU0035,4,Grocery,26,149,11.285714285714286,9.766666666666667,3.48081771341491,2.662116040955631,6,0.76,15.88,10,0,0
2023-10-30,SKU0035,4,Grocery,107,0,9.714285714285714,10.333333333333334,3.4474711704761787,10.354838709677418,6,0.76,15.88,10,0,0
2023-11-06,SKU0035,4,Grocery,18,149,12.714285714285714,10.766666666666667,3.3803012856266577,1.6718266253869967,6,0.76,15.88,11,0,0
2023-11-13,SKU0035,4,Grocery,80,149,12.428571428571429,11.466666666666667,3.3603502827813294,6.976744186046512,6,0.76,15.88,11,0,0
2023-11-20,SKU0035,4,Grocery,133,0,13.714285714285714,11.966666666666667,3.398613645686098,11.114206128133704,6,0.76,15.88,11,0,0
2023-11-27,SKU0035,4,Grocery,49,149,12.0,12.6,2.7742659793426494,3.888888888888889,6,0.76,15.88,11,0,0
2023-12-04,SKU0035,4,Grocery,99,0,14.142857142857142,13.1,2.8082391095759363,7.557251908396947,6,0.76,15.88,12,0,0
2023-12-11,SKU0035,4,Grocery,154,0,13.428571428571429,13.0,3.0850026546683007,11.846153846153847,6,0.76,15.88,12,0,0
2023-12-18,SKU0035,4,Grocery,44,149,15.714285714285714,13.766666666666667,3.01357083795992,3.1961259079903144,6,0.76,15.88,12,0,1
2023-01-30,SKU0036,1,Electronics,1171,0,26.857142857142858,27.566666666666666,4.613946873028171,42.478839177750906,19,0.86,72.19,1,0,0
2023-02-06,SKU0036,1,Electronics,932,0,34.142857142857146,29.233333333333334,5.83499155413113,31.88141391106043,19,0.86,72.19,2,0,0
2023-02-13,SKU0036,1,Electronics,688,1647,34.857142857142854,30.6,6.526339207264351,22.483660130718953,19,0.86,72.19,2,0,0
2023-02-20,SKU0036,1,Electronics,423,1647,37.857142857142854,32.9,8.474505376675996,12.857142857142858,19,0.86,72.19,2,0,0
2023-02-27,SKU0036,1,Electronics,1841,0,32.714285714285715,34.36666666666667,7.222967836548635,53.569350145489814,19,0.86,72.19,2,0,0
2023-03-06,SKU0036,1,Electronics,1602,0,34.142857142857146,34.833333333333336,7.3441665020065665,45.99043062200957,19,0.86,72.19,3,0,0
2023-03-13,SKU0036,1,Electronics,1355,0,35.285714285714285,35.1,7.639958476146408,38.603988603988604,19,0.86,72.19,3,0,0
2023-03-20,SKU0036,1,Electronics,1136,0,31.285714285714285,33.53333333333333,6.257317555351152,33.87673956262426,19,0.86,72.19,3,0,0
2023-03-27,SKU0036,1,Electronics,889,1647,35.285714285714285,34.0,6.802636405759571,26.147058823529413,19,0.86,72.19,3,0,0
2023-04-03,SKU0036,1,Electronics,662,1647,32.42857142857143,33.4,6.344152887665061,19.820359281437128,19,0.86,72.19,4,0,0
2023-04-10,SKU0036,1,Electronics,417,1647,35.0,33.266666666666666,6.694997274513791,12.535070140280562,19,0.86,72.19,4,0,0
2023-04-17,SKU0036,1,Electronics,1795,0,38.42857142857143,35.166666666666664,6.591966549407368,51.042654028436026,19,0.86,72.19,4,0,0
2023-04-24,SKU0036,1,Electronics,1556,0,34.142857142857146,35.13333333333333,6.688813787590249,44.28842504743833,19,0.86,72.19,4,0,0
2023-05-01,SKU0036,1,Electronics,1316,0,34.285714285714285,35.666666666666664,6.799256213548006,36.89719626168225,19,0.86,72.19,5,0,0
2023-05-08,SKU0036,1,Electronics,1083,0,33.285714285714285,34.766666666666666,6.479055557682781,31.15052732502397,19,0.86,72.19,5,0,0
2023-05-15,SKU0036,1,Electronics,846,1647,33.857142857142854,34.0,7.23020484280808,24.88235294117647,19,0.86,72.19,5,0,0
2023-05-22,SKU0036,1,Electronics,593,1647,36.142857142857146,34.5,7.907874730837647,17.18840579710145,19,0.86,72.19,5,0,0
2023-05-29,SKU0036,1,Electronics,369,1647,32.0,33.36666666666667,7.703484806301591,11.058941058941059,19,0.86,72.19,5,0,0
2023-06-05,SKU0036,1,Electronics,1771,0,35.0,33.96666666666667,7.270551529301598,52.13935230618253,19,0.86,72.19,6,0,0
2023-06-12,SKU0036,1,Electronics,1535,0,33.714285714285715,33.53333333333333,7.290680557294063,45.77534791252485,19,0.86,72.19,6,0,0
2023-06-19,SKU0036,1,Electronics,1281,0,36.285714285714285,33.96666666666667,6.599285924449979,37.713444553483804,19,0.86,72.19,6,0,0
2023-06-26,SKU0036,1,Electronics,1064,0,31.0,33.46666666666667,6.89194098746591,31.79282868525896,19,0.86,72.19,6,0,0
2023-07-03,SKU0036,1,Electronics,829,1647,33.57142857142857,33.7,6.747413297471593,24.59940652818991,19,0.86,72.19,7,0,0
2023-07-10,SKU0036,1,Electronics,610,1647,31.285714285714285,33.03333333333333,6.682366570946681,18.46619576185671,19,0.86,72.19,7,0,0
2023-07-17,SKU0036,1,Electronics,373,1647,33.857142857142854,32.36666666666667,5.732444464644196,11.524201853759012,19,0.86,72.19,7,0,0
2023-07-24,SKU0036,1,Electronics,1762,0,36.857142857142854,33.43333333333333,6.201686830228516,52.70189431704886,19,0.86,72.19,7,0,0
2023-07-31,SKU0036,1,Electronics,1538,0,32.0,33.8,5.83922526745953,45.502958579881664,19,0.86,72.19,7,0,0
2023-08-07,SKU0036,1,Electronics,1310,0,32.57142857142857,33.46666666666667,5.424931802103247,39.14342629482071,19,0.86,72.19,8,0,0
2023-08-14,SKU0036,1,Electronics,1065,0,35.0,34.266666666666666,5.789010595789296,31.079766536964982,19,0.86,72.19,8,0,0
2023-08-21,SKU0036,1,Electronics,823,1647,34.57142857142857,33.333333333333336,5.56673205275109,24.689999999999998,19,0.86,72.19,8,0,0
2023-08-28,SKU0036,1,Electronics,585,1647,34.0,34.06666666666667,5.349401083674961,17.17221135029354,19,0.86,72.19,8,0,0
2023-09-04,SKU0036,1,Electronics,335,1647,35.714285714285715,34.7,5.742461324986465,9.654178674351584,19,0.86,72.19,9,0,0
2023-09-11,SKU0036,1,Electronics,91,1647,34.857142857142854,34.56666666666667,5.624351814505663,2.632594021215043,19,0.86,72.19,9,0,1
2023-09-18,SKU0036,1,Electronics,0,1647,13.0,29.5,13.574189503968757,0.0,19,0.86,72.19,9,0,1
2023-09-25,SKU0036,1,Electronics,0,1647,0.0,21.433333333333334,17.787409986363663,0.0,19,0.86,72.19,9,0,1
2023-10-02,SKU0036,1,Electronics,0,1647,0.0,13.7,17.948489514777314,0.0,19,0.86,72.19,10,0,1
2023-10-09,SKU0036,1,Electronics,0,1647,0.0,5.266666666666667,12.902641625634004,0.0,19,0.86,72.19,10,0,1
2023-10-16,SKU0036,1,Electronics,1535,0,16.0,3.7333333333333334,11.530868117372307,411.1607142857143,19,0.86,72.19,10,0,0
2023-10-23,SKU0036,1,Electronics,1315,0,31.428571428571427,11.066666666666666,16.271263718239837,118.82530120481928,19,0.86,72.19,10,0,0
2023-10-30,SKU0036,1,Electronics,1097,0,31.142857142857142,18.333333333333332,16.897935669337215,59.83636363636364,19,0.86,72.19,10,0,0
2023-11-06,SKU0036,1,Electronics,693,1647,57.714285714285715,31.8,20.410274626884064,21.79245283018868,19,0.86,72.19,11,0,0
2023-11-13,SKU0036,1,Electronics,269,1647,60.57142857142857,44.43333333333333,16.00578200124139,6.054013503375844,19,0.86,72.19,11,0,1
2023-11-20,SKU0036,1,Electronics,0,1647,38.42857142857143,45.7,21.017480409378734,0.0,19,0.86,72.19,11,0,0
2023-11-27,SKU0036,1,Electronics,1241,0,58.0,52.06666666666667,20.185234161656805,23.834827144686297,19,0.86,72.19,11,0,0
2023-12-04,SKU0036,1,Electronics,772,1647,67.0,55.96666666666667,19.92656056854647,13.793924955330553,19,0.86,72.19,12,0,0
2023-12-11,SKU0036,1,Electronics,323,1647,64.14285714285714,57.766666666666666,20.745890051356803,5.591459896133872,19,0.86,72.19,12,0,1
2023-12-18,SKU0036,1,Electronics,0,1647,46.142857142857146,54.9,25.21951898690837,0.0,19,0.86,72.19,12,0,1
2023-01-30,SKU0036,2,Electronics,765,0,24.0,22.866666666666667,4.8475613018003845,33.45481049562682,19,0.86,72.19,1,0,0
2023-02-06,SKU0036,2,Electronics,566,1342,28.428571428571427,24.3,5.754458541291986,23.292181069958847,19,0.86,72.19,2,0,0
2023-02-13,SKU0036,2,Electronics,384,1342,26.0,25.266666666666666,5.723113050473996,15.197889182058049,19,0.86,72.19,2,0,0
2023-02-20,SKU0036,2,Electronics,143,1342,34.42857142857143,27.933333333333334,7.104798443273411,5.119331742243436,19,0.86,72.19,2,0,0
2023-02-27,SKU0036,2,Electronics,1287,0,28.285714285714285,28.966666666666665,6.635761699558944,44.43037974683545,19,0.86,72.19,2,0,0
2023-03-06,SKU0036,2,Electronics,1084,0,29.0,29.133333333333333,5.7878191553220395,37.20823798627002,19,0.86,72.19,3,0,0
2023-03-13,SKU0036,2,Electronics,887,0,28.142857142857142,29.5,6.118090754701071,30.06779661016949,19,0.86,72.19,3,0,0
2023-03-20,SKU0036,2,Electronics,684,0,29.0,29.1,5.8918412320299645,23.505154639175256,19,0.86,72.19,3,0,0
2023-03-27,SKU0036,2,Electronics,504,1342,25.714285714285715,27.766666666666666,6.021131371138303,18.15126050420168,19,0.86,72.19,3,0,0
2023-04-03,SKU0036,2,Electronics,295,1342,29.857142857142858,27.833333333333332,6.198349798929157,10.598802395209582,19,0.86,72.19,4,0,0
2023-04-10,SKU0036,2,Electronics,1419,0,31.142857142857142,28.533333333333335,7.34252297770739,49.73130841121495,19,0.86,72.19,4,0,0
2023-04-17,SKU0036,2,Electronics,1225,0,27.714285714285715,28.466666666666665,7.3706469717121355,43.032786885245905,19,0.86,72.19,4,0,0
2023-04-24,SKU0036,2,Electronics,1024,0,28.714285714285715,29.033333333333335,7.932835877381515,35.269804822043625,19,0.86,72.19,4,0,0
2023-05-01,SKU0036,2,Electronics,808,0,30.857142857142858,29.5,7.668790310576127,27.389830508474578,19,0.86,72.19,5,0,0
2023-05-08,SKU0036,2,Electronics,602,1342,29.428571428571427,28.9,6.255204729415067,20.83044982698962,19,0.86,72.19,5,0,0
2023-05-15,SKU0036,2,Electronics,405,1342,28.142857142857142,29.433333333333334,5.709540312031497,13.7599093997735,19,0.86,72.19,5,0,0
2023-05-22,SKU0036,2,Electronics,188,1342,31.0,29.366666666666667,5.075181894707608,6.401816118047673,19,0.86,72.19,5,0,0
2023-05-29,SKU0036,2,Electronics,1349,0,25.857142857142858,28.466666666666665,4.240472756120761,47.38875878220141,19,0.86,72.19,5,0,0
2023-06-05,SKU0036,2,Electronics,1121,0,32.57142857142857,29.3,4.728125676607294,38.25938566552901,19,0.86,72.19,6,0,0
2023-06-12,SKU0036,2,Electronics,928,0,27.571428571428573,29.1,4.794752879180937,31.890034364261165,19,0.86,72.19,6,0,0
2023-06-19,SKU0036,2,Electronics,720,0,29.714285714285715,29.033333333333335,5.255429595179176,24.799081515499424,19,0.86,72.19,6,0,0
2023-06-26,SKU0036,2,Electronics,498,1342,31.714285714285715,30.0,5.119267188936732,16.6,19,0.86,72.19,6,0,0
2023-07-03,SKU0036,2,Electronics,281,1342,31.0,30.1,4.971296923685844,9.335548172757475,19,0.86,72.19,7,0,0
2023-07-10,SKU0036,2,Electronics,1414,0,29.857142857142858,30.5,4.584456497700724,46.36065573770492,19,0.86,72.19,7,0,0
2023-07-17,SKU0036,2,Electronics,1224,0,27.142857142857142,29.533333333333335,4.4313408364958216,41.44469525959368,19,0.86,72.19,7,0,0
2023-07-24,SKU0036,2,Electronics,1030,0,27.714285714285715,29.133333333333333,4.485481047767916,35.35469107551487,19,0.86,72.19,7,0,0
2023-07-31,SKU0036,2,Electronics,817,0,30.428571428571427,28.933333333333334,4.432896875931561,28.237327188940093,19,0.86,72.19,7,0,0
2023-08-07,SKU0036,2,Electronics,622,1342,27.857142857142858,28.3,5.147145174587171,21.978798586572438,19,0.86,72.19,8,0,0
2023-08-14,SKU0036,2,Electronics,416,1342,29.428571428571427,28.433333333333334,6.273553320437147,14.630715123094959,19,0.86,72.19,8,0,0
2023-08-21,SKU0036,2,Electronics,195,1342,31.571428571428573,30.033333333333335,6.266954016400491,6.492785793562708,19,0.86,72.19,8,0,1
2023-08-28,SKU0036,2,Electronics,0,1342,27.857142857142858,29.3,7.178271811996023,0.0,19,0.86,72.19,8,0,1
2023-09-04,SKU0036,2,Electronics,0,1342,0.0,22.666666666666668,14.186767349050747,0.0,19,0.86,72.19,9,0,1
2023-09-11,SKU0036,2,Electronics,0,1342,0.0,15.733333333333333,15.819964107665248,0.0,19,0.86,72.19,9,0,1
2023-09-18,SKU0036,2,Electronics,0,1342,0.0,8.466666666666667,13.959876823222366,0.0,19,0.86,72.19,9,0,1
2023-09-25,SKU0036,2,Electronics,0,1342,0.0,1.1333333333333333,4.439115579306052,0.0,19,0.86,72.19,9,0,1
2023-10-02,SKU0036,2,Electronics,0,1342,0.0,0.0,0.0,0.0,19,0.86,72.19,10,0,1
2023-10-09,SKU0036,2,Electronics,1291,0,7.285714285714286,1.7,6.48153877004428,759.4117647058823,19,0.86,72.19,10,0,0
2023-10-16,SKU0036,2,Electronics,1089,0,28.857142857142858,8.433333333333334,13.848150214661048,129.1304347826087,19,0.86,72.19,10,0,0
2023-10-23,SKU0036,2,Electronics,903,0,26.571428571428573,14.633333333333333,14.672242931592933,61.70842824601367,19,0.86,72.19,10,0,0
2023-10-30,SKU0036,2,Electronics,724,0,25.571428571428573,20.6,12.832071889041057,35.14563106796116,19,0.86,72.19,10,0,0
2023-11-06,SKU0036,2,Electronics,381,1342,49.0,32.03333333333333,12.214980439052576,11.893860561914673,19,0.86,72.19,11,0,0
2023-11-13,SKU0036,2,Electronics,33,1342,49.714285714285715,37.06666666666667,14.098014859848389,0.8902877697841726,19,0.86,72.19,11,0,1
2023-11-20,SKU0036,2,Electronics,1284,0,13.0,33.733333333333334,20.188650504563263,38.06324110671937,19,0.86,72.19,11,0,0
2023-11-27,SKU0036,2,Electronics,917,0,52.42857142857143,40.03333333333333,20.813595247492366,22.90591174021649,19,0.86,72.19,11,0,0
2023-12-04,SKU0036,2,Electronics,503,1342,59.142857142857146,43.7,21.31560865689256,11.510297482837528,19,0.86,72.19,12,0,0
2023-12-11,SKU0036,2,Electronics,41,1342,66.0,47.9,23.42169639605478,0.8559498956158664,19,0.86,72.19,12,0,1
2023-12-18,SKU0036,2,Electronics,0,1342,5.857142857142857,44.733333333333334,26.232295616917195,0.0,19,0.86,72.19,12,0,1
2023-01-30,SKU0036,3,Electronics,884,0,16.0,14.6,4.3199616856538485,60.54794520547945,19,0.86,72.19,1,0,0
2023-02-06,SKU0036,3,Electronics,775,0,15.571428571428571,15.2,4.163884128368939,50.98684210526316,19,0.86,72.19,2,0,0
2023-02-13,SKU0036,3,Electronics,662,0,16.142857142857142,15.4,3.6822032385047905,42.98701298701299,19,0.86,72.19,2,0,0
2023-02-20,SKU0036,3,Electronics,531,612,18.714285714285715,16.3,3.534558451670568,32.576687116564415,19,0.86,72.19,2,0,0
2023-02-27,SKU0036,3,Electronics,385,612,20.857142857142858,17.633333333333333,3.6149434424281077,21.833648393194707,19,0.86,72.19,2,0,0
2023-03-06,SKU0036,3,Electronics,258,612,18.142857142857142,18.466666666666665,3.7759066810989594,13.971119133574009,19,0.86,72.19,3,0,0
2023-03-13,SKU0036,3,Electronics,132,612,18.0,18.7,3.957968827742236,7.058823529411765,19,0.86,72.19,3,0,0
2023-03-20,SKU0036,3,Electronics,638,0,15.142857142857142,18.133333333333333,4.280938773401127,35.18382352941177,19,0.86,72.19,3,0,0
2023-03-27,SKU0036,3,Electronics,507,612,18.714285714285715,17.4,3.8291081161958846,29.13793103448276,19,0.86,72.19,3,0,0
2023-04-03,SKU0036,3,Electronics,396,612,15.857142857142858,17.4,3.926918595434894,22.758620689655174,19,0.86,72.19,4,0,0
2023-04-10,SKU0036,3,Electronics,267,612,18.428571428571427,16.9,3.6985551699045307,15.79881656804734,19,0.86,72.19,4,0,0
2023-04-17,SKU0036,3,Electronics,780,0,14.142857142857142,16.866666666666667,4.014914722616783,46.24505928853755,19,0.86,72.19,4,0,0
2023-04-24,SKU0036,3,Electronics,653,0,18.142857142857142,16.933333333333334,4.10158365826507,38.56299212598425,19,0.86,72.19,4,0,0
2023-05-01,SKU0036,3,Electronics,521,612,18.857142857142858,17.266666666666666,3.8500634417821065,30.173745173745175,19,0.86,72.19,5,0,0
2023-05-08,SKU0036,3,Electronics,379,612,20.285714285714285,17.733333333333334,3.929844546660784,21.372180451127818,19,0.86,72.19,5,0,0
2023-05-15,SKU0036,3,Electronics,249,612,18.571428571428573,18.666666666666668,3.7995765039271654,13.339285714285714,19,0.86,72.19,5,0,0
2023-05-22,SKU0036,3,Electronics,741,0,17.142857142857142,18.6,4.271800072811103,39.83870967741935,19,0.86,72.19,5,0,0
2023-05-29,SKU0036,3,Electronics,589,0,21.714285714285715,19.433333333333334,4.710101641288047,30.308747855917666,19,0.86,72.19,5,0,0
2023-06-05,SKU0036,3,Electronics,474,612,16.428571428571427,18.666666666666668,4.957288840049381,25.392857142857142,19,0.86,72.19,6,0,0
2023-06-12,SKU0036,3,Electronics,347,612,18.142857142857142,18.5,4.337089441962914,18.756756756756758,19,0.86,72.19,6,0,0
2023-06-19,SKU0036,3,Electronics,823,0,19.428571428571427,18.866666666666667,3.919300899424521,43.62190812720848,19,0.86,72.19,6,0,0
2023-06-26,SKU0036,3,Electronics,709,0,16.285714285714285,17.866666666666667,3.980411807956497,39.68283582089552,19,0.86,72.19,6,0,0
2023-07-03,SKU0036,3,Electronics,592,0,16.714285714285715,17.433333333333334,3.7387378778860914,33.95793499043977,19,0.86,72.19,7,0,0
2023-07-10,SKU0036,3,Electronics,468,612,17.714285714285715,17.433333333333334,3.829858495030069,26.84512428298279,19,0.86,72.19,7,0,0
2023-07-17,SKU0036,3,Electronics,352,612,16.571428571428573,17.1,3.9071111119827733,20.584795321637426,19,0.86,72.19,7,0,0
2023-07-24,SKU0036,3,Electronics,841,0,17.571428571428573,16.866666666666667,3.785027976331106,49.86166007905138,19,0.86,72.19,7,0,0
2023-07-31,SKU0036,3,Electronics,722,0,17.0,17.066666666666666,3.973475273249651,42.3046875,19,0.86,72.19,7,0,0
2023-08-07,SKU0036,3,Electronics,610,0,16.0,16.766666666666666,4.296617220585264,36.3817097415507,19,0.86,72.19,8,0,0
2023-08-14,SKU0036,3,Electronics,474,612,19.428571428571427,17.733333333333334,4.126728129822855,26.729323308270676,19,0.86,72.19,8,0,0
2023-08-21,SKU0036,3,Electronics,354,612,17.142857142857142,17.3,3.9840198033021132,20.46242774566474,19,0.86,72.19,8,0,0
2023-08-28,SKU0036,3,Electronics,231,612,17.571428571428573,17.4,4.414708956705273,13.275862068965518,19,0.86,72.19,8,0,0
2023-09-04,SKU0036,3,Electronics,98,612,19.0,18.4,3.8827647455087333,5.326086956521739,19,0.86,72.19,9,0,1
2023-09-11,SKU0036,3,Electronics,0,612,14.0,17.033333333333335,5.8515151785719075,0.0,19,0.86,72.19,9,0,1
2023-09-18,SKU0036,3,Electronics,0,612,0.0,13.166666666666666,9.351685569377619,0.0,19,0.86,72.19,9,0,1
2023-09-25,SKU0036,3,Electronics,0,612,0.0,8.6,9.722352489548719,0.0,19,0.86,72.19,9,0,1
2023-10-02,SKU0036,3,Electronics,0,612,0.0,4.833333333333333,8.936879550041702,0.0,19,0.86,72.19,10,0,1
2023-10-09,SKU0036,3,Electronics,535,612,11.0,2.7333333333333334,6.766720457291401,195.73170731707316,19,0.86,72.19,10,0,0
2023-10-16,SKU0036,3,Electronics,394,612,20.142857142857142,7.266666666666667,9.944443374215982,54.22018348623853,19,0.86,72.19,10,0,0
2023-10-23,SKU0036,3,Electronics,278,612,16.571428571428573,11.133333333333333,9.687294677097384,24.97005988023952,19,0.86,72.19,10,0,0
2023-10-30,SKU0036,3,Electronics,762,0,18.285714285714285,15.4,7.915937655484483,49.480519480519476,19,0.86,72.19,10,0,0
2023-11-06,SKU0036,3,Electronics,526,0,33.714285714285715,22.2,8.388826723273263,23.693693693693696,19,0.86,72.19,11,0,0
2023-11-13,SKU0036,3,Electronics,296,612,32.857142857142854,24.9,10.052791686375254,11.887550200803213,19,0.86,72.19,11,0,0
2023-11-20,SKU0036,3,Electronics,81,612,30.714285714285715,28.066666666666666,9.2584847696524,2.8859857482185274,19,0.86,72.19,11,0,1
2023-11-27,SKU0036,3,Electronics,523,612,24.285714285714285,29.366666666666667,11.180288483519245,17.809307604994324,19,0.86,72.19,11,0,0
2023-12-04,SKU0036,3,Electronics,271,612,36.0,31.366666666666667,10.545413558814905,8.639744952178534,19,0.86,72.19,12,0,1
2023-12-11,SKU0036,3,Electronics,0,612,38.714285714285715,32.56666666666667,10.836347944838689,0.0,19,0.86,72.19,12,0,1
2023-12-18,SKU0036,3,Electronics,464,612,21.142857142857142,30.133333333333333,14.942956669380694,15.398230088495575,19,0.86,72.19,12,0,0
2023-01-30,SKU0036,4,Electronics,211,529,16.857142857142858,13.133333333333333,3.99770048845612,16.065989847715738,19,0.86,72.19,1,0,0
2023-02-06,SKU0036,4,Electronics,95,529,16.571428571428573,14.0,4.370749166431548,6.785714285714286,19,0.86,72.19,2,0,0
2023-02-13,SKU0036,4,Electronics,500,0,17.714285714285715,15.333333333333334,4.75853739723873,32.608695652173914,19,0.86,72.19,2,0,0
2023-02-20,SKU0036,4,Electronics,388,0,16.0,16.466666666666665,4.108303898148268,23.56275303643725,19,0.86,72.19,2,0,0
2023-02-27,SKU0036,4,Electronics,265,529,17.571428571428573,16.833333333333332,3.9486648405490854,15.742574257425744,19,0.86,72.19,2,0,0
2023-03-06,SKU0036,4,Electronics,139,529,18.0,17.1,4.325944186353807,8.128654970760234,19,0.86,72.19,3,0,0
2023-03-13,SKU0036,4,Electronics,524,0,20.571428571428573,17.833333333333332,4.379287718287103,29.38317757009346,19,0.86,72.19,3,0,0
2023-03-20,SKU0036,4,Electronics,424,0,14.285714285714286,17.5,4.847679857416332,24.228571428571428,19,0.86,72.19,3,0,0
2023-03-27,SKU0036,4,Electronics,299,529,17.857142857142858,17.4,4.860821556784057,17.183908045977013,19,0.86,72.19,3,0,0
2023-04-03,SKU0036,4,Electronics,192,529,15.285714285714286,17.033333333333335,4.686615816993322,11.272015655577299,19,0.86,72.19,4,0,0
2023-04-10,SKU0036,4,Electronics,86,529,15.142857142857142,16.033333333333335,4.444937712090895,5.363825363825363,19,0.86,72.19,4,0,0
2023-04-17,SKU0036,4,Electronics,487,0,18.285714285714285,16.266666666666666,4.784553691096854,29.938524590163937,19,0.86,72.19,4,0,0
2023-04-24,SKU0036,4,Electronics,353,529,19.142857142857142,16.9,5.0470202885567526,20.887573964497044,19,0.86,72.19,4,0,0
2023-05-01,SKU0036,4,Electronics,224,529,18.428571428571427,17.833333333333332,4.654129299904541,12.560747663551403,19,0.86,72.19,5,0,0
2023-05-08,SKU0036,4,Electronics,101,529,17.571428571428573,18.4,4.239388374884225,5.489130434782609,19,0.86,72.19,5,0,0
2023-05-15,SKU0036,4,Electronics,534,0,13.714285714285714,17.133333333333333,4.183162747815659,31.167315175097276,19,0.86,72.19,5,0,0
2023-05-22,SKU0036,4,Electronics,424,0,15.714285714285714,16.7,3.8965059502956825,25.389221556886227,19,0.86,72.19,5,0,0
2023-05-29,SKU0036,4,Electronics,309,529,16.428571428571427,15.966666666666667,3.5862124226305765,19.352818371607516,19,0.86,72.19,5,0,0
2023-06-05,SKU0036,4,Electronics,186,529,17.571428571428573,15.866666666666667,3.46144611331771,11.722689075630251,19,0.86,72.19,6,0,0
2023-06-12,SKU0036,4,Electronics,70,529,16.571428571428573,16.366666666666667,3.586212422630578,4.276985743380855,19,0.86,72.19,6,0,0
2023-06-19,SKU0036,4,Electronics,488,0,15.857142857142858,16.733333333333334,3.0049767149632416,29.163346613545816,19,0.86,72.19,6,0,0
2023-06-26,SKU0036,4,Electronics,384,0,14.857142857142858,16.4,2.989637274734639,23.414634146341466,19,0.86,72.19,6,0,0
2023-07-03,SKU0036,4,Electronics,255,529,18.428571428571427,16.566666666666666,3.2555875928490465,15.392354124748492,19,0.86,72.19,7,0,0
2023-07-10,SKU0036,4,Electronics,140,529,16.428571428571427,16.566666666666666,3.0477049967354852,8.450704225352112,19,0.86,72.19,7,0,0
2023-07-17,SKU0036,4,Electronics,46,529,13.428571428571429,15.766666666666667,3.400642265233425,2.917547568710359,19,0.86,72.19,7,0,0
2023-07-24,SKU0036,4,Electronics,462,0,16.142857142857142,16.066666666666666,3.666562171969749,28.755186721991702,19,0.86,72.19,7,0,0
2023-07-31,SKU0036,4,Electronics,364,529,14.0,15.166666666666666,3.966091912383169,24.0,19,0.86,72.19,7,0,0
2023-08-07,SKU0036,4,Electronics,261,529,14.714285714285714,14.5,3.8929644763076094,18.0,19,0.86,72.19,8,0,0
2023-08-14,SKU0036,4,Electronics,152,529,15.571428571428571,14.933333333333334,4.059330107239387,10.178571428571429,19,0.86,72.19,8,0,0
2023-08-21,SKU0036,4,Electronics,39,529,16.142857142857142,15.266666666666667,4.016632088371208,2.554585152838428,19,0.86,72.19,8,0,1
2023-08-28,SKU0036,4,Electronics,0,529,5.571428571428571,13.033333333333333,6.332637590338998,0.0,19,0.86,72.19,8,0,1
2023-09-04,SKU0036,4,Electronics,0,529,0.0,9.7,8.086387028359043,0.0,19,0.86,72.19,9,0,1
2023-09-11,SKU0036,4,Electronics,0,529,0.0,6.066666666666666,7.969482020693712,0.0,19,0.86,72.19,9,0,1
2023-09-18,SKU0036,4,Electronics,0,529,0.0,2.2,5.1488197509318,0.0,19,0.86,72.19,9,0,1
2023-09-25,SKU0036,4,Electronics,514,0,2.142857142857143,0.5,2.7386127875256654,1028.0,19,0.86,72.19,9,0,0
2023-10-02,SKU0036,4,Electronics,423,0,13.0,3.533333333333333,6.20196483512211,119.71698113207547,19,0.86,72.19,10,0,0
2023-10-09,SKU0036,4,Electronics,298,529,17.857142857142858,7.7,8.445157763782268,38.7012987012987,19,0.86,72.19,10,0,0
2023-10-16,SKU0036,4,Electronics,169,529,18.428571428571427,12.0,8.452708196907587,14.083333333333334,19,0.86,72.19,10,0,0
2023-10-23,SKU0036,4,Electronics,589,0,15.571428571428571,15.633333333333333,5.242290453170467,37.67590618336887,19,0.86,72.19,10,0,0
2023-10-30,SKU0036,4,Electronics,467,0,17.428571428571427,17.133333333333333,4.091482602316362,27.2568093385214,19,0.86,72.19,10,0,0
2023-11-06,SKU0036,4,Electronics,280,529,26.714285714285715,19.3,6.529244556819629,14.507772020725389,19,0.86,72.19,11,0,0
2023-11-13,SKU0036,4,Electronics,86,529,27.714285714285715,21.366666666666667,7.98482756635158,4.024960998439938,19,0.86,72.19,11,0,1
2023-11-20,SKU0036,4,Electronics,0,529,12.285714285714286,20.633333333333333,11.28160948817492,0.0,19,0.86,72.19,11,0,1
2023-11-27,SKU0036,4,Electronics,359,0,24.285714285714285,22.2,12.59008915089907,16.17117117117117,19,0.86,72.19,11,0,0
2023-12-04,SKU0036,4,Electronics,131,529,32.57142857142857,24.433333333333334,13.41559394583559,5.361527967257844,19,0.86,72.19,12,0,1
2023-12-11,SKU0036,4,Electronics,0,529,18.714285714285715,22.3,15.805171567428879,0.0,19,0.86,72.19,12,0,1
2023-12-18,SKU0036,4,Electronics,0,529,0.0,17.633333333333333,17.34136639673319,0.0,19,0.86,72.19,12,0,1
2023-01-30,SKU0037,1,Toys,106,247,12.571428571428571,12.4,3.918127631654057,8.548387096774194,9,0.77,67.57,1,0,0
2023-02-06,SKU0037,1,Toys,22,247,12.0,12.4,3.212046291588952,1.7741935483870968,9,0.77,67.57,2,0,1
2023-02-13,SKU0037,1,Toys,208,0,8.714285714285714,11.733333333333333,4.306637486111596,17.72727272727273,9,0.77,67.57,2,0,0
2023-02-20,SKU0037,1,Toys,129,0,11.285714285714286,11.133333333333333,4.150058855696762,11.58682634730539,9,0.77,67.57,2,0,0
2023-02-27,SKU0037,1,Toys,47,247,11.714285714285714,10.966666666666667,4.046994059736217,4.285714285714286,9,0.77,67.57,2,0,0
2023-03-06,SKU0037,1,Toys,214,0,11.428571428571429,10.8,3.7637105682264287,19.814814814814813,9,0.77,67.57,3,0,0
2023-03-13,SKU0037,1,Toys,121,247,13.285714285714286,11.866666666666667,2.501493806581943,10.196629213483146,9,0.77,67.57,3,0,0
2023-03-20,SKU0037,1,Toys,28,247,13.285714285714286,12.433333333333334,2.3588912259983403,2.25201072386059,9,0.77,67.57,3,0,1
2023-03-27,SKU0037,1,Toys,209,0,9.428571428571429,11.8,3.6896873991502694,17.71186440677966,9,0.77,67.57,3,0,0
2023-04-03,SKU0037,1,Toys,110,247,14.142857142857142,12.466666666666667,3.857221917331207,8.823529411764707,9,0.77,67.57,4,0,0
2023-04-10,SKU0037,1,Toys,282,0,10.714285714285714,11.933333333333334,3.8500634417821127,23.631284916201118,9,0.77,67.57,4,0,0
2023-04-17,SKU0037,1,Toys,195,0,12.428571428571429,11.766666666666667,4.336559365030851,16.572237960339944,9,0.77,67.57,4,0,0
2023-04-24,SKU0037,1,Toys,113,247,11.714285714285714,12.333333333333334,3.427408122296149,9.162162162162161,9,0.77,67.57,4,0,0
2023-05-01,SKU0037,1,Toys,26,247,12.428571428571429,11.8,3.2313123201487084,2.2033898305084745,9,0.77,67.57,5,0,1
2023-05-08,SKU0037,1,Toys,213,0,8.571428571428571,11.1,4.325944186353802,19.18918918918919,9,0.77,67.57,5,0,0
2023-05-15,SKU0037,1,Toys,121,0,13.142857142857142,11.366666666666667,4.114594154648944,10.64516129032258,9,0.77,67.57,5,0,0
2023-05-22,SKU0037,1,Toys,33,247,12.571428571428571,11.7,4.403368616458744,2.8205128205128207,9,0.77,67.57,5,0,1
2023-05-29,SKU0037,1,Toys,227,0,7.571428571428571,10.566666666666666,5.715576619375686,21.482649842271293,9,0.77,67.57,5,0,0
2023-06-05,SKU0037,1,Toys,133,0,13.428571428571429,11.8,5.403702434442518,11.271186440677965,9,0.77,67.57,6,0,0
2023-06-12,SKU0037,1,Toys,59,247,10.571428571428571,11.3,5.246673823185175,5.221238938053097,9,0.77,67.57,6,0,0
2023-06-19,SKU0037,1,Toys,239,0,9.571428571428571,10.433333333333334,5.062937223917881,22.9073482428115,9,0.77,67.57,6,0,0
2023-06-26,SKU0037,1,Toys,171,0,9.714285714285714,10.766666666666667,3.979978628718683,15.88235294117647,9,0.77,67.57,6,0,0
2023-07-03,SKU0037,1,Toys,88,247,11.857142857142858,10.733333333333333,4.101583658265073,8.198757763975156,9,0.77,67.57,7,0,0
2023-07-10,SKU0037,1,Toys,252,0,11.857142857142858,10.866666666666667,4.066120181860505,23.190184049079754,9,0.77,67.57,7,0,0
2023-07-17,SKU0037,1,Toys,161,0,13.0,11.466666666666667,4.400104491967192,14.040697674418604,9,0.77,67.57,7,0,0
2023-07-24,SKU0037,1,Toys,77,247,12.0,12.233333333333333,4.288584151324127,6.294277929155314,9,0.77,67.57,7,0,0
2023-07-31,SKU0037,1,Toys,246,0,11.142857142857142,12.1,4.003016104268687,20.330578512396695,9,0.77,67.57,7,0,0
2023-08-07,SKU0037,1,Toys,147,0,14.142857142857142,12.466666666666667,4.0914826023163595,11.79144385026738,9,0.77,67.57,8,0,0
2023-08-14,SKU0037,1,Toys,61,247,12.285714285714286,12.733333333333333,3.8857239447383063,4.790575916230367,9,0.77,67.57,8,0,0
2023-08-21,SKU0037,1,Toys,218,0,12.857142857142858,12.433333333333334,3.390487029742269,17.533512064343164,9,0.77,67.57,8,0,0
2023-08-28,SKU0037,1,Toys,125,0,13.285714285714286,12.933333333333334,3.580920064138141,9.664948453608247,9,0.77,67.57,8,0,0
2023-09-04,SKU0037,1,Toys,33,247,13.142857142857142,13.033333333333333,3.755302764168915,2.5319693094629154,9,0.77,67.57,9,0,1
2023-09-11,SKU0037,1,Toys,234,0,6.571428571428571,11.633333333333333,5.261986863070489,20.11461318051576,9,0.77,67.57,9,0,0
2023-09-18,SKU0037,1,Toys,164,0,10.0,10.833333333333334,5.3503679108645565,15.138461538461538,9,0.77,67.57,9,0,0
2023-09-25,SKU0037,1,Toys,84,247,11.428571428571429,10.6,5.301918975954477,7.9245283018867925,9,0.77,67.57,9,0,0
2023-10-02,SKU0037,1,Toys,238,0,13.285714285714286,10.466666666666667,4.67372208854137,22.738853503184714,9,0.77,67.57,10,0,0
2023-10-09,SKU0037,1,Toys,153,0,12.142857142857142,11.366666666666667,3.576584127766113,13.46041055718475,9,0.77,67.57,10,0,0
2023-10-16,SKU0037,1,Toys,57,247,13.714285714285714,12.6,3.7008852622228012,4.523809523809524,9,0.77,67.57,10,0,0
2023-10-23,SKU0037,1,Toys,215,0,12.714285714285714,12.833333333333334,3.7331999155142235,16.753246753246753,9,0.77,67.57,10,0,0
2023-10-30,SKU0037,1,Toys,127,0,12.571428571428571,12.833333333333334,4.009328203537117,9.896103896103895,9,0.77,67.57,10,0,1
2023-11-06,SKU0037,1,Toys,0,247,18.142857142857142,14.066666666666666,5.07144360413138,0.0,9,0.77,67.57,11,0,1
2023-11-13,SKU0037,1,Toys,112,0,19.285714285714285,15.533333333333333,7.084384641387457,7.210300429184549,9,0.77,67.57,11,0,1
2023-11-20,SKU0037,1,Toys,0,247,16.0,16.333333333333332,8.280985004435054,0.0,9,0.77,67.57,11,0,1
2023-11-27,SKU0037,1,Toys,0,247,0.0,13.133333333333333,10.804639276026643,0.0,9,0.77,67.57,11,0,0
2023-12-04,SKU0037,1,Toys,68,247,25.571428571428573,15.266666666666667,11.988308480760958,4.454148471615721,9,0.77,67.57,12,0,1
2023-12-11,SKU0037,1,Toys,210,0,15.0,14.866666666666667,13.029762570502896,14.125560538116591,9,0.77,67.57,12,0,0
2023-12-18,SKU0037,1,Toys,13,247,28.142857142857142,16.166666666666668,13.693903333445407,0.8041237113402061,9,0.77,67.57,12,0,1
2023-01-30,SKU0037,2,Toys,401,0,28.285714285714285,28.666666666666668,5.603775410433103,13.988372093023255,9,0.77,67.57,1,0,0
2023-02-06,SKU0037,2,Toys,194,596,29.571428571428573,27.866666666666667,5.513202544696735,6.961722488038277,9,0.77,67.57,2,0,0
2023-02-13,SKU0037,2,Toys,591,0,28.428571428571427,28.766666666666666,5.475231585927687,20.544611819235225,9,0.77,67.57,2,0,0
2023-02-20,SKU0037,2,Toys,384,0,29.571428571428573,28.8,5.115224065608397,13.333333333333332,9,0.77,67.57,2,0,0
2023-02-27,SKU0037,2,Toys,179,596,29.285714285714285,29.266666666666666,5.551845504491916,6.11617312072893,9,0.77,67.57,2,0,0
2023-03-06,SKU0037,2,Toys,563,0,30.285714285714285,28.933333333333334,5.747163218273103,19.45852534562212,9,0.77,67.57,3,0,0
2023-03-13,SKU0037,2,Toys,358,596,29.285714285714285,29.433333333333334,5.519141195895412,12.163080407701019,9,0.77,67.57,3,0,0
2023-03-20,SKU0037,2,Toys,171,596,26.714285714285715,28.6,5.939929176403507,5.979020979020978,9,0.77,67.57,3,0,0
2023-03-27,SKU0037,2,Toys,544,0,31.857142857142858,29.333333333333332,5.850631167444349,18.545454545454547,9,0.77,67.57,3,0,0
2023-04-03,SKU0037,2,Toys,338,596,29.428571428571427,29.433333333333334,5.328410083973312,11.483578708946773,9,0.77,67.57,4,0,0
2023-04-10,SKU0037,2,Toys,134,596,29.142857142857142,29.366666666666667,5.880906177730123,4.56299659477866,9,0.77,67.57,4,0,0
2023-04-17,SKU0037,2,Toys,517,0,30.428571428571427,29.733333333333334,6.7104310634616615,17.387892376681613,9,0.77,67.57,4,0,0
2023-04-24,SKU0037,2,Toys,310,596,29.571428571428573,29.733333333333334,6.426954731942393,10.426008968609866,9,0.77,67.57,4,0,0
2023-05-01,SKU0037,2,Toys,713,0,27.571428571428573,29.4,6.462624640297413,24.25170068027211,9,0.77,67.57,5,0,0
2023-05-08,SKU0037,2,Toys,497,0,30.857142857142858,29.2,5.990797540596223,17.02054794520548,9,0.77,67.57,5,0,0
2023-05-15,SKU0037,2,Toys,325,596,24.571428571428573,28.4,5.007580460558323,11.443661971830986,9,0.77,67.57,5,0,0
2023-05-22,SKU0037,2,Toys,708,0,30.428571428571427,27.966666666666665,4.671877222445942,25.31585220500596,9,0.77,67.57,5,0,0
2023-05-29,SKU0037,2,Toys,502,0,29.428571428571427,28.633333333333333,5.041095483936095,17.532013969732247,9,0.77,67.57,5,0,0
2023-06-05,SKU0037,2,Toys,291,596,30.142857142857142,28.966666666666665,5.567661140435236,10.046029919447642,9,0.77,67.57,6,0,0
2023-06-12,SKU0037,2,Toys,687,0,28.571428571428573,29.2,6.359353686527017,23.527397260273972,9,0.77,67.57,6,0,0
2023-06-19,SKU0037,2,Toys,500,0,26.714285714285715,28.766666666666666,6.39333345318998,17.381228273464657,9,0.77,67.57,6,0,0
2023-06-26,SKU0037,2,Toys,281,596,31.285714285714285,29.166666666666668,6.560505307143452,9.634285714285713,9,0.77,67.57,6,0,0
2023-07-03,SKU0037,2,Toys,677,0,28.571428571428573,28.733333333333334,6.426954731942396,23.561484918793504,9,0.77,67.57,7,0,0
2023-07-10,SKU0037,2,Toys,462,0,30.714285714285715,29.766666666666666,5.899639575977218,15.520716685330347,9,0.77,67.57,7,0,0
2023-07-17,SKU0037,2,Toys,280,596,26.0,29.233333333333334,5.781560064689211,9.578107183580387,9,0.77,67.57,7,0,0
2023-07-24,SKU0037,2,Toys,652,0,32.0,29.333333333333332,6.087484806089271,22.227272727272727,9,0.77,67.57,7,0,0
2023-07-31,SKU0037,2,Toys,461,0,27.285714285714285,28.866666666666667,6.61624611420087,15.969976905311778,9,0.77,67.57,7,0,0
2023-08-07,SKU0037,2,Toys,279,596,26.0,27.966666666666665,6.682366570946686,9.9761620977354,9,0.77,67.57,8,0,0
2023-08-14,SKU0037,2,Toys,670,0,29.285714285714285,28.8,5.725924108521846,23.26388888888889,9,0.77,67.57,8,0,0
2023-08-21,SKU0037,2,Toys,462,0,29.714285714285715,27.833333333333332,5.166759361422846,16.59880239520958,9,0.77,67.57,8,0,0
2023-08-28,SKU0037,2,Toys,257,596,29.285714285714285,28.433333333333334,5.581269991018502,9.038686987104338,9,0.77,67.57,8,0,0
2023-09-04,SKU0037,2,Toys,663,0,27.142857142857142,28.533333333333335,5.373840425574638,23.235981308411212,9,0.77,67.57,9,0,0
2023-09-11,SKU0037,2,Toys,429,0,33.42857142857143,30.1,5.785534875281912,14.252491694352159,9,0.77,67.57,9,0,0
2023-09-18,SKU0037,2,Toys,221,596,29.714285714285715,29.9,5.67116116553895,7.391304347826087,9,0.77,67.57,9,0,0
2023-09-25,SKU0037,2,Toys,615,0,28.857142857142858,29.766666666666666,5.243605848922136,20.660694288913774,9,0.77,67.57,9,0,0
2023-10-02,SKU0037,2,Toys,424,0,27.285714285714285,29.566666666666666,5.512889806896958,14.340473506200677,9,0.77,67.57,10,0,0
2023-10-09,SKU0037,2,Toys,236,596,26.857142857142858,28.266666666666666,5.400723663728221,8.349056603773585,9,0.77,67.57,10,0,0
2023-10-16,SKU0037,2,Toys,616,0,30.857142857142858,28.333333333333332,5.141671091113798,21.741176470588236,9,0.77,67.57,10,0,0
2023-10-23,SKU0037,2,Toys,405,0,30.142857142857142,28.566666666666666,5.269844814395964,14.177362893815635,9,0.77,67.57,10,0,0
2023-10-30,SKU0037,2,Toys,188,596,31.0,29.4,5.075974511498179,6.394557823129252,9,0.77,67.57,10,0,0
2023-11-06,SKU0037,2,Toys,481,0,43.285714285714285,33.03333333333333,7.884875672311879,14.561049445005047,9,0.77,67.57,11,0,0
2023-11-13,SKU0037,2,Toys,83,596,56.857142857142854,39.46666666666667,14.03132783878773,2.1030405405405403,9,0.77,67.57,11,0,1
2023-11-20,SKU0037,2,Toys,379,0,42.857142857142854,42.5,16.32377153850722,8.91764705882353,9,0.77,67.57,11,0,0
2023-11-27,SKU0037,2,Toys,1,596,54.0,48.06666666666667,15.750059295637293,0.020804438280166433,9,0.77,67.57,11,0,1
2023-12-04,SKU0037,2,Toys,226,596,53.0,51.03333333333333,18.646407314738273,4.428478118876551,9,0.77,67.57,12,0,1
2023-12-11,SKU0037,2,Toys,533,0,41.285714285714285,48.6,24.553390102330876,10.96707818930041,9,0.77,67.57,12,0,0
2023-12-18,SKU0037,2,Toys,102,596,61.57142857142857,52.53333333333333,23.231567900734444,1.9416243654822336,9,0.77,67.57,12,0,1
2023-01-30,SKU0037,3,Toys,118,0,6.571428571428571,6.333333333333333,3.2940210552823856,18.63157894736842,9,0.77,67.57,1,0,0
2023-02-06,SKU0037,3,Toys,67,147,7.285714285714286,6.766666666666667,3.0363695805822224,9.901477832512315,9,0.77,67.57,2,0,0
2023-02-13,SKU0037,3,Toys,162,0,7.428571428571429,6.766666666666667,2.3588912259983412,23.940886699507388,9,0.77,67.57,2,0,0
2023-02-20,SKU0037,3,Toys,127,0,5.0,6.6,2.6076809620810604,19.242424242424242,9,0.77,67.57,2,0,0
2023-02-27,SKU0037,3,Toys,76,147,7.285714285714286,6.7,2.4090347186917156,11.343283582089551,9,0.77,67.57,2,0,0
2023-03-06,SKU0037,3,Toys,178,0,6.428571428571429,6.5,2.3889111644688974,27.384615384615383,9,0.77,67.57,3,0,0
2023-03-13,SKU0037,3,Toys,138,0,5.714285714285714,6.066666666666666,2.2117762144910844,22.747252747252748,9,0.77,67.57,3,0,0
2023-03-20,SKU0037,3,Toys,99,0,5.571428571428571,6.066666666666666,1.9815238534040418,16.318681318681318,9,0.77,67.57,3,0,0
2023-03-27,SKU0037,3,Toys,55,147,6.285714285714286,6.066666666666666,2.049950938577487,9.065934065934066,9,0.77,67.57,3,0,0
2023-04-03,SKU0037,3,Toys,171,0,4.428571428571429,5.533333333333333,2.145296914316225,30.903614457831328,9,0.77,67.57,4,0,0
2023-04-10,SKU0037,3,Toys,126,0,6.428571428571429,5.8,2.4551142960963257,21.724137931034484,9,0.77,67.57,4,0,0
2023-04-17,SKU0037,3,Toys,70,147,8.0,6.233333333333333,2.787698758441467,11.229946524064172,9,0.77,67.57,4,0,0
2023-04-24,SKU0037,3,Toys,183,0,4.857142857142857,5.766666666666667,2.836745747644934,31.734104046242773,9,0.77,67.57,4,0,0
2023-05-01,SKU0037,3,Toys,134,0,7.0,6.533333333333333,2.6226248148639635,20.510204081632654,9,0.77,67.57,5,0,0
2023-05-08,SKU0037,3,Toys,78,147,8.0,6.8,2.8695788469078,11.470588235294118,9,0.77,67.57,5,0,0
2023-05-15,SKU0037,3,Toys,184,0,5.857142857142857,6.4,2.7114063026280366,28.75,9,0.77,67.57,5,0,0
2023-05-22,SKU0037,3,Toys,131,0,7.571428571428571,7.033333333333333,2.4980452127728756,18.62559241706161,9,0.77,67.57,5,0,0
2023-05-29,SKU0037,3,Toys,93,0,5.428571428571429,6.766666666666667,2.58221147312803,13.74384236453202,9,0.77,67.57,5,0,0
2023-06-05,SKU0037,3,Toys,38,147,7.857142857142857,6.8,2.551537737833054,5.588235294117648,9,0.77,67.57,6,0,0
2023-06-12,SKU0037,3,Toys,139,0,6.571428571428571,6.666666666666667,2.324284588981031,20.849999999999998,9,0.77,67.57,6,0,0
2023-06-19,SKU0037,3,Toys,79,147,8.571428571428571,7.2,3.100611730521622,10.972222222222221,9,0.77,67.57,6,0,0
2023-06-26,SKU0037,3,Toys,175,0,7.285714285714286,7.433333333333334,3.1148513368337065,23.542600896860986,9,0.77,67.57,6,0,0
2023-07-03,SKU0037,3,Toys,127,0,6.857142857142857,7.4,3.0580588839868743,17.16216216216216,9,0.77,67.57,7,0,0
2023-07-10,SKU0037,3,Toys,86,147,5.857142857142857,7.066666666666666,3.117617717085446,12.169811320754718,9,0.77,67.57,7,0,0
2023-07-17,SKU0037,3,Toys,43,147,6.142857142857143,6.5,2.177470851778465,6.615384615384615,9,0.77,67.57,7,0,1
2023-07-24,SKU0037,3,Toys,142,0,6.857142857142857,6.333333333333333,2.089932078311166,22.42105263157895,9,0.77,67.57,7,0,0
2023-07-31,SKU0037,3,Toys,98,0,6.285714285714286,6.366666666666666,2.1573184717388747,15.392670157068064,9,0.77,67.57,7,0,0
2023-08-07,SKU0037,3,Toys,52,147,6.571428571428571,6.466666666666667,2.5694938899664117,8.041237113402062,9,0.77,67.57,8,0,0
2023-08-14,SKU0037,3,Toys,157,0,6.0,6.333333333333333,2.368373999667041,24.789473684210527,9,0.77,67.57,8,0,0
2023-08-21,SKU0037,3,Toys,111,0,6.571428571428571,6.2,2.5243640373574205,17.903225806451612,9,0.77,67.57,8,0,0
2023-08-28,SKU0037,3,Toys,60,147,7.285714285714286,6.566666666666666,2.5145553296253276,9.137055837563452,9,0.77,67.57,8,0,0
2023-09-04,SKU0037,3,Toys,6,147,7.714285714285714,6.666666666666667,2.509751098159468,0.8999999999999999,9,0.77,67.57,9,0,1
2023-09-11,SKU0037,3,Toys,123,0,4.285714285714286,6.433333333333334,2.967447914696532,19.11917098445596,9,0.77,67.57,9,0,0
2023-09-18,SKU0037,3,Toys,79,147,6.285714285714286,6.2,3.133797960171081,12.741935483870968,9,0.77,67.57,9,0,0
2023-09-25,SKU0037,3,Toys,192,0,4.857142857142857,5.766666666666667,3.1697202458232208,33.29479768786127,9,0.77,67.57,9,0,0
2023-10-02,SKU0037,3,Toys,153,0,5.571428571428571,5.166666666666667,2.780267083837679,29.61290322580645,9,0.77,67.57,10,0,0
2023-10-09,SKU0037,3,Toys,108,0,6.428571428571429,5.8,2.940795107121368,18.620689655172413,9,0.77,67.57,10,0,0
2023-10-16,SKU0037,3,Toys,63,147,6.428571428571429,5.8,3.1006117305216216,10.862068965517242,9,0.77,67.57,10,0,0
2023-10-23,SKU0037,3,Toys,10,147,7.571428571428571,6.266666666666667,3.247633975185877,1.5957446808510638,9,0.77,67.57,10,0,1
2023-10-30,SKU0037,3,Toys,107,0,7.142857142857143,6.733333333333333,3.226328470924631,15.89108910891089,9,0.77,67.57,10,0,0
2023-11-06,SKU0037,3,Toys,28,147,11.285714285714286,7.833333333333333,3.696068118992115,3.5744680851063833,9,0.77,67.57,11,0,1
2023-11-13,SKU0037,3,Toys,104,0,10.142857142857142,8.8,4.07176992778664,11.818181818181817,9,0.77,67.57,11,0,0
2023-11-20,SKU0037,3,Toys,8,147,13.714285714285714,10.2,4.722652673642442,0.7843137254901962,9,0.77,67.57,11,0,1
2023-11-27,SKU0037,3,Toys,78,147,11.0,11.266666666666667,4.7265452378092725,6.9230769230769225,9,0.77,67.57,11,0,1
2023-12-04,SKU0037,3,Toys,0,147,11.142857142857142,11.6,5.424084222721145,0.0,9,0.77,67.57,12,0,0
2023-12-11,SKU0037,3,Toys,57,147,12.857142857142858,12.033333333333333,5.320638627298314,4.7368421052631575,9,0.77,67.57,12,0,1
2023-12-18,SKU0037,3,Toys,124,0,11.428571428571429,11.766666666666667,6.0211313711383,10.538243626062322,9,0.77,67.57,12,0,0
2023-01-30,SKU0037,4,Toys,744,0,38.857142857142854,37.56666666666667,5.940412927324703,19.804791481810113,9,0.77,67.57,1,0,0
2023-02-06,SKU0037,4,Toys,482,664,37.42857142857143,37.93333333333333,6.285908341533539,12.706502636203867,9,0.77,67.57,2,0,0
2023-02-13,SKU0037,4,Toys,220,664,37.42857142857143,37.7,6.412003829026327,5.835543766578249,9,0.77,67.57,2,0,0
2023-02-20,SKU0037,4,Toys,647,0,33.857142857142854,37.13333333333333,6.532324576122661,17.423698384201078,9,0.77,67.57,2,0,0
2023-02-27,SKU0037,4,Toys,393,664,36.285714285714285,36.3,6.325373097895983,10.826446280991737,9,0.77,67.57,2,0,0
2023-03-06,SKU0037,4,Toys,771,0,40.857142857142854,37.266666666666666,6.496329644543504,20.68872987477639,9,0.77,67.57,3,0,0
2023-03-13,SKU0037,4,Toys,515,0,36.57142857142857,37.166666666666664,6.772578245539436,13.856502242152468,9,0.77,67.57,3,0,0
2023-03-20,SKU0037,4,Toys,265,664,35.714285714285715,37.0,6.802636405759573,7.162162162162162,9,0.77,67.57,3,0,0
2023-03-27,SKU0037,4,Toys,670,0,37.0,37.266666666666666,7.343462179490625,17.978533094812164,9,0.77,67.57,3,0,0
2023-04-03,SKU0037,4,Toys,403,664,38.142857142857146,37.166666666666664,6.491816245159711,10.843049327354262,9,0.77,67.57,4,0,0
2023-04-10,SKU0037,4,Toys,812,0,36.42857142857143,36.46666666666667,6.457998693592061,22.26691042047532,9,0.77,67.57,4,0,0
2023-04-17,SKU0037,4,Toys,534,0,39.714285714285715,37.4,6.094655657722336,14.278074866310162,9,0.77,67.57,4,0,0
2023-04-24,SKU0037,4,Toys,294,664,34.285714285714285,37.3,5.4718716460042085,7.882037533512065,9,0.77,67.57,4,0,0
2023-05-01,SKU0037,4,Toys,708,0,35.714285714285715,36.43333333333333,6.558402524865404,19.432753888380606,9,0.77,67.57,5,0,0
2023-05-08,SKU0037,4,Toys,476,664,33.142857142857146,35.86666666666667,6.71454074909553,13.271375464684015,9,0.77,67.57,5,0,0
2023-05-15,SKU0037,4,Toys,207,664,38.42857142857143,35.5,7.347296007422708,5.830985915492958,9,0.77,67.57,5,0,0
2023-05-22,SKU0037,4,Toys,569,0,43.142857142857146,37.43333333333333,7.868239663501538,15.200356188780054,9,0.77,67.57,5,0,0
2023-05-29,SKU0037,4,Toys,308,664,37.285714285714285,37.5,7.219466022856011,8.213333333333333,9,0.77,67.57,5,0,0
2023-06-05,SKU0037,4,Toys,687,0,40.714285714285715,39.43333333333333,8.041630188708877,17.4218089602705,9,0.77,67.57,6,0,0
2023-06-12,SKU0037,4,Toys,412,664,39.285714285714285,39.63333333333333,6.552090128918497,10.395290159798149,9,0.77,67.57,6,0,0
2023-06-19,SKU0037,4,Toys,853,0,31.857142857142858,37.86666666666667,7.990223911813706,22.526408450704224,9,0.77,67.57,6,0,0
2023-06-26,SKU0037,4,Toys,612,0,34.42857142857143,36.733333333333334,8.132240363721015,16.660617059891106,9,0.77,67.57,6,0,0
2023-07-03,SKU0037,4,Toys,380,664,33.142857142857146,35.9,7.997197785086545,10.584958217270195,9,0.77,67.57,7,0,0
2023-07-10,SKU0037,4,Toys,791,0,36.142857142857146,34.13333333333333,6.673330003329177,23.173828125,9,0.77,67.57,7,0,0
2023-07-17,SKU0037,4,Toys,523,0,38.285714285714285,35.13333333333333,6.521758454077656,14.886148007590133,9,0.77,67.57,7,0,0
2023-07-24,SKU0037,4,Toys,265,664,36.857142857142854,35.7,6.347141631990873,7.422969187675069,9,0.77,67.57,7,0,0
2023-07-31,SKU0037,4,Toys,684,0,35.0,36.1,5.885985693680109,18.94736842105263,9,0.77,67.57,7,0,0
2023-08-07,SKU0037,4,Toys,425,664,37.0,36.766666666666666,5.88207876304905,11.55938349954669,9,0.77,67.57,8,0,0
2023-08-14,SKU0037,4,Toys,835,0,36.285714285714285,36.6,5.455778335066347,22.81420765027322,9,0.77,67.57,8,0,0
2023-08-21,SKU0037,4,Toys,557,0,39.714285714285715,37.1,5.345639537881835,15.013477088948786,9,0.77,67.57,8,0,0
2023-08-28,SKU0037,4,Toys,290,664,38.142857142857146,37.46666666666667,5.643020304847354,7.740213523131672,9,0.77,67.57,8,0,0
2023-09-04,SKU0037,4,Toys,696,0,36.857142857142854,38.03333333333333,6.206133414133391,18.29973707274321,9,0.77,67.57,9,0,0
2023-09-11,SKU0037,4,Toys,446,664,35.714285714285715,37.8,6.244445807938111,11.798941798941799,9,0.77,67.57,9,0,0
2023-09-18,SKU0037,4,Toys,836,0,39.142857142857146,37.56666666666667,6.112075855580311,22.25377107364685,9,0.77,67.57,9,0,0
2023-09-25,SKU0037,4,Toys,585,0,35.857142857142854,36.96666666666667,6.825324715444998,15.825067628494137,9,0.77,67.57,9,0,0
2023-10-02,SKU0037,4,Toys,322,664,37.57142857142857,36.63333333333333,7.5314665574340225,8.789808917197453,9,0.77,67.57,10,0,0
2023-10-09,SKU0037,4,Toys,729,0,36.714285714285715,37.03333333333333,8.010696871547196,19.684968496849685,9,0.77,67.57,10,0,0
2023-10-16,SKU0037,4,Toys,453,664,39.42857142857143,37.6,7.504481419745825,12.047872340425531,9,0.77,67.57,10,0,0
2023-10-23,SKU0037,4,Toys,159,664,42.0,38.8,8.006032208537379,4.0979381443298974,9,0.77,67.57,10,0,0
2023-10-30,SKU0037,4,Toys,588,0,33.57142857142857,38.13333333333333,7.356598414341035,15.41958041958042,9,0.77,67.57,10,0,0
2023-11-06,SKU0037,4,Toys,94,664,70.57142857142857,46.3,16.85465248365648,2.0302375809935205,9,0.77,67.57,11,0,1
2023-11-13,SKU0037,4,Toys,401,664,51.0,48.46666666666667,21.745761907082958,8.27372764786795,9,0.77,67.57,11,0,1
2023-11-20,SKU0037,4,Toys,593,0,67.42857142857143,54.46666666666667,23.878620264729,10.887392900856792,9,0.77,67.57,11,0,0
2023-11-27,SKU0037,4,Toys,101,664,70.28571428571429,62.36666666666667,22.03990633519952,1.6194548369855692,9,0.77,67.57,11,0,1
2023-12-04,SKU0037,4,Toys,255,664,72.85714285714286,66.4,22.11661880998556,3.8403614457831323,9,0.77,67.57,12,0,1
2023-12-11,SKU0037,4,Toys,503,0,59.42857142857143,66.9,21.53321412016394,7.518684603886397,9,0.77,67.57,12,0,1
2023-12-18,SKU0037,4,Toys,0,664,71.85714285714286,67.36666666666666,22.70118230755657,0.0,9,0.77,67.57,12,0,1
2023-01-30,SKU0038,1,HomeGoods,794,0,38.57142857142857,35.766666666666666,6.714283967438546,22.199440820130476,17,0.98,110.12,1,0,0
2023-02-06,SKU0038,1,HomeGoods,570,1008,32.0,34.233333333333334,6.806099360554995,16.65043816942551,17,0.98,110.12,2,0,0
2023-02-13,SKU0038,1,HomeGoods,356,1008,30.571428571428573,32.86666666666667,6.986357806632782,10.831643002028397,17,0.98,110.12,2,0,0
2023-02-20,SKU0038,1,HomeGoods,130,1008,32.285714285714285,33.266666666666666,6.887937148444338,3.907815631262525,17,0.98,110.12,2,0,0
2023-02-27,SKU0038,1,HomeGoods,943,0,27.857142857142858,31.466666666666665,7.166653301243884,29.968220338983052,17,0.98,110.12,2,0,0
2023-03-06,SKU0038,1,HomeGoods,729,0,30.571428571428573,30.533333333333335,5.8765068989437355,23.875545851528383,17,0.98,110.12,3,0,0
2023-03-13,SKU0038,1,HomeGoods,533,1008,28.0,29.733333333333334,5.7890105957893105,17.926008968609864,17,0.98,110.12,3,0,0
2023-03-20,SKU0038,1,HomeGoods,349,1008,26.285714285714285,28.5,6.42597101209427,12.24561403508772,17,0.98,110.12,3,0,0
2023-03-27,SKU0038,1,HomeGoods,1165,0,27.428571428571427,27.866666666666667,6.344877561022577,41.80622009569378,17,0.98,110.12,3,0,0
2023-04-03,SKU0038,1,HomeGoods,982,0,26.142857142857142,27.1,5.371380096207215,36.23616236162361,17,0.98,110.12,4,0,0
2023-04-10,SKU0038,1,HomeGoods,818,0,23.428571428571427,25.766666666666666,5.3348776499775425,31.746442432082794,17,0.98,110.12,4,0,0
2023-04-17,SKU0038,1,HomeGoods,602,1008,30.857142857142858,26.966666666666665,5.397849720879177,22.323856613102596,17,0.98,110.12,4,0,0
2023-04-24,SKU0038,1,HomeGoods,400,1008,28.857142857142858,27.333333333333332,5.4287442717276795,14.634146341463415,17,0.98,110.12,4,0,0
2023-05-01,SKU0038,1,HomeGoods,203,1008,28.142857142857142,27.766666666666666,5.49409296165112,7.3109243697479,17,0.98,110.12,5,0,0
2023-05-08,SKU0038,1,HomeGoods,1003,0,29.714285714285715,28.766666666666666,5.5378530218807756,34.86674391657011,17,0.98,110.12,5,0,0
2023-05-15,SKU0038,1,HomeGoods,795,0,29.714285714285715,29.433333333333334,5.506631321029868,27.01019252548131,17,0.98,110.12,5,0,0
2023-05-22,SKU0038,1,HomeGoods,584,1008,30.142857142857142,29.533333333333335,5.2109522151431955,19.774266365688487,17,0.98,110.12,5,0,0
2023-05-29,SKU0038,1,HomeGoods,392,1008,27.428571428571427,29.266666666666666,5.375123628623674,13.394077448747153,17,0.98,110.12,5,0,0
2023-06-05,SKU0038,1,HomeGoods,192,1008,28.571428571428573,28.933333333333334,5.051004224722146,6.635944700460829,17,0.98,110.12,6,0,0
2023-06-12,SKU0038,1,HomeGoods,993,0,29.571428571428573,28.766666666666666,4.818665814298093,34.51911935110081,17,0.98,110.12,6,0,0
2023-06-19,SKU0038,1,HomeGoods,773,0,31.428571428571427,29.533333333333335,4.695803947424094,26.173814898419863,17,0.98,110.12,6,0,0
2023-06-26,SKU0038,1,HomeGoods,600,1008,24.714285714285715,28.066666666666666,4.947540896196846,21.37767220902613,17,0.98,110.12,6,0,0
2023-07-03,SKU0038,1,HomeGoods,409,1008,27.285714285714285,28.166666666666668,4.756725426342079,14.520710059171597,17,0.98,110.12,7,0,0
2023-07-10,SKU0038,1,HomeGoods,217,1008,27.428571428571427,27.766666666666666,4.60646721793232,7.815126050420169,17,0.98,110.12,7,0,0
2023-07-17,SKU0038,1,HomeGoods,1032,0,27.571428571428573,26.866666666666667,4.59935027895309,38.411910669975185,17,0.98,110.12,7,0,0
2023-07-24,SKU0038,1,HomeGoods,830,0,28.857142857142858,27.433333333333334,5.210621336524443,30.25516403402187,17,0.98,110.12,7,0,0
2023-07-31,SKU0038,1,HomeGoods,642,0,26.857142857142858,27.6,5.089543032125983,23.26086956521739,17,0.98,110.12,7,0,0
2023-08-07,SKU0038,1,HomeGoods,451,1008,27.285714285714285,27.8,5.188847456905488,16.223021582733814,17,0.98,110.12,8,0,0
2023-08-14,SKU0038,1,HomeGoods,238,1008,30.428571428571427,28.0,5.595564746081155,8.5,17,0.98,110.12,8,0,0
2023-08-21,SKU0038,1,HomeGoods,50,1008,26.857142857142858,28.033333333333335,5.647601464236886,1.78359096313912,17,0.98,110.12,8,0,1
2023-08-28,SKU0038,1,HomeGoods,0,1008,7.142857142857143,23.066666666666666,11.55178246682822,0.0,17,0.98,110.12,8,0,1
2023-09-04,SKU0038,1,HomeGoods,0,1008,0.0,16.666666666666668,14.596488319605113,0.0,17,0.98,110.12,9,0,1
2023-09-11,SKU0038,1,HomeGoods,0,1008,0.0,9.633333333333333,13.262556401344787,0.0,17,0.98,110.12,9,0,1
2023-09-18,SKU0038,1,HomeGoods,0,1008,0.0,3.8,10.008272440405518,0.0,17,0.98,110.12,9,0,1
2023-09-25,SKU0038,1,HomeGoods,0,1008,0.0,0.0,0.0,0.0,17,0.98,110.12,9,0,1
2023-10-02,SKU0038,1,HomeGoods,835,0,24.714285714285715,5.766666666666667,12.113495845923117,144.79768786127167,17,0.98,110.12,10,0,0
2023-10-09,SKU0038,1,HomeGoods,632,0,29.0,12.533333333333333,15.030390669512279,50.42553191489362,17,0.98,110.12,10,0,0
2023-10-16,SKU0038,1,HomeGoods,401,1008,33.0,20.233333333333334,15.352599091052145,19.818780889621085,17,0.98,110.12,10,0,0
2023-10-23,SKU0038,1,HomeGoods,225,1008,25.142857142857142,26.1,10.403414558824366,8.620689655172413,17,0.98,110.12,10,0,0
2023-10-30,SKU0038,1,HomeGoods,1001,0,33.142857142857146,29.533333333333335,5.940703158969359,33.893905191873586,17,0.98,110.12,10,0,0
2023-11-06,SKU0038,1,HomeGoods,742,0,37.0,31.8,6.38100629832868,23.333333333333332,17,0.98,110.12,11,0,0
2023-11-13,SKU0038,1,HomeGoods,455,1008,41.0,33.93333333333333,7.515195334756117,13.408644400785857,17,0.98,110.12,11,0,0
2023-11-20,SKU0038,1,HomeGoods,152,1008,43.285714285714285,37.6,7.933342992363464,4.042553191489362,17,0.98,110.12,11,0,1
2023-11-27,SKU0038,1,HomeGoods,943,0,31.0,37.766666666666666,8.601055802605861,24.96910856134157,17,0.98,110.12,11,0,0
2023-12-04,SKU0038,1,HomeGoods,666,0,39.57142857142857,38.56666666666667,8.198752358126493,17.268798617113223,17,0.98,110.12,12,0,0
2023-12-11,SKU0038,1,HomeGoods,386,1008,40.0,38.666666666666664,8.687419891303504,9.982758620689657,17,0.98,110.12,12,0,0
2023-12-18,SKU0038,1,HomeGoods,110,1008,39.42857142857143,37.8,8.293745046512552,2.9100529100529102,17,0.98,110.12,12,0,1
2023-01-30,SKU0038,2,HomeGoods,466,820,36.0,36.63333333333333,6.83542160409635,12.720655141037307,17,0.98,110.12,1,0,0
2023-02-06,SKU0038,2,HomeGoods,237,820,32.714285714285715,35.266666666666666,8.170313518372827,6.720226843100189,17,0.98,110.12,2,0,0
2023-02-13,SKU0038,2,HomeGoods,844,0,30.428571428571427,34.46666666666667,7.157023718400491,24.48742746615087,17,0.98,110.12,2,0,0
2023-02-20,SKU0038,2,HomeGoods,648,0,28.0,32.266666666666666,6.822545451426598,20.082644628099175,17,0.98,110.12,2,0,0
2023-02-27,SKU0038,2,HomeGoods,427,820,31.571428571428573,31.033333333333335,7.681070926290999,13.759398496240602,17,0.98,110.12,2,0,0
2023-03-06,SKU0038,2,HomeGoods,236,820,27.285714285714285,29.633333333333333,8.00208306213661,7.9640044994375705,17,0.98,110.12,3,0,0
2023-03-13,SKU0038,2,HomeGoods,846,0,30.0,29.3,7.74218181847631,28.87372013651877,17,0.98,110.12,3,0,0
2023-03-20,SKU0038,2,HomeGoods,642,0,29.142857142857142,29.533333333333335,7.700126883564244,21.738148984198645,17,0.98,110.12,3,0,0
2023-03-27,SKU0038,2,HomeGoods,429,820,30.428571428571427,29.566666666666666,6.246010220785841,14.509582863585118,17,0.98,110.12,3,0,0
2023-04-03,SKU0038,2,HomeGoods,229,820,28.571428571428573,29.5,4.904255717020812,7.762711864406779,17,0.98,110.12,4,0,0
2023-04-10,SKU0038,2,HomeGoods,844,0,29.285714285714285,29.266666666666666,5.451563099688507,28.838268792710707,17,0.98,110.12,4,0,0
2023-04-17,SKU0038,2,HomeGoods,631,0,30.428571428571427,29.8,4.95079234341196,21.174496644295303,17,0.98,110.12,4,0,0
2023-04-24,SKU0038,2,HomeGoods,436,820,27.857142857142858,29.133333333333333,5.519453579485226,14.965675057208239,17,0.98,110.12,4,0,0
2023-05-01,SKU0038,2,HomeGoods,241,820,27.857142857142858,28.9,5.719597285075988,8.339100346020762,17,0.98,110.12,5,0,0
2023-05-08,SKU0038,2,HomeGoods,856,0,29.285714285714285,28.7,5.4781698428933865,29.825783972125436,17,0.98,110.12,5,0,0
2023-05-15,SKU0038,2,HomeGoods,653,0,29.0,28.633333333333333,5.979755117424808,22.80558789289872,17,0.98,110.12,5,0,0
2023-05-22,SKU0038,2,HomeGoods,469,820,26.285714285714285,28.1,6.369918529225152,16.690391459074732,17,0.98,110.12,5,0,0
2023-05-29,SKU0038,2,HomeGoods,275,820,27.714285714285715,27.7,6.449538876860763,9.927797833935019,17,0.98,110.12,5,0,0
2023-06-05,SKU0038,2,HomeGoods,887,0,29.714285714285715,28.333333333333332,6.353567194258232,31.30588235294118,17,0.98,110.12,6,0,0
2023-06-12,SKU0038,2,HomeGoods,691,0,28.0,27.7,6.270621153854925,24.945848375451263,17,0.98,110.12,6,0,0
2023-06-19,SKU0038,2,HomeGoods,467,820,32.0,28.866666666666667,6.14050055992483,16.17782909930716,17,0.98,110.12,6,0,0
2023-06-26,SKU0038,2,HomeGoods,272,820,27.857142857142858,29.233333333333334,5.405510172951799,9.304446978335234,17,0.98,110.12,6,0,0
2023-07-03,SKU0038,2,HomeGoods,885,0,29.571428571428573,29.433333333333334,5.197368918805093,30.067950169875424,17,0.98,110.12,7,0,0
2023-07-10,SKU0038,2,HomeGoods,706,0,25.571428571428573,28.433333333333334,5.46893000524776,24.830011723329424,17,0.98,110.12,7,0,0
2023-07-17,SKU0038,2,HomeGoods,464,820,34.57142857142857,29.5,6.388297490535839,15.728813559322035,17,0.98,110.12,7,0,0
2023-07-24,SKU0038,2,HomeGoods,266,820,28.285714285714285,29.333333333333332,6.572320921778766,9.068181818181818,17,0.98,110.12,7,0,0
2023-07-31,SKU0038,2,HomeGoods,891,0,27.857142857142858,29.166666666666668,6.586733444679896,30.548571428571428,17,0.98,110.12,7,0,0
2023-08-07,SKU0038,2,HomeGoods,671,0,31.428571428571427,30.333333333333332,6.879922480183446,22.12087912087912,17,0.98,110.12,8,0,0
2023-08-14,SKU0038,2,HomeGoods,447,820,32.0,30.2,6.840044363639168,14.801324503311259,17,0.98,110.12,8,0,0
2023-08-21,SKU0038,2,HomeGoods,260,820,26.714285714285715,29.266666666666666,6.664022464120237,8.883826879271071,17,0.98,110.12,8,0,0
2023-08-28,SKU0038,2,HomeGoods,64,820,28.0,29.133333333333333,6.765701193791998,2.196796338672769,17,0.98,110.12,8,0,1
2023-09-04,SKU0038,2,HomeGoods,0,820,9.142857142857142,24.6,12.07333910901951,0.0,17,0.98,110.12,9,0,1
2023-09-11,SKU0038,2,HomeGoods,0,820,0.0,16.9,14.300590776318492,0.0,17,0.98,110.12,9,0,1
2023-09-18,SKU0038,2,HomeGoods,0,820,0.0,10.333333333333334,13.744800479813705,0.0,17,0.98,110.12,9,0,1
2023-09-25,SKU0038,2,HomeGoods,0,820,0.0,4.233333333333333,10.61450969625807,0.0,17,0.98,110.12,9,0,1
2023-10-02,SKU0038,2,HomeGoods,669,0,21.571428571428573,5.033333333333333,11.666288992245013,132.91390728476821,17,0.98,110.12,10,0,0
2023-10-09,SKU0038,2,HomeGoods,479,820,27.142857142857142,11.366666666666667,14.509172683307096,42.14076246334311,17,0.98,110.12,10,0,0
2023-10-16,SKU0038,2,HomeGoods,292,820,26.714285714285715,17.6,14.033457558081826,16.59090909090909,17,0.98,110.12,10,0,0
2023-10-23,SKU0038,2,HomeGoods,914,0,28.285714285714285,24.2,10.472953672230684,37.768595041322314,17,0.98,110.12,10,0,0
2023-10-30,SKU0038,2,HomeGoods,739,0,25.0,26.933333333333334,3.7225624594314164,27.43811881188119,17,0.98,110.12,10,0,0
2023-11-06,SKU0038,2,HomeGoods,485,820,36.285714285714285,28.833333333333332,5.965899263563591,16.820809248554912,17,0.98,110.12,11,0,0
2023-11-13,SKU0038,2,HomeGoods,261,820,32.0,30.166666666666668,6.0519779230933395,8.651933701657459,17,0.98,110.12,11,0,0
2023-11-20,SKU0038,2,HomeGoods,819,0,37.42857142857143,32.266666666666666,7.418213063634062,25.382231404958677,17,0.98,110.12,11,0,0
2023-11-27,SKU0038,2,HomeGoods,572,820,35.285714285714285,34.53333333333333,6.678495253466482,16.563706563706564,17,0.98,110.12,11,0,0
2023-12-04,SKU0038,2,HomeGoods,309,820,37.57142857142857,35.766666666666666,6.647184176120281,8.63932898415657,17,0.98,110.12,12,0,0
2023-12-11,SKU0038,2,HomeGoods,19,820,41.42857142857143,37.4,7.761976285848102,0.5080213903743316,17,0.98,110.12,12,0,0
2023-12-18,SKU0038,2,HomeGoods,535,820,43.42857142857143,39.56666666666667,8.621078152165554,13.521482729570344,17,0.98,110.12,12,0,0
2023-01-30,SKU0038,3,HomeGoods,224,0,10.714285714285714,9.9,3.4376214712080135,22.626262626262626,17,0.98,110.12,1,0,0
2023-02-06,SKU0038,3,HomeGoods,182,269,6.0,9.233333333333333,3.7016616337227144,19.711191335740075,17,0.98,110.12,2,0,0
2023-02-13,SKU0038,3,HomeGoods,124,269,8.285714285714286,8.9,3.5462461940713483,13.932584269662922,17,0.98,110.12,2,0,0
2023-02-20,SKU0038,3,HomeGoods,343,0,7.142857142857143,8.166666666666666,3.374175080114305,42.0,17,0.98,110.12,2,0,0
2023-02-27,SKU0038,3,HomeGoods,287,0,8.0,7.633333333333334,2.3994731222432617,37.598253275109165,17,0.98,110.12,2,0,0
2023-03-06,SKU0038,3,HomeGoods,207,0,11.428571428571429,8.5,2.776129779337441,24.352941176470587,17,0.98,110.12,3,0,0
2023-03-13,SKU0038,3,HomeGoods,150,269,8.142857142857142,8.766666666666667,3.058998408689979,17.110266159695815,17,0.98,110.12,3,0,0
2023-03-20,SKU0038,3,HomeGoods,93,269,8.142857142857142,8.933333333333334,3.3521309057367383,10.41044776119403,17,0.98,110.12,3,0,0
2023-03-27,SKU0038,3,HomeGoods,305,0,8.142857142857142,8.9,3.4972895909201775,34.26966292134831,17,0.98,110.12,3,0,0
2023-04-03,SKU0038,3,HomeGoods,250,0,7.857142857142857,8.4,3.765542503388801,29.76190476190476,17,0.98,110.12,4,0,0
2023-04-10,SKU0038,3,HomeGoods,196,269,7.714285714285714,7.933333333333334,3.2048813344359735,24.705882352941174,17,0.98,110.12,4,0,0
2023-04-17,SKU0038,3,HomeGoods,143,269,7.571428571428571,7.766666666666667,2.762848771346949,18.412017167381975,17,0.98,110.12,4,0,0
2023-04-24,SKU0038,3,HomeGoods,79,269,9.142857142857142,8.0,2.5596335944683655,9.875,17,0.98,110.12,4,0,0
2023-05-01,SKU0038,3,HomeGoods,299,0,7.0,7.833333333333333,2.335384976509389,38.17021276595745,17,0.98,110.12,5,0,0
2023-05-08,SKU0038,3,HomeGoods,240,0,8.428571428571429,8.133333333333333,2.5425121073638883,29.508196721311478,17,0.98,110.12,5,0,0
2023-05-15,SKU0038,3,HomeGoods,190,269,7.142857142857143,8.0,2.7417588112943765,23.75,17,0.98,110.12,5,0,0
2023-05-22,SKU0038,3,HomeGoods,140,269,7.142857142857143,7.5,2.7005746514910265,18.666666666666668,17,0.98,110.12,5,0,0
2023-05-29,SKU0038,3,HomeGoods,359,0,7.142857142857143,7.4,2.749294580370607,48.51351351351351,17,0.98,110.12,5,0,0
2023-06-05,SKU0038,3,HomeGoods,309,0,7.142857142857143,7.066666666666666,2.8639655812482694,43.72641509433962,17,0.98,110.12,6,0,0
2023-06-12,SKU0038,3,HomeGoods,247,0,8.857142857142858,7.366666666666666,2.8464537323790684,33.529411764705884,17,0.98,110.12,6,0,0
2023-06-19,SKU0038,3,HomeGoods,195,269,7.428571428571429,7.533333333333333,2.750966392370877,25.884955752212388,17,0.98,110.12,6,0,0
2023-06-26,SKU0038,3,HomeGoods,130,269,9.285714285714286,8.133333333333333,3.0255615988615654,15.98360655737705,17,0.98,110.12,6,0,0
2023-07-03,SKU0038,3,HomeGoods,58,269,10.285714285714286,8.9,2.9166584564744853,6.51685393258427,17,0.98,110.12,7,0,0
2023-07-10,SKU0038,3,HomeGoods,276,0,7.285714285714286,8.633333333333333,2.684352273163263,31.96911196911197,17,0.98,110.12,7,0,0
2023-07-17,SKU0038,3,HomeGoods,213,0,9.0,8.933333333333334,2.863965581248263,23.84328358208955,17,0.98,110.12,7,0,0
2023-07-24,SKU0038,3,HomeGoods,156,269,8.142857142857142,8.9,2.74615718966428,17.528089887640448,17,0.98,110.12,7,0,0
2023-07-31,SKU0038,3,HomeGoods,93,269,9.0,8.4,2.9548323950367514,11.071428571428571,17,0.98,110.12,7,0,0
2023-08-07,SKU0038,3,HomeGoods,31,269,8.857142857142858,8.533333333333333,3.002680794560585,3.6328125,17,0.98,110.12,8,0,1
2023-08-14,SKU0038,3,HomeGoods,0,269,4.428571428571429,7.633333333333334,3.6149434424281184,0.0,17,0.98,110.12,8,0,1
2023-08-21,SKU0038,3,HomeGoods,0,269,0.0,5.833333333333333,4.756725426342086,0.0,17,0.98,110.12,8,0,1
2023-08-28,SKU0038,3,HomeGoods,0,269,0.0,3.566666666666667,4.30463529900867,0.0,17,0.98,110.12,8,0,1
2023-09-04,SKU0038,3,HomeGoods,0,269,0.0,1.7333333333333334,3.6192334236289474,0.0,17,0.98,110.12,9,0,1
2023-09-11,SKU0038,3,HomeGoods,223,0,6.571428571428571,1.5333333333333334,3.19194388220199,145.43478260869566,17,0.98,110.12,9,0,0
2023-09-18,SKU0038,3,HomeGoods,168,269,7.857142857142857,3.3666666666666667,4.097798680143853,49.9009900990099,17,0.98,110.12,9,0,0
2023-09-25,SKU0038,3,HomeGoods,118,269,7.142857142857143,5.033333333333333,3.8639209434810384,23.443708609271525,17,0.98,110.12,9,0,0
2023-10-02,SKU0038,3,HomeGoods,55,269,9.0,7.133333333333334,3.54024481262714,7.710280373831775,17,0.98,110.12,10,0,0
2023-10-09,SKU0038,3,HomeGoods,1,269,7.714285714285714,7.866666666666666,2.991174758649454,0.1271186440677966,17,0.98,110.12,10,0,1
2023-10-16,SKU0038,3,HomeGoods,0,269,0.14285714285714285,6.2,4.444291185097025,0.0,17,0.98,110.12,10,0,1
2023-10-23,SKU0038,3,HomeGoods,0,269,0.0,4.4,4.945217125040443,0.0,17,0.98,110.12,10,0,1
2023-10-30,SKU0038,3,HomeGoods,0,269,0.0,2.2666666666666666,3.8410965867192153,0.0,17,0.98,110.12,10,0,1
2023-11-06,SKU0038,3,HomeGoods,216,0,7.571428571428571,2.3333333333333335,4.4900912619043885,92.57142857142857,17,0.98,110.12,11,0,0
2023-11-13,SKU0038,3,HomeGoods,146,269,10.0,4.1,5.504543577809169,35.609756097560975,17,0.98,110.12,11,0,0
2023-11-20,SKU0038,3,HomeGoods,74,269,10.285714285714286,6.5,5.5693124691752045,11.384615384615385,17,0.98,110.12,11,0,0
2023-11-27,SKU0038,3,HomeGoods,268,0,10.714285714285714,9.0,4.548588261473417,29.77777777777778,17,0.98,110.12,11,0,0
2023-12-04,SKU0038,3,HomeGoods,186,269,11.714285714285714,10.6,2.93139957158279,17.547169811320757,17,0.98,110.12,12,0,0
2023-12-11,SKU0038,3,HomeGoods,112,269,10.571428571428571,10.766666666666667,3.0702502799623828,10.402476780185758,17,0.98,110.12,12,0,0
2023-12-18,SKU0038,3,HomeGoods,33,269,11.285714285714286,10.933333333333334,3.3930286880839673,3.018292682926829,17,0.98,110.12,12,0,0
2023-01-30,SKU0038,4,HomeGoods,445,0,20.571428571428573,21.1,3.7997277579430295,21.090047393364927,17,0.98,110.12,1,0,0
2023-02-06,SKU0038,4,HomeGoods,321,523,17.714285714285715,20.5,4.1997536873586725,15.658536585365853,17,0.98,110.12,2,0,0
2023-02-13,SKU0038,4,HomeGoods,198,523,17.571428571428573,19.866666666666667,4.28898616211927,9.966442953020135,17,0.98,110.12,2,0,0
2023-02-20,SKU0038,4,HomeGoods,594,0,18.142857142857142,18.7,4.018491739703963,31.764705882352942,17,0.98,110.12,2,0,0
2023-02-27,SKU0038,4,HomeGoods,454,0,20.0,18.433333333333334,4.040171841116061,24.629294755877034,17,0.98,110.12,2,0,0
2023-03-06,SKU0038,4,HomeGoods,319,523,19.285714285714285,18.566666666666666,3.710965422611225,17.18132854578097,17,0.98,110.12,3,0,0
2023-03-13,SKU0038,4,HomeGoods,193,523,18.0,19.0,3.533094765314068,10.157894736842104,17,0.98,110.12,3,0,0
2023-03-20,SKU0038,4,HomeGoods,607,0,15.571428571428571,18.033333333333335,3.6811105270887587,33.659889094269865,17,0.98,110.12,3,0,0
2023-03-27,SKU0038,4,HomeGoods,478,0,18.428571428571427,18.133333333333333,4.1831627478156586,26.360294117647058,17,0.98,110.12,3,0,0
2023-04-03,SKU0038,4,HomeGoods,362,523,16.571428571428573,17.3,4.4732923923645105,20.924855491329478,17,0.98,110.12,4,0,0
2023-04-10,SKU0038,4,HomeGoods,253,523,15.571428571428571,16.633333333333333,4.390297557532763,15.210420841683367,17,0.98,110.12,4,0,0
2023-04-17,SKU0038,4,HomeGoods,641,0,19.285714285714285,17.266666666666666,5.09856865196994,37.12355212355212,17,0.98,110.12,4,0,0
2023-04-24,SKU0038,4,HomeGoods,509,0,18.857142857142858,17.366666666666667,4.686615816993319,29.309021113243762,17,0.98,110.12,4,0,0
2023-05-01,SKU0038,4,HomeGoods,382,523,18.142857142857142,18.066666666666666,4.084734687989465,21.14391143911439,17,0.98,110.12,5,0,0
2023-05-08,SKU0038,4,HomeGoods,259,523,17.571428571428573,18.033333333333335,3.9258939973158897,14.362292051756006,17,0.98,110.12,5,0,0
2023-05-15,SKU0038,4,HomeGoods,126,523,19.0,18.333333333333332,2.8446360088750424,6.872727272727273,17,0.98,110.12,5,0,0
2023-05-22,SKU0038,4,HomeGoods,536,0,16.142857142857142,17.8,3.273719807697409,30.112359550561795,17,0.98,110.12,5,0,0
2023-05-29,SKU0038,4,HomeGoods,399,523,19.571428571428573,18.0,3.290529776023394,22.166666666666668,17,0.98,110.12,5,0,0
2023-06-05,SKU0038,4,HomeGoods,259,523,20.0,18.666666666666668,3.0209993018220347,13.875,17,0.98,110.12,6,0,0
2023-06-12,SKU0038,4,HomeGoods,143,523,16.571428571428573,18.233333333333334,3.6168507289356464,7.842778793418646,17,0.98,110.12,6,0,0
2023-06-19,SKU0038,4,HomeGoods,533,0,19.0,18.366666666666667,4.222136518589754,29.019963702359345,17,0.98,110.12,6,0,0
2023-06-26,SKU0038,4,HomeGoods,398,523,19.285714285714285,18.833333333333332,4.111240548858063,21.13274336283186,17,0.98,110.12,6,0,0
2023-07-03,SKU0038,4,HomeGoods,271,523,18.142857142857142,18.333333333333332,4.64856917796206,14.781818181818183,17,0.98,110.12,7,0,0
2023-07-10,SKU0038,4,HomeGoods,132,523,19.857142857142858,18.6,4.867910406338428,7.096774193548386,17,0.98,110.12,7,0,0
2023-07-17,SKU0038,4,HomeGoods,516,0,19.857142857142858,19.133333333333333,4.629242384826194,26.968641114982578,17,0.98,110.12,7,0,0
2023-07-24,SKU0038,4,HomeGoods,374,523,20.285714285714285,19.6,4.986879336543188,19.081632653061224,17,0.98,110.12,7,0,0
2023-07-31,SKU0038,4,HomeGoods,255,523,17.0,19.333333333333332,4.722165877509248,13.189655172413794,17,0.98,110.12,7,0,0
2023-08-07,SKU0038,4,HomeGoods,140,523,16.428571428571427,18.733333333333334,5.132273364217606,7.473309608540925,17,0.98,110.12,8,0,0
2023-08-14,SKU0038,4,HomeGoods,27,523,16.142857142857142,17.2,4.823791612128513,1.5697674418604652,17,0.98,110.12,8,0,1
2023-08-21,SKU0038,4,HomeGoods,0,523,3.857142857142857,13.466666666666667,7.200255423311003,0.0,17,0.98,110.12,8,0,1
2023-08-28,SKU0038,4,HomeGoods,0,523,0.0,9.433333333333334,8.373535212443006,0.0,17,0.98,110.12,8,0,1
2023-09-04,SKU0038,4,HomeGoods,0,523,0.0,5.733333333333333,7.952155783760485,0.0,17,0.98,110.12,9,0,1
2023-09-11,SKU0038,4,HomeGoods,489,0,4.857142857142857,3.2,6.91525051282832,152.8125,17,0.98,110.12,9,0,0
2023-09-18,SKU0038,4,HomeGoods,376,523,16.142857142857142,4.9,7.932256277703863,76.73469387755101,17,0.98,110.12,9,0,0
2023-09-25,SKU0038,4,HomeGoods,260,523,16.571428571428573,8.766666666666667,8.838330835289144,29.65779467680608,17,0.98,110.12,9,0,0
2023-10-02,SKU0038,4,HomeGoods,148,523,16.0,12.5,7.762642635704358,11.84,17,0.98,110.12,10,0,0
2023-10-09,SKU0038,4,HomeGoods,45,523,14.714285714285714,15.933333333333334,3.7685937497393707,2.8242677824267783,17,0.98,110.12,10,0,1
2023-10-16,SKU0038,4,HomeGoods,0,523,6.428571428571429,13.633333333333333,6.27245391859673,0.0,17,0.98,110.12,10,0,1
2023-10-23,SKU0038,4,HomeGoods,0,523,0.0,9.633333333333333,7.823410198017019,0.0,17,0.98,110.12,10,0,1
2023-10-30,SKU0038,4,HomeGoods,0,523,0.0,5.866666666666666,7.500498067753081,0.0,17,0.98,110.12,10,0,1
2023-11-06,SKU0038,4,HomeGoods,488,0,5.0,3.6333333333333333,6.89569247520824,134.3119266055046,17,0.98,110.12,11,0,0
2023-11-13,SKU0038,4,HomeGoods,305,523,26.142857142857142,7.266666666666667,11.65283252034141,41.972477064220186,17,0.98,110.12,11,0,0
2023-11-20,SKU0038,4,HomeGoods,131,523,24.857142857142858,13.066666666666666,13.206407361667244,10.025510204081632,17,0.98,110.12,11,0,0
2023-11-27,SKU0038,4,HomeGoods,484,0,24.285714285714285,18.733333333333334,11.587547815125339,25.83629893238434,17,0.98,110.12,11,0,0
2023-12-04,SKU0038,4,HomeGoods,332,523,21.714285714285715,23.8,5.281065723167415,13.949579831932773,17,0.98,110.12,12,0,0
2023-12-11,SKU0038,4,HomeGoods,172,523,22.857142857142858,23.733333333333334,4.7701177122274165,7.247191011235954,17,0.98,110.12,12,0,0
2023-12-18,SKU0038,4,HomeGoods,523,0,24.571428571428573,23.833333333333332,4.646714325519537,21.944055944055947,17,0.98,110.12,12,0,0
2023-01-30,SKU0039,1,Grocery,1123,0,24.285714285714285,24.933333333333334,5.238671411810397,45.04010695187166,21,0.81,20.95,1,0,0
2023-02-06,SKU0039,1,Grocery,951,0,24.571428571428573,24.6,5.163532605253621,38.65853658536585,21,0.81,20.95,2,0,0
2023-02-13,SKU0039,1,Grocery,764,1024,26.714285714285715,25.5,5.0360767434102165,29.96078431372549,21,0.81,20.95,2,0,0
2023-02-20,SKU0039,1,Grocery,565,1024,28.428571428571427,25.866666666666667,5.230766630258884,21.84278350515464,21,0.81,20.95,2,0,0
2023-02-27,SKU0039,1,Grocery,383,1024,26.0,25.933333333333334,5.0646396429206755,14.768637532133676,21,0.81,20.95,2,0,0
2023-03-06,SKU0039,1,Grocery,1242,0,23.571428571428573,26.1,5.498275591743162,47.58620689655172,21,0.81,20.95,3,0,0
2023-03-13,SKU0039,1,Grocery,1056,0,26.571428571428573,26.233333333333334,5.67318759351957,40.254129606099106,21,0.81,20.95,3,0,0
2023-03-20,SKU0039,1,Grocery,861,0,27.857142857142858,26.133333333333333,5.593921167033775,32.94642857142857,21,0.81,20.95,3,0,0
2023-03-27,SKU0039,1,Grocery,676,1024,26.428571428571427,26.1,5.677238279547426,25.90038314176245,21,0.81,20.95,3,0,0
2023-04-03,SKU0039,1,Grocery,523,1024,21.857142857142858,25.633333333333333,4.958332125953684,20.403120936280885,21,0.81,20.95,4,0,0
2023-04-10,SKU0039,1,Grocery,347,1024,25.142857142857142,25.666666666666668,5.053734251527032,13.519480519480519,21,0.81,20.95,4,0,0
2023-04-17,SKU0039,1,Grocery,1205,0,23.714285714285715,24.433333333333334,4.446488993331268,49.317871759890856,21,0.81,20.95,4,0,0
2023-04-24,SKU0039,1,Grocery,1017,0,26.857142857142858,24.566666666666666,4.775536318198911,41.39755766621438,21,0.81,20.95,4,0,0
2023-05-01,SKU0039,1,Grocery,824,0,27.571428571428573,25.5,4.918297995487239,32.31372549019608,21,0.81,20.95,5,0,0
2023-05-08,SKU0039,1,Grocery,664,1024,22.857142857142858,25.266666666666666,5.400723663728226,26.279683377308707,21,0.81,20.95,5,0,0
2023-05-15,SKU0039,1,Grocery,513,1024,21.571428571428573,24.666666666666668,6.0076579482347805,20.797297297297295,21,0.81,20.95,5,0,0
2023-05-22,SKU0039,1,Grocery,1365,0,24.571428571428573,24.166666666666668,5.515391212768601,56.48275862068965,21,0.81,20.95,5,0,0
2023-05-29,SKU0039,1,Grocery,1219,0,20.857142857142858,23.0,5.994250118468423,53.0,21,0.81,20.95,5,0,0
2023-06-05,SKU0039,1,Grocery,1039,0,25.714285714285715,22.733333333333334,5.9069411731444035,45.70381231671554,21,0.81,20.95,6,0,0
2023-06-12,SKU0039,1,Grocery,876,0,23.285714285714285,23.166666666666668,5.596078265537666,37.81294964028777,21,0.81,20.95,6,0,0
2023-06-19,SKU0039,1,Grocery,721,1024,22.142857142857142,23.233333333333334,5.691392977381597,31.03299856527977,21,0.81,20.95,6,0,0
2023-06-26,SKU0039,1,Grocery,535,1024,26.571428571428573,23.8,5.49858916074121,22.478991596638654,21,0.81,20.95,6,0,0
2023-07-03,SKU0039,1,Grocery,362,1024,24.714285714285715,24.033333333333335,5.013659502718092,15.062413314840498,21,0.81,20.95,7,0,0
2023-07-10,SKU0039,1,Grocery,1208,0,25.428571428571427,24.766666666666666,4.903786948551253,48.77523553162853,21,0.81,20.95,7,0,0
2023-07-17,SKU0039,1,Grocery,1034,0,24.857142857142858,25.266666666666666,4.898510212181921,40.92348284960422,21,0.81,20.95,7,0,0
2023-07-24,SKU0039,1,Grocery,872,0,23.142857142857142,24.5,5.2506157274401035,35.59183673469388,21,0.81,20.95,7,0,0
2023-07-31,SKU0039,1,Grocery,691,1024,25.857142857142858,25.033333333333335,5.109040893413821,27.603195739014645,21,0.81,20.95,7,0,0
2023-08-07,SKU0039,1,Grocery,508,1024,26.142857142857142,25.233333333333334,5.230437005104622,20.132100396301187,21,0.81,20.95,8,0,0
2023-08-14,SKU0039,1,Grocery,327,1024,25.857142857142858,25.4,5.1568501479368045,12.874015748031496,21,0.81,20.95,8,0,0
2023-08-21,SKU0039,1,Grocery,1175,0,25.142857142857142,25.5,6.235327605252796,46.07843137254902,21,0.81,20.95,8,0,0
2023-08-28,SKU0039,1,Grocery,992,0,26.142857142857142,25.766666666666666,6.360889838712023,38.4993531694696,21,0.81,20.95,8,0,0
2023-09-04,SKU0039,1,Grocery,830,0,23.142857142857142,25.266666666666666,6.169632713224665,32.849604221635886,21,0.81,20.95,9,0,0
2023-09-11,SKU0039,1,Grocery,665,1024,23.571428571428573,24.466666666666665,5.934895829393059,27.17983651226158,21,0.81,20.95,9,0,0
2023-09-18,SKU0039,1,Grocery,481,1024,26.285714285714285,24.766666666666666,5.757653576991557,19.42126514131898,21,0.81,20.95,9,0,0
2023-09-25,SKU0039,1,Grocery,1308,0,28.142857142857142,25.066666666666666,5.199027318400169,52.180851063829785,21,0.81,20.95,9,0,0
2023-10-02,SKU0039,1,Grocery,1159,0,21.285714285714285,24.633333333333333,5.448715972330219,47.05006765899865,21,0.81,20.95,10,0,0
2023-10-09,SKU0039,1,Grocery,964,0,27.857142857142858,25.766666666666666,6.026855606844012,37.41267787839586,21,0.81,20.95,10,0,0
2023-10-16,SKU0039,1,Grocery,816,1024,21.142857142857142,24.433333333333334,6.207244562402166,33.39699863574352,21,0.81,20.95,10,0,0
2023-10-23,SKU0039,1,Grocery,625,1024,27.285714285714285,24.533333333333335,6.306719642070524,25.475543478260867,21,0.81,20.95,10,0,0
2023-10-30,SKU0039,1,Grocery,421,1024,29.142857142857142,26.133333333333333,6.64744354975102,16.10969387755102,21,0.81,20.95,10,0,0
2023-11-06,SKU0039,1,Grocery,1228,0,31.0,26.866666666666667,6.463336030540124,45.707196029776675,21,0.81,20.95,11,0,0
2023-11-13,SKU0039,1,Grocery,1002,0,32.285714285714285,29.2,6.1442431704751925,34.31506849315068,21,0.81,20.95,11,0,0
2023-11-20,SKU0039,1,Grocery,785,1024,31.0,30.466666666666665,6.436605087891542,25.76586433260394,21,0.81,20.95,11,0,0
2023-11-27,SKU0039,1,Grocery,550,1024,33.57142857142857,31.7,5.363670899415941,17.350157728706623,21,0.81,20.95,11,0,0
2023-12-04,SKU0039,1,Grocery,298,1024,36.0,32.93333333333333,5.97081022246091,9.048582995951419,21,0.81,20.95,12,0,0
2023-12-11,SKU0039,1,Grocery,1058,0,37.714285714285715,34.233333333333334,7.0009030616171914,30.905550146056473,21,0.81,20.95,12,0,0
2023-12-18,SKU0039,1,Grocery,798,1024,37.142857142857146,35.733333333333334,6.77181447356378,22.332089552238806,21,0.81,20.95,12,0,0
2023-01-30,SKU0039,2,Grocery,216,1635,37.0,36.7,7.706468398197308,5.885558583106267,21,0.81,20.95,1,0,0
2023-02-06,SKU0039,2,Grocery,1601,0,35.714285714285715,36.8,7.949842765740716,43.5054347826087,21,0.81,20.95,2,0,0
2023-02-13,SKU0039,2,Grocery,1378,0,31.857142857142858,35.63333333333333,7.880501180164541,38.67165575304023,21,0.81,20.95,2,0,0
2023-02-20,SKU0039,2,Grocery,1143,0,33.57142857142857,35.0,7.263512971672537,32.65714285714286,21,0.81,20.95,2,0,0
2023-02-27,SKU0039,2,Grocery,902,1635,34.42857142857143,34.233333333333334,6.911675944936665,26.34858812074002,21,0.81,20.95,2,0,0
2023-03-06,SKU0039,2,Grocery,665,1635,33.857142857142854,33.5,6.678581307123701,19.850746268656717,21,0.81,20.95,3,0,0
2023-03-13,SKU0039,2,Grocery,414,1635,35.857142857142854,34.266666666666666,6.453725645907465,12.081712062256809,21,0.81,20.95,3,0,0
2023-03-20,SKU0039,2,Grocery,1816,0,33.285714285714285,34.3,6.757626598250258,52.94460641399417,21,0.81,20.95,3,0,0
2023-03-27,SKU0039,2,Grocery,1541,0,39.285714285714285,34.833333333333336,6.438479866280998,44.239234449760765,21,0.81,20.95,3,0,0
2023-04-03,SKU0039,2,Grocery,1303,0,34.0,35.13333333333333,6.140500559924802,37.08728652751423,21,0.81,20.95,4,0,0
2023-04-10,SKU0039,2,Grocery,1075,0,32.57142857142857,34.93333333333333,5.7711131618117495,30.77290076335878,21,0.81,20.95,4,0,0
2023-04-17,SKU0039,2,Grocery,820,1635,36.42857142857143,35.766666666666666,5.673187593519574,22.92637465051258,21,0.81,20.95,4,0,0
2023-04-24,SKU0039,2,Grocery,561,1635,37.0,35.166666666666664,6.040571640757723,15.952606635071092,21,0.81,20.95,4,0,0
2023-05-01,SKU0039,2,Grocery,317,1635,34.857142857142854,34.833333333333336,6.42239257884331,9.10047846889952,21,0.81,20.95,5,0,0
2023-05-08,SKU0039,2,Grocery,1711,0,34.42857142857143,35.63333333333333,6.424539877974002,48.01683816651076,21,0.81,20.95,5,0,0
2023-05-15,SKU0039,2,Grocery,1471,0,34.285714285714285,35.0,6.533732101365484,42.02857142857143,21,0.81,20.95,5,0,0
2023-05-22,SKU0039,2,Grocery,1216,0,36.42857142857143,34.53333333333333,6.134882363109778,35.21235521235521,21,0.81,20.95,5,0,0
2023-05-29,SKU0039,2,Grocery,988,0,32.57142857142857,34.166666666666664,5.754059037088415,28.917073170731708,21,0.81,20.95,5,0,0
2023-06-05,SKU0039,2,Grocery,753,1635,33.57142857142857,34.46666666666667,5.250506270061398,21.847195357833655,21,0.81,20.95,6,0,0
2023-06-12,SKU0039,2,Grocery,495,1635,36.857142857142854,34.56666666666667,6.112075855580316,14.320154291224686,21,0.81,20.95,6,0,0
2023-06-19,SKU0039,2,Grocery,1888,0,34.57142857142857,34.3,6.000862007044173,55.04373177842566,21,0.81,20.95,6,0,0
2023-06-26,SKU0039,2,Grocery,1649,0,34.142857142857146,34.46666666666667,6.371993318465951,47.843326885880074,21,0.81,20.95,6,0,0
2023-07-03,SKU0039,2,Grocery,1392,0,36.714285714285715,35.5,6.0955042788758,39.2112676056338,21,0.81,20.95,7,0,0
2023-07-10,SKU0039,2,Grocery,1155,0,33.857142857142854,35.06666666666667,5.3943350447217036,32.93726235741445,21,0.81,20.95,7,0,0
2023-07-17,SKU0039,2,Grocery,916,1635,34.142857142857146,34.5,5.056576462117566,26.55072463768116,21,0.81,20.95,7,0,0
2023-07-24,SKU0039,2,Grocery,683,1635,33.285714285714285,34.36666666666667,4.8243872816843965,19.873908826382152,21,0.81,20.95,7,0,0
2023-07-31,SKU0039,2,Grocery,432,1635,35.857142857142854,34.46666666666667,5.0222493472295,12.53384912959381,21,0.81,20.95,7,0,0
2023-08-07,SKU0039,2,Grocery,1851,0,30.857142857142858,33.7,5.376513419654425,54.92581602373887,21,0.81,20.95,8,0,0
2023-08-14,SKU0039,2,Grocery,1611,0,34.285714285714285,33.733333333333334,6.710431063461666,47.75691699604743,21,0.81,20.95,8,0,0
2023-08-21,SKU0039,2,Grocery,1335,0,39.42857142857143,34.8,7.853837190869804,38.362068965517246,21,0.81,20.95,8,0,0
2023-08-28,SKU0039,2,Grocery,1101,0,33.42857142857143,34.5,7.619168205121283,31.91304347826087,21,0.81,20.95,8,0,0
2023-09-04,SKU0039,2,Grocery,863,1635,34.0,34.833333333333336,7.6297210747288124,24.775119617224878,21,0.81,20.95,9,0,0
2023-09-11,SKU0039,2,Grocery,621,1635,34.57142857142857,35.4,6.240026525142569,17.542372881355934,21,0.81,20.95,9,0,0
2023-09-18,SKU0039,2,Grocery,353,1635,38.285714285714285,35.2,5.839225267459548,10.02840909090909,21,0.81,20.95,9,0,0
2023-09-25,SKU0039,2,Grocery,1748,0,34.285714285714285,34.96666666666667,6.139096492736249,49.99046711153479,21,0.81,20.95,9,0,0
2023-10-02,SKU0039,2,Grocery,1530,0,31.142857142857142,34.5,6.755585173357139,44.34782608695652,21,0.81,20.95,10,0,0
2023-10-09,SKU0039,2,Grocery,1248,0,40.285714285714285,36.06666666666667,7.319945983093207,34.60258780036968,21,0.81,20.95,10,0,0
2023-10-16,SKU0039,2,Grocery,974,0,39.142857142857146,36.233333333333334,7.938050370094725,26.88132474701012,21,0.81,20.95,10,0,0
2023-10-23,SKU0039,2,Grocery,707,1635,38.142857142857146,37.0,7.745966692414841,19.10810810810811,21,0.81,20.95,10,0,0
2023-10-30,SKU0039,2,Grocery,453,1635,36.285714285714285,38.2,6.572670690062005,11.858638743455497,21,0.81,20.95,10,0,0
2023-11-06,SKU0039,2,Grocery,1777,0,44.42857142857143,39.36666666666667,6.955441101723199,45.139712108382724,21,0.81,20.95,11,0,0
2023-11-13,SKU0039,2,Grocery,1480,0,42.42857142857143,40.333333333333336,6.969556129602403,36.69421487603306,21,0.81,20.95,11,0,0
2023-11-20,SKU0039,2,Grocery,1159,0,45.857142857142854,41.7,7.944418990929966,27.793764988009592,21,0.81,20.95,11,0,0
2023-11-27,SKU0039,2,Grocery,845,1635,44.857142857142854,43.63333333333333,8.715754001581994,19.365928189457602,21,0.81,20.95,11,0,0
2023-12-04,SKU0039,2,Grocery,487,1635,51.142857142857146,45.86666666666667,9.15661936311215,10.617732558139535,21,0.81,20.95,12,0,0
2023-12-11,SKU0039,2,Grocery,96,1635,55.857142857142854,49.1,9.26003649356038,1.955193482688391,21,0.81,20.95,12,0,1
2023-12-18,SKU0039,2,Grocery,1523,0,29.714285714285715,45.1,18.008331405213553,33.76940133037694,21,0.81,20.95,12,0,0
2023-01-30,SKU0039,3,Grocery,550,0,12.142857142857142,11.3,2.9495762407505257,48.67256637168141,21,0.81,20.95,1,0,0
2023-02-06,SKU0039,3,Grocery,468,0,11.714285714285714,11.433333333333334,3.510411443940315,40.93294460641399,21,0.81,20.95,2,0,0
2023-02-13,SKU0039,3,Grocery,389,0,11.285714285714286,11.333333333333334,3.6230424758218334,34.3235294117647,21,0.81,20.95,2,0,0
2023-02-20,SKU0039,3,Grocery,298,398,13.0,12.133333333333333,3.42136626604589,24.560439560439562,21,0.81,20.95,2,0,0
2023-02-27,SKU0039,3,Grocery,235,398,9.0,11.5,3.5887756052486193,20.434782608695652,21,0.81,20.95,2,0,0
2023-03-06,SKU0039,3,Grocery,161,398,10.571428571428571,10.9,3.1442339125058307,14.770642201834862,21,0.81,20.95,3,0,0
2023-03-13,SKU0039,3,Grocery,475,0,12.0,11.366666666666667,2.7478309104898875,41.78885630498534,21,0.81,20.95,3,0,0
2023-03-20,SKU0039,3,Grocery,397,0,11.142857142857142,10.833333333333334,2.5200346649686556,36.646153846153844,21,0.81,20.95,3,0,0
2023-03-27,SKU0039,3,Grocery,332,398,9.285714285714286,10.566666666666666,2.7251489466833183,31.41955835962145,21,0.81,20.95,3,0,0
2023-04-03,SKU0039,3,Grocery,268,398,9.142857142857142,10.366666666666667,2.7603514685425585,25.85209003215434,21,0.81,20.95,4,0,0
2023-04-10,SKU0039,3,Grocery,181,398,12.428571428571429,10.533333333333333,2.9563879794535555,17.18354430379747,21,0.81,20.95,4,0,0
2023-04-17,SKU0039,3,Grocery,503,0,10.857142857142858,10.633333333333333,3.156638689506919,47.30407523510972,21,0.81,20.95,4,0,0
2023-04-24,SKU0039,3,Grocery,420,0,11.857142857142858,11.1,3.1332477366640443,37.83783783783784,21,0.81,20.95,4,0,0
2023-05-01,SKU0039,3,Grocery,341,398,11.285714285714286,11.533333333333333,3.048270661045131,29.566473988439306,21,0.81,20.95,5,0,0
2023-05-08,SKU0039,3,Grocery,268,398,10.428571428571429,10.966666666666667,2.9998084230018183,24.437689969604865,21,0.81,20.95,5,0,0
2023-05-15,SKU0039,3,Grocery,202,398,9.428571428571429,10.733333333333333,3.3726417900035233,18.819875776397517,21,0.81,20.95,5,0,0
2023-05-22,SKU0039,3,Grocery,530,0,10.0,10.2,3.448137928275752,51.96078431372549,21,0.81,20.95,5,0,0
2023-05-29,SKU0039,3,Grocery,442,0,12.571428571428571,10.466666666666667,3.5499716689819825,42.22929936305732,21,0.81,20.95,5,0,0
2023-06-05,SKU0039,3,Grocery,366,0,10.857142857142858,10.8,4.693355538087496,33.888888888888886,21,0.81,20.95,6,0,0
2023-06-12,SKU0039,3,Grocery,279,398,12.428571428571429,11.333333333333334,4.482404937417918,24.61764705882353,21,0.81,20.95,6,0,0
2023-06-19,SKU0039,3,Grocery,187,398,13.142857142857142,11.966666666666667,4.619921878226902,15.62674094707521,21,0.81,20.95,6,0,0
2023-06-26,SKU0039,3,Grocery,109,398,11.142857142857142,11.866666666666667,4.7031415277328295,9.185393258426966,21,0.81,20.95,6,0,0
2023-07-03,SKU0039,3,Grocery,424,0,11.857142857142858,12.3,4.061170206760104,34.47154471544715,21,0.81,20.95,7,0,0
2023-07-10,SKU0039,3,Grocery,342,398,11.714285714285714,11.933333333333334,3.4233814029238827,28.65921787709497,21,0.81,20.95,7,0,0
2023-07-17,SKU0039,3,Grocery,262,398,11.428571428571429,11.366666666666667,3.4188456746578173,23.049853372434015,21,0.81,20.95,7,0,0
2023-07-24,SKU0039,3,Grocery,180,398,11.714285714285714,11.7,3.3543589757107197,15.384615384615385,21,0.81,20.95,7,0,0
2023-07-31,SKU0039,3,Grocery,503,0,10.714285714285714,11.4,3.0354230518081504,44.122807017543856,21,0.81,20.95,7,0,0
2023-08-07,SKU0039,3,Grocery,426,0,11.0,11.3,2.7934652809480376,37.69911504424778,21,0.81,20.95,8,0,0
2023-08-14,SKU0039,3,Grocery,368,398,8.285714285714286,10.233333333333333,3.092631212429308,35.960912052117266,21,0.81,20.95,8,0,0
2023-08-21,SKU0039,3,Grocery,303,398,9.285714285714286,9.9,2.9284572848114983,30.606060606060606,21,0.81,20.95,8,0,0
2023-08-28,SKU0039,3,Grocery,219,398,12.0,10.166666666666666,3.322684138623093,21.54098360655738,21,0.81,20.95,8,0,0
2023-09-04,SKU0039,3,Grocery,547,0,10.0,9.966666666666667,3.478835847029108,54.88294314381271,21,0.81,20.95,9,0,0
2023-09-11,SKU0039,3,Grocery,471,0,10.857142857142858,10.3,2.83025525837975,45.728155339805824,21,0.81,20.95,9,0,0
2023-09-18,SKU0039,3,Grocery,380,0,13.0,11.4,2.736723437326799,33.333333333333336,21,0.81,20.95,9,0,0
2023-09-25,SKU0039,3,Grocery,296,398,12.0,11.5,2.8496823779453786,25.73913043478261,21,0.81,20.95,9,0,0
2023-10-02,SKU0039,3,Grocery,230,398,9.428571428571429,11.2,2.929045978612763,20.53571428571429,21,0.81,20.95,10,0,0
2023-10-09,SKU0039,3,Grocery,561,0,9.571428571428571,10.966666666666667,3.1675437381878955,51.15501519756839,21,0.81,20.95,10,0,0
2023-10-16,SKU0039,3,Grocery,490,0,10.142857142857142,10.433333333333334,3.266162288061332,46.96485623003195,21,0.81,20.95,10,0,0
2023-10-23,SKU0039,3,Grocery,419,0,10.142857142857142,10.1,3.2837111049374705,41.48514851485149,21,0.81,20.95,10,0,0
2023-10-30,SKU0039,3,Grocery,336,398,11.857142857142858,10.333333333333334,3.4474711704761765,32.516129032258064,21,0.81,20.95,10,0,0
2023-11-06,SKU0039,3,Grocery,243,398,13.285714285714286,11.3,3.3748563187806697,21.50442477876106,21,0.81,20.95,11,0,0
2023-11-13,SKU0039,3,Grocery,146,398,13.857142857142858,12.066666666666666,3.5519138438344786,12.099447513812155,21,0.81,20.95,11,0,0
2023-11-20,SKU0039,3,Grocery,446,0,14.0,13.0,3.8774324956884483,34.30769230769231,21,0.81,20.95,11,0,0
2023-11-27,SKU0039,3,Grocery,345,398,14.428571428571429,13.566666666666666,3.9364199850690027,25.429975429975432,21,0.81,20.95,11,0,0
2023-12-04,SKU0039,3,Grocery,241,398,14.857142857142858,14.4,3.747182849868007,16.73611111111111,21,0.81,20.95,12,0,0
2023-12-11,SKU0039,3,Grocery,124,398,16.714285714285715,15.166666666666666,4.00932820353713,8.175824175824177,21,0.81,20.95,12,0,0
2023-12-18,SKU0039,3,Grocery,399,0,17.571428571428573,15.533333333333333,3.530491157911612,25.686695278969957,21,0.81,20.95,12,0,0
2023-01-30,SKU0039,4,Grocery,67,164,3.0,3.2666666666666666,2.1323992207796385,20.510204081632654,21,0.81,20.95,1,0,0
2023-02-06,SKU0039,4,Grocery,46,164,3.0,3.066666666666667,2.033060090930254,14.999999999999998,21,0.81,20.95,2,0,0
2023-02-13,SKU0039,4,Grocery,188,0,3.142857142857143,3.3,1.8964576779190014,56.969696969696976,21,0.81,20.95,2,0,0
2023-02-20,SKU0039,4,Grocery,164,0,3.4285714285714284,3.2333333333333334,1.977168531587242,50.72164948453608,21,0.81,20.95,2,0,0
2023-02-27,SKU0039,4,Grocery,144,0,2.857142857142857,3.1666666666666665,1.7237355852380878,45.473684210526315,21,0.81,20.95,2,0,0
2023-03-06,SKU0039,4,Grocery,119,0,3.5714285714285716,3.1,1.7488912743950589,38.387096774193544,21,0.81,20.95,3,0,0
2023-03-13,SKU0039,4,Grocery,94,164,3.5714285714285716,3.433333333333333,1.7157150581957197,27.37864077669903,21,0.81,20.95,3,0,0
2023-03-20,SKU0039,4,Grocery,72,164,3.142857142857143,3.3,1.489040422322492,21.81818181818182,21,0.81,20.95,3,0,0
2023-03-27,SKU0039,4,Grocery,45,164,3.857142857142857,3.533333333333333,1.7366899418212194,12.735849056603774,21,0.81,20.95,3,0,0
2023-04-03,SKU0039,4,Grocery,192,0,2.4285714285714284,3.4,1.7340405277052031,56.470588235294116,21,0.81,20.95,4,0,0
2023-04-10,SKU0039,4,Grocery,168,0,3.4285714285714284,3.2666666666666666,1.799105780435215,51.42857142857143,21,0.81,20.95,4,0,0
2023-04-17,SKU0039,4,Grocery,144,0,3.4285714285714284,3.2333333333333334,1.8695995022599297,44.5360824742268,21,0.81,20.95,4,0,0
2023-04-24,SKU0039,4,Grocery,123,0,3.0,3.1333333333333333,1.8332810859848758,39.255319148936174,21,0.81,20.95,4,0,0
2023-05-01,SKU0039,4,Grocery,97,0,3.7142857142857144,3.2333333333333334,2.079179767539865,30.0,21,0.81,20.95,5,0,0
2023-05-08,SKU0039,4,Grocery,73,164,3.4285714285714284,3.2666666666666666,1.8925139881655564,22.346938775510203,21,0.81,20.95,5,0,0
2023-05-15,SKU0039,4,Grocery,46,164,3.857142857142857,3.566666666666667,2.0117471105438702,12.897196261682243,21,0.81,20.95,5,0,0
2023-05-22,SKU0039,4,Grocery,20,164,3.7142857142857144,3.7,1.96784496165309,5.405405405405405,21,0.81,20.95,5,0,0
2023-05-29,SKU0039,4,Grocery,160,0,3.4285714285714284,3.533333333333333,1.7366899418212196,45.28301886792453,21,0.81,20.95,5,0,0
2023-06-05,SKU0039,4,Grocery,134,0,3.7142857142857144,3.7666666666666666,1.7356968854500265,35.575221238938056,21,0.81,20.95,6,0,0
2023-06-12,SKU0039,4,Grocery,113,0,3.0,3.433333333333333,1.5241353305225651,32.9126213592233,21,0.81,20.95,6,0,0
2023-06-19,SKU0039,4,Grocery,83,164,4.285714285714286,3.6333333333333333,1.7515182248421015,22.844036697247706,21,0.81,20.95,6,0,0
2023-06-26,SKU0039,4,Grocery,59,164,3.4285714285714284,3.6,1.7733661737517439,16.38888888888889,21,0.81,20.95,6,0,0
2023-07-03,SKU0039,4,Grocery,36,164,3.2857142857142856,3.466666666666667,1.5698305055298034,10.384615384615385,21,0.81,20.95,7,0,0
2023-07-10,SKU0039,4,Grocery,171,0,4.142857142857143,3.7666666666666666,1.8879533405494846,45.39823008849557,21,0.81,20.95,7,0,0
2023-07-17,SKU0039,4,Grocery,149,0,3.142857142857143,3.466666666666667,1.7759569219172384,42.980769230769226,21,0.81,20.95,7,0,0
2023-07-24,SKU0039,4,Grocery,124,0,3.5714285714285716,3.566666666666667,1.7356968854500268,34.76635514018692,21,0.81,20.95,7,0,0
2023-07-31,SKU0039,4,Grocery,97,0,3.857142857142857,3.6,1.8307714597761893,26.944444444444443,21,0.81,20.95,7,0,0
2023-08-07,SKU0039,4,Grocery,82,164,2.142857142857143,3.1666666666666665,1.5992095748737316,25.894736842105264,21,0.81,20.95,8,0,0
2023-08-14,SKU0039,4,Grocery,50,164,4.571428571428571,3.533333333333333,1.7366899418212203,14.150943396226415,21,0.81,20.95,8,0,0
2023-08-21,SKU0039,4,Grocery,182,0,4.571428571428571,3.7,2.08690498437114,49.189189189189186,21,0.81,20.95,8,0,0
2023-08-28,SKU0039,4,Grocery,156,0,3.7142857142857144,3.8333333333333335,2.0858031337218006,40.69565217391304,21,0.81,20.95,8,0,0
2023-09-04,SKU0039,4,Grocery,132,0,3.4285714285714284,4.0,1.929802562708032,33.0,21,0.81,20.95,9,0,0
2023-09-11,SKU0039,4,Grocery,106,0,3.7142857142857144,3.966666666666667,2.092405534197478,26.72268907563025,21,0.81,20.95,9,0,0
2023-09-18,SKU0039,4,Grocery,82,164,3.4285714285714284,3.6,1.7538135787379232,22.77777777777778,21,0.81,20.95,9,0,0
2023-09-25,SKU0039,4,Grocery,57,164,3.5714285714285716,3.6,1.7140393911700986,15.833333333333332,21,0.81,20.95,9,0,0
2023-10-02,SKU0039,4,Grocery,31,164,3.7142857142857144,3.566666666666667,1.7749858344909917,8.69158878504673,21,0.81,20.95,10,0,0
2023-10-09,SKU0039,4,Grocery,173,0,3.142857142857143,3.4,1.5222487902147759,50.88235294117647,21,0.81,20.95,10,0,0
2023-10-16,SKU0039,4,Grocery,156,0,2.4285714285714284,3.2666666666666666,1.4605934866804442,47.755102040816325,21,0.81,20.95,10,0,0
2023-10-23,SKU0039,4,Grocery,137,0,2.7142857142857144,3.033333333333333,1.5196036990935675,45.16483516483517,21,0.81,20.95,10,0,0
2023-10-30,SKU0039,4,Grocery,111,0,3.7142857142857144,3.066666666666667,1.6386144974533734,36.19565217391304,21,0.81,20.95,10,0,0
2023-11-06,SKU0039,4,Grocery,78,164,4.714285714285714,3.3666666666666667,1.865907070409001,23.168316831683168,21,0.81,20.95,11,0,0
2023-11-13,SKU0039,4,Grocery,44,164,4.857142857142857,3.966666666666667,1.9910720268468327,11.092436974789916,21,0.81,20.95,11,0,0
2023-11-20,SKU0039,4,Grocery,4,164,5.714285714285714,4.533333333333333,2.300424748386372,0.8823529411764706,21,0.81,20.95,11,0,1
2023-11-27,SKU0039,4,Grocery,142,0,3.7142857142857144,4.833333333333333,2.13482347381881,29.379310344827587,21,0.81,20.95,11,0,0
2023-12-04,SKU0039,4,Grocery,115,0,3.857142857142857,4.5,2.300674563747741,25.555555555555557,21,0.81,20.95,12,0,0
2023-12-11,SKU0039,4,Grocery,81,164,4.857142857142857,4.566666666666666,2.192201433818703,17.737226277372265,21,0.81,20.95,12,0,0
2023-12-18,SKU0039,4,Grocery,33,164,6.857142857142857,4.866666666666666,2.5289132643984784,6.78082191780822,21,0.81,20.95,12,0,1
2023-01-30,SKU0040,1,Grocery,491,704,33.285714285714285,35.1,5.208414941889381,13.988603988603987,10,0.77,8.75,1,0,0
2023-02-06,SKU0040,1,Grocery,257,704,33.42857142857143,33.8,5.35240841697165,7.603550295857989,10,0.77,8.75,2,0,0
2023-02-13,SKU0040,1,Grocery,710,0,35.857142857142854,34.0,5.206097221130437,20.88235294117647,10,0.77,8.75,2,0,0
2023-02-20,SKU0040,1,Grocery,476,704,33.42857142857143,34.06666666666667,5.558053078460883,13.972602739726026,10,0.77,8.75,2,0,0
2023-02-27,SKU0040,1,Grocery,211,704,37.857142857142854,35.0,5.477225575051658,6.0285714285714285,10,0.77,8.75,2,0,0
2023-03-06,SKU0040,1,Grocery,666,0,35.57142857142857,35.8,5.73194316212164,18.603351955307264,10,0.77,8.75,3,0,0
2023-03-13,SKU0040,1,Grocery,416,704,35.714285714285715,35.6,6.430530626467069,11.685393258426966,10,0.77,8.75,3,0,0
2023-03-20,SKU0040,1,Grocery,881,0,34.142857142857146,35.56666666666667,6.516204381404087,24.770384254920334,10,0.77,8.75,3,0,0
2023-03-27,SKU0040,1,Grocery,610,0,38.714285714285715,36.2,6.712828685846016,16.850828729281766,10,0.77,8.75,3,0,0
2023-04-03,SKU0040,1,Grocery,344,704,38.0,36.233333333333334,6.931603453515032,9.494020239190432,10,0.77,8.75,4,0,0
2023-04-10,SKU0040,1,Grocery,110,704,33.42857142857143,35.8,7.1409455570166465,3.0726256983240225,10,0.77,8.75,4,0,0
2023-04-17,SKU0040,1,Grocery,573,0,34.42857142857143,35.96666666666667,6.2669540164004784,15.93141797961075,10,0.77,8.75,4,0,0
2023-04-24,SKU0040,1,Grocery,325,704,35.42857142857143,35.63333333333333,6.784786904047414,9.12067352666043,10,0.77,8.75,4,0,0
2023-05-01,SKU0040,1,Grocery,792,0,33.857142857142854,34.8,5.839225267459539,22.758620689655174,10,0.77,8.75,5,0,0
2023-05-08,SKU0040,1,Grocery,553,0,34.142857142857146,34.46666666666667,5.462936770723194,16.04448742746615,10,0.77,8.75,5,0,0
2023-05-15,SKU0040,1,Grocery,291,704,37.42857142857143,35.13333333333333,6.584900875505255,8.282732447817837,10,0.77,8.75,5,0,0
2023-05-22,SKU0040,1,Grocery,786,0,29.857142857142858,33.7,7.003201238448525,23.323442136498514,10,0.77,8.75,5,0,0
2023-05-29,SKU0040,1,Grocery,511,0,39.285714285714285,34.86666666666667,7.351909596332348,14.655831739961759,10,0.77,8.75,5,0,0
2023-06-05,SKU0040,1,Grocery,270,704,34.42857142857143,35.0,7.3013933483675695,7.714285714285714,10,0.77,8.75,6,0,0
2023-06-12,SKU0040,1,Grocery,739,0,33.57142857142857,34.6,6.881258906474238,21.358381502890172,10,0.77,8.75,6,0,0
2023-06-19,SKU0040,1,Grocery,497,704,34.57142857142857,34.733333333333334,6.274927301863993,14.309021113243762,10,0.77,8.75,6,0,0
2023-06-26,SKU0040,1,Grocery,276,704,31.571428571428573,33.8,5.579519198170989,8.165680473372781,10,0.77,8.75,6,0,0
2023-07-03,SKU0040,1,Grocery,711,0,38.42857142857143,34.3,6.254102102096533,20.728862973760936,10,0.77,8.75,7,0,0
2023-07-10,SKU0040,1,Grocery,485,704,32.285714285714285,34.36666666666667,5.629254457486037,14.112512124151309,10,0.77,8.75,7,0,0
2023-07-17,SKU0040,1,Grocery,244,704,34.42857142857143,33.833333333333336,5.742060986076003,7.211822660098521,10,0.77,8.75,7,0,0
2023-07-24,SKU0040,1,Grocery,695,0,36.142857142857146,34.8,6.26649547332808,19.971264367816094,10,0.77,8.75,7,0,0
2023-07-31,SKU0040,1,Grocery,461,704,33.42857142857143,34.5,6.2794135460852205,13.36231884057971,10,0.77,8.75,7,0,0
2023-08-07,SKU0040,1,Grocery,242,704,31.285714285714285,33.46666666666667,6.262825920121615,7.231075697211155,10,0.77,8.75,8,0,0
2023-08-14,SKU0040,1,Grocery,693,0,36.142857142857146,33.93333333333333,6.247390259738162,20.422396856581535,10,0.77,8.75,8,0,0
2023-08-21,SKU0040,1,Grocery,484,704,29.857142857142858,32.8,5.749962518618471,14.756097560975611,10,0.77,8.75,8,0,0
2023-08-28,SKU0040,1,Grocery,274,704,30.0,32.03333333333333,6.139096492736248,8.553590010405827,10,0.77,8.75,8,0,0
2023-09-04,SKU0040,1,Grocery,728,0,35.714285714285715,32.93333333333333,7.366903309248474,22.10526315789474,10,0.77,8.75,9,0,0
2023-09-11,SKU0040,1,Grocery,472,704,36.57142857142857,33.4,7.757532490736185,14.131736526946108,10,0.77,8.75,9,0,0
2023-09-18,SKU0040,1,Grocery,250,704,31.714285714285715,32.96666666666667,7.554324330603897,7.583417593528816,10,0.77,8.75,9,0,0
2023-09-25,SKU0040,1,Grocery,684,0,38.57142857142857,35.03333333333333,7.448597800620075,19.524262607040914,10,0.77,8.75,9,0,0
2023-10-02,SKU0040,1,Grocery,447,704,33.857142857142854,35.666666666666664,6.839708268296404,12.532710280373832,10,0.77,8.75,10,0,0
2023-10-09,SKU0040,1,Grocery,228,704,31.285714285714285,33.6,6.478612026746427,6.785714285714286,10,0.77,8.75,10,0,0
2023-10-16,SKU0040,1,Grocery,694,0,34.0,34.46666666666667,6.500574687238641,20.13539651837524,10,0.77,8.75,10,0,0
2023-10-23,SKU0040,1,Grocery,447,704,35.285714285714285,33.9,6.391535350596993,13.185840707964603,10,0.77,8.75,10,0,0
2023-10-30,SKU0040,1,Grocery,202,704,35.0,33.6,6.1956603277255065,6.011904761904762,10,0.77,8.75,10,0,0
2023-11-06,SKU0040,1,Grocery,601,0,43.57142857142857,36.2,8.070380070526946,16.60220994475138,10,0.77,8.75,11,0,0
2023-11-13,SKU0040,1,Grocery,270,704,47.285714285714285,40.3,10.14090385687994,6.699751861042184,10,0.77,8.75,11,0,0
2023-11-20,SKU0040,1,Grocery,662,0,44.57142857142857,42.46666666666667,9.967994760242876,15.588697017268446,10,0.77,8.75,11,0,0
2023-11-27,SKU0040,1,Grocery,374,704,41.142857142857146,43.53333333333333,9.401882912419726,8.591117917304748,10,0.77,8.75,11,0,0
2023-12-04,SKU0040,1,Grocery,744,0,47.714285714285715,45.2,9.7322783241803,16.46017699115044,10,0.77,8.75,12,0,0
2023-12-11,SKU0040,1,Grocery,350,704,56.285714285714285,47.3,10.458950959461136,7.399577167019028,10,0.77,8.75,12,0,0
2023-12-18,SKU0040,1,Grocery,692,0,51.714285714285715,49.03333333333333,9.367895775699413,14.112848402447316,10,0.77,8.75,12,0,0
2023-01-30,SKU0040,2,Grocery,111,230,8.142857142857142,11.333333333333334,3.968264915146368,9.794117647058822,10,0.77,8.75,1,0,0
2023-02-06,SKU0040,2,Grocery,259,0,11.714285714285714,11.5,3.6270059848024934,22.52173913043478,10,0.77,8.75,2,0,0
2023-02-13,SKU0040,2,Grocery,163,0,13.714285714285714,12.033333333333333,4.122966234971207,13.545706371191136,10,0.77,8.75,2,0,0
2023-02-20,SKU0040,2,Grocery,88,230,10.714285714285714,11.233333333333333,4.28858415132413,7.833827893175075,10,0.77,8.75,2,0,0
2023-02-27,SKU0040,2,Grocery,225,0,13.285714285714286,11.966666666666667,4.51421764202173,18.802228412256266,10,0.77,8.75,2,0,0
2023-03-06,SKU0040,2,Grocery,143,0,11.714285714285714,12.066666666666666,4.563221286081481,11.850828729281767,10,0.77,8.75,3,0,0
2023-03-13,SKU0040,2,Grocery,55,230,12.571428571428571,12.166666666666666,4.144654499417319,4.52054794520548,10,0.77,8.75,3,0,0
2023-03-20,SKU0040,2,Grocery,206,0,11.285714285714286,11.966666666666667,3.9346676092654,17.214484679665738,10,0.77,8.75,3,0,0
2023-03-27,SKU0040,2,Grocery,137,0,9.857142857142858,11.433333333333334,3.802751574877051,11.982507288629737,10,0.77,8.75,3,0,0
2023-04-03,SKU0040,2,Grocery,45,230,13.142857142857142,11.7,3.8340579025361636,3.8461538461538463,10,0.77,8.75,4,0,0
2023-04-10,SKU0040,2,Grocery,177,0,14.0,12.033333333333333,3.6434479059920926,14.709141274238227,10,0.77,8.75,4,0,0
2023-04-17,SKU0040,2,Grocery,99,230,11.142857142857142,11.866666666666667,4.040598567243373,8.342696629213483,10,0.77,8.75,4,0,0
2023-04-24,SKU0040,2,Grocery,254,0,10.714285714285714,12.166666666666666,3.8692718136383353,20.876712328767123,10,0.77,8.75,4,0,0
2023-05-01,SKU0040,2,Grocery,167,0,12.428571428571429,11.933333333333334,3.7502490338765453,13.994413407821229,10,0.77,8.75,5,0,0
2023-05-08,SKU0040,2,Grocery,80,230,12.428571428571429,11.666666666666666,3.345953122631963,6.857142857142858,10,0.77,8.75,5,0,0
2023-05-15,SKU0040,2,Grocery,235,0,10.714285714285714,11.733333333333333,3.1396610110596055,20.028409090909093,10,0.77,8.75,5,0,0
2023-05-22,SKU0040,2,Grocery,153,0,11.714285714285714,11.933333333333334,3.027840169486168,12.82122905027933,10,0.77,8.75,5,0,0
2023-05-29,SKU0040,2,Grocery,79,230,10.571428571428571,11.733333333333333,3.362401987632768,6.732954545454546,10,0.77,8.75,5,0,0
2023-06-05,SKU0040,2,Grocery,236,0,10.428571428571429,11.166666666666666,3.333045964624381,21.134328358208958,10,0.77,8.75,6,0,0
2023-06-12,SKU0040,2,Grocery,139,0,13.857142857142858,11.4,3.7101909979648378,12.192982456140351,10,0.77,8.75,6,0,0
2023-06-19,SKU0040,2,Grocery,47,230,13.142857142857142,11.833333333333334,4.111240548858058,3.9718309859154926,10,0.77,8.75,6,0,0
2023-06-26,SKU0040,2,Grocery,199,0,11.142857142857142,12.0,3.87743249568844,16.583333333333332,10,0.77,8.75,6,0,0
2023-07-03,SKU0040,2,Grocery,119,230,11.428571428571429,12.433333333333334,3.4409635111487966,9.571045576407506,10,0.77,8.75,7,0,0
2023-07-10,SKU0040,2,Grocery,44,230,10.714285714285714,11.833333333333334,3.484778064801192,3.7183098591549295,10,0.77,8.75,7,0,0
2023-07-17,SKU0040,2,Grocery,186,0,12.571428571428571,11.4,2.8599493605355324,16.31578947368421,10,0.77,8.75,7,0,0
2023-07-24,SKU0040,2,Grocery,105,230,11.571428571428571,11.366666666666667,2.9182343898362597,9.237536656891495,10,0.77,8.75,7,0,0
2023-07-31,SKU0040,2,Grocery,238,0,13.857142857142858,12.166666666666666,3.639660208973029,19.56164383561644,10,0.77,8.75,7,0,0
2023-08-07,SKU0040,2,Grocery,151,0,12.428571428571429,12.466666666666667,3.8839486957559504,12.11229946524064,10,0.77,8.75,8,0,0
2023-08-14,SKU0040,2,Grocery,65,230,12.285714285714286,12.6,4.056497555008887,5.158730158730159,10,0.77,8.75,8,0,1
2023-08-21,SKU0040,2,Grocery,216,0,11.285714285714286,12.266666666666667,4.623279425221685,17.60869565217391,10,0.77,8.75,8,0,0
2023-08-28,SKU0040,2,Grocery,140,230,10.857142857142858,11.933333333333334,4.314636943477747,11.731843575418994,10,0.77,8.75,8,0,0
2023-09-04,SKU0040,2,Grocery,51,230,12.714285714285714,11.833333333333334,4.13632631719245,4.309859154929577,10,0.77,8.75,9,0,0
2023-09-11,SKU0040,2,Grocery,184,0,13.857142857142858,12.533333333333333,4.384402867637405,14.680851063829788,10,0.77,8.75,9,0,0
2023-09-18,SKU0040,2,Grocery,94,230,12.857142857142858,12.2,4.302365027236321,7.704918032786885,10,0.77,8.75,9,0,0
2023-09-25,SKU0040,2,Grocery,239,0,12.142857142857142,12.766666666666667,3.4107672646097233,18.720626631853786,10,0.77,8.75,9,0,0
2023-10-02,SKU0040,2,Grocery,161,0,11.142857142857142,12.366666666666667,3.6528999659064745,13.018867924528301,10,0.77,8.75,10,0,0
2023-10-09,SKU0040,2,Grocery,70,230,13.0,12.2,3.3466401061363005,5.7377049180327875,10,0.77,8.75,10,0,0
2023-10-16,SKU0040,2,Grocery,228,0,10.285714285714286,11.566666666666666,3.180580442941667,19.711815561959654,10,0.77,8.75,10,0,0
2023-10-23,SKU0040,2,Grocery,141,230,12.428571428571429,11.7,3.1747929609389645,12.051282051282053,10,0.77,8.75,10,0,0
2023-10-30,SKU0040,2,Grocery,56,230,12.142857142857142,12.066666666666666,3.1396610110596015,4.640883977900552,10,0.77,8.75,10,0,0
2023-11-06,SKU0040,2,Grocery,179,0,15.285714285714286,12.5,3.7301197170396865,14.32,10,0.77,8.75,11,0,0
2023-11-13,SKU0040,2,Grocery,72,230,15.285714285714286,13.633333333333333,4.08093408284251,5.28117359413203,10,0.77,8.75,11,0,1
2023-11-20,SKU0040,2,Grocery,201,0,14.428571428571429,13.966666666666667,4.0639995022173485,14.391408114558473,10,0.77,8.75,11,0,0
2023-11-27,SKU0040,2,Grocery,72,230,18.428571428571427,15.5,4.240608284278263,4.645161290322581,10,0.77,8.75,11,0,1
2023-12-04,SKU0040,2,Grocery,0,230,10.285714285714286,14.933333333333334,6.252907369753086,0.0,10,0.77,8.75,12,0,1
2023-12-11,SKU0040,2,Grocery,195,0,5.0,12.6,8.451076242418619,15.476190476190476,10,0.77,8.75,12,0,0
2023-12-18,SKU0040,2,Grocery,93,230,14.571428571428571,12.233333333333333,8.249068216276408,7.602179836512262,10,0.77,8.75,12,0,0
2023-01-30,SKU0040,3,Grocery,809,0,34.857142857142854,34.733333333333334,6.345964415895829,23.291746641074855,10,0.77,8.75,1,0,0
2023-02-06,SKU0040,3,Grocery,580,0,32.714285714285715,33.96666666666667,6.327190002942329,17.07556427870461,10,0.77,8.75,2,0,0
2023-02-13,SKU0040,3,Grocery,342,646,34.0,33.96666666666667,6.594058628447453,10.068694798822374,10,0.77,8.75,2,0,0
2023-02-20,SKU0040,3,Grocery,106,646,33.714285714285715,33.96666666666667,6.122222569900763,3.1207065750736014,10,0.77,8.75,2,0,1
2023-02-27,SKU0040,3,Grocery,587,0,23.571428571428573,30.933333333333334,10.109515262888456,18.976293103448274,10,0.77,8.75,2,0,0
2023-03-06,SKU0040,3,Grocery,336,646,35.857142857142854,31.333333333333332,10.380131330420706,10.72340425531915,10,0.77,8.75,3,0,0
2023-03-13,SKU0040,3,Grocery,75,646,37.285714285714285,32.833333333333336,10.432321569685882,2.284263959390863,10,0.77,8.75,3,0,1
2023-03-20,SKU0040,3,Grocery,548,0,24.714285714285715,30.3,12.020528418013736,18.085808580858085,10,0.77,8.75,3,0,0
2023-03-27,SKU0040,3,Grocery,301,646,35.285714285714285,33.03333333333333,9.282847858702418,9.112008072653886,10,0.77,8.75,3,0,0
2023-04-03,SKU0040,3,Grocery,709,0,34.0,33.06666666666667,9.093132434494965,21.441532258064512,10,0.77,8.75,4,0,0
2023-04-10,SKU0040,3,Grocery,484,646,32.142857142857146,31.733333333333334,8.831500568920921,15.252100840336134,10,0.77,8.75,4,0,0
2023-04-17,SKU0040,3,Grocery,237,646,35.285714285714285,34.36666666666667,5.555260528564779,6.896217264791464,10,0.77,8.75,4,0,0
2023-04-24,SKU0040,3,Grocery,673,0,30.0,32.9,5.597721211226998,20.455927051671733,10,0.77,8.75,4,0,0
2023-05-01,SKU0040,3,Grocery,436,646,33.857142857142854,32.9,5.833021338126104,13.25227963525836,10,0.77,8.75,5,0,0
2023-05-08,SKU0040,3,Grocery,198,646,34.0,32.93333333333333,6.872901978727426,6.012145748987855,10,0.77,8.75,5,0,0
2023-05-15,SKU0040,3,Grocery,609,0,33.57142857142857,32.5,6.683742499012316,18.73846153846154,10,0.77,8.75,5,0,0
2023-05-22,SKU0040,3,Grocery,369,646,34.285714285714285,33.93333333333333,6.5544579898134865,10.874263261296662,10,0.77,8.75,5,0,0
2023-05-29,SKU0040,3,Grocery,142,646,32.42857142857143,33.43333333333333,6.377132278066213,4.247258225324028,10,0.77,8.75,5,0,0
2023-06-05,SKU0040,3,Grocery,548,0,34.285714285714285,33.9,6.149572455001265,16.16519174041298,10,0.77,8.75,6,0,0
2023-06-12,SKU0040,3,Grocery,312,646,33.714285714285715,34.1,4.922502867724769,9.149560117302052,10,0.77,8.75,6,0,0
2023-06-19,SKU0040,3,Grocery,713,0,35.0,34.06666666666667,4.540494681642402,20.92954990215264,10,0.77,8.75,6,0,0
2023-06-26,SKU0040,3,Grocery,453,646,37.142857142857146,34.46666666666667,5.19106216845662,13.143133462282398,10,0.77,8.75,6,0,0
2023-07-03,SKU0040,3,Grocery,221,646,33.142857142857146,34.766666666666666,4.882645787383866,6.3566634707574305,10,0.77,8.75,7,0,0
2023-07-10,SKU0040,3,Grocery,644,0,31.857142857142858,33.93333333333333,6.506937058636533,18.978388998035367,10,0.77,8.75,7,0,0
2023-07-17,SKU0040,3,Grocery,426,646,31.142857142857142,33.36666666666667,7.681070926290984,12.767232767232768,10,0.77,8.75,7,0,0
2023-07-24,SKU0040,3,Grocery,852,0,31.428571428571427,31.766666666666666,7.280978208878326,26.820566631689402,10,0.77,8.75,7,0,0
2023-07-31,SKU0040,3,Grocery,609,0,34.714285714285715,32.4,7.384046176117438,18.796296296296298,10,0.77,8.75,7,0,0
2023-08-07,SKU0040,3,Grocery,352,646,36.714285714285715,32.666666666666664,7.626330673412341,10.775510204081634,10,0.77,8.75,8,0,0
2023-08-14,SKU0040,3,Grocery,743,0,36.42857142857143,34.333333333333336,5.996167358280258,21.640776699029125,10,0.77,8.75,8,0,0
2023-08-21,SKU0040,3,Grocery,460,646,40.42857142857143,36.233333333333334,6.430977473476913,12.695492180312787,10,0.77,8.75,8,0,0
2023-08-28,SKU0040,3,Grocery,220,646,34.285714285714285,36.63333333333333,5.9334431088901844,6.005459508644222,10,0.77,8.75,8,0,1
2023-09-04,SKU0040,3,Grocery,0,646,31.428571428571427,36.06666666666667,8.353951504954175,0.0,10,0.77,8.75,9,0,0
2023-09-11,SKU0040,3,Grocery,380,646,38.0,35.733333333333334,8.882114276622895,10.634328358208954,10,0.77,8.75,9,0,0
2023-09-18,SKU0040,3,Grocery,785,0,34.42857142857143,34.46666666666667,8.720698063380226,22.775628626692455,10,0.77,8.75,9,0,0
2023-09-25,SKU0040,3,Grocery,556,0,32.714285714285715,34.43333333333333,9.216489470558706,16.147144240077445,10,0.77,8.75,9,0,0
2023-10-02,SKU0040,3,Grocery,313,646,34.714285714285715,33.63333333333333,8.872597618834476,9.306243805748267,10,0.77,8.75,10,0,0
2023-10-09,SKU0040,3,Grocery,706,0,36.142857142857146,34.46666666666667,6.479321661671249,20.483558994197292,10,0.77,8.75,10,0,0
2023-10-16,SKU0040,3,Grocery,485,0,31.571428571428573,33.8,5.62261443666986,14.349112426035504,10,0.77,8.75,10,0,0
2023-10-23,SKU0040,3,Grocery,248,646,33.857142857142854,33.46666666666667,6.468668963621467,7.410358565737051,10,0.77,8.75,10,0,0
2023-10-30,SKU0040,3,Grocery,660,0,33.42857142857143,33.6,5.787024725401983,19.642857142857142,10,0.77,8.75,10,0,0
2023-11-06,SKU0040,3,Grocery,354,646,43.714285714285715,35.733333333333334,7.72784188696203,9.906716417910447,10,0.77,8.75,11,0,0
2023-11-13,SKU0040,3,Grocery,52,646,43.142857142857146,38.13333333333333,8.344865583650519,1.3636363636363638,10,0.77,8.75,11,0,1
2023-11-20,SKU0040,3,Grocery,474,646,32.0,38.233333333333334,12.347506612277208,12.397558849171752,10,0.77,8.75,11,0,0
2023-11-27,SKU0040,3,Grocery,158,646,45.142857142857146,40.36666666666667,12.485808035479714,3.9141205615194052,10,0.77,8.75,11,0,0
2023-12-04,SKU0040,3,Grocery,466,646,48.285714285714285,42.2,12.847648382700868,11.042654028436019,10,0.77,8.75,12,0,0
2023-12-11,SKU0040,3,Grocery,109,646,51.0,44.0,12.900147018675682,2.477272727272727,10,0.77,8.75,12,0,0
2023-12-18,SKU0040,3,Grocery,381,646,53.42857142857143,48.666666666666664,7.599153007854226,7.828767123287672,10,0.77,8.75,12,0,0
2023-01-30,SKU0040,4,Grocery,573,0,29.714285714285715,31.166666666666668,4.676303678329075,18.385026737967912,10,0.77,8.75,1,0,0
2023-02-06,SKU0040,4,Grocery,368,0,29.285714285714285,31.0,4.813773342514525,11.870967741935484,10,0.77,8.75,2,0,0
2023-02-13,SKU0040,4,Grocery,156,784,30.285714285714285,30.466666666666665,5.28324177737125,5.12035010940919,10,0.77,8.75,2,0,0
2023-02-20,SKU0040,4,Grocery,724,0,30.857142857142858,29.966666666666665,4.986072556655177,24.160177975528367,10,0.77,8.75,2,0,0
2023-02-27,SKU0040,4,Grocery,507,0,31.0,30.266666666666666,5.644242310918963,16.751101321585903,10,0.77,8.75,2,0,0
2023-03-06,SKU0040,4,Grocery,291,784,30.857142857142858,30.533333333333335,5.500679163918564,9.530567685589519,10,0.77,8.75,3,0,0
2023-03-13,SKU0040,4,Grocery,76,784,30.714285714285715,30.6,5.678756541890925,2.4836601307189543,10,0.77,8.75,3,0,0
2023-03-20,SKU0040,4,Grocery,635,0,32.142857142857146,31.3,5.748463062959258,20.287539936102235,10,0.77,8.75,3,0,0
2023-03-27,SKU0040,4,Grocery,389,0,35.142857142857146,32.06666666666667,6.136006413999562,12.13097713097713,10,0.77,8.75,3,0,0
2023-04-03,SKU0040,4,Grocery,163,784,32.285714285714285,32.666666666666664,6.809391756387213,4.9897959183673475,10,0.77,8.75,4,0,1
2023-04-10,SKU0040,4,Grocery,0,784,23.285714285714285,30.733333333333334,10.170726530632878,0.0,10,0.77,8.75,4,0,1
2023-04-17,SKU0040,4,Grocery,598,0,26.571428571428573,29.433333333333334,11.562971021782186,20.317100792751983,10,0.77,8.75,4,0,0
2023-04-24,SKU0040,4,Grocery,379,0,31.285714285714285,28.6,10.96263245506422,13.251748251748252,10,0.77,8.75,4,0,0
2023-05-01,SKU0040,4,Grocery,165,784,30.571428571428573,28.2,10.707393513926192,5.851063829787234,10,0.77,8.75,5,0,1
2023-05-08,SKU0040,4,Grocery,754,0,27.857142857142858,27.133333333333333,12.079430602398466,27.78869778869779,10,0.77,8.75,5,0,0
2023-05-15,SKU0040,4,Grocery,526,0,32.57142857142857,30.8,8.376485972135296,17.07792207792208,10,0.77,8.75,5,0,0
2023-05-22,SKU0040,4,Grocery,312,784,30.571428571428573,30.4,8.692446185605936,10.263157894736842,10,0.77,8.75,5,0,0
2023-05-29,SKU0040,4,Grocery,93,784,31.285714285714285,30.666666666666668,8.691388259941995,3.032608695652174,10,0.77,8.75,5,0,1
2023-06-05,SKU0040,4,Grocery,721,0,22.285714285714285,28.233333333333334,10.893475849881607,25.537190082644628,10,0.77,8.75,6,0,0
2023-06-12,SKU0040,4,Grocery,494,0,32.42857142857143,29.466666666666665,9.640909004693567,16.764705882352942,10,0.77,8.75,6,0,0
2023-06-19,SKU0040,4,Grocery,311,784,26.142857142857142,27.866666666666667,8.947098675696127,11.160287081339712,10,0.77,8.75,6,0,0
2023-06-26,SKU0040,4,Grocery,91,784,31.428571428571427,28.066666666666666,9.515625383377666,3.2422802850356294,10,0.77,8.75,6,0,0
2023-07-03,SKU0040,4,Grocery,638,0,33.857142857142854,31.0,6.443387414963535,20.580645161290324,10,0.77,8.75,7,0,0
2023-07-10,SKU0040,4,Grocery,424,0,30.571428571428573,30.433333333333334,6.333726545567233,13.932092004381161,10,0.77,8.75,7,0,0
2023-07-17,SKU0040,4,Grocery,200,784,32.0,31.433333333333334,6.77563247249281,6.362672322375397,10,0.77,8.75,7,0,0
2023-07-24,SKU0040,4,Grocery,740,0,34.857142857142854,32.3,6.60798889537351,22.910216718266255,10,0.77,8.75,7,0,0
2023-07-31,SKU0040,4,Grocery,515,0,32.142857142857146,32.2,5.755956435099115,15.993788819875775,10,0.77,8.75,7,0,0
2023-08-07,SKU0040,4,Grocery,302,784,30.428571428571427,32.13333333333333,5.715878267407064,9.398340248962656,10,0.77,8.75,8,0,0
2023-08-14,SKU0040,4,Grocery,109,784,27.571428571428573,31.266666666666666,5.476805848197536,3.4861407249466954,10,0.77,8.75,8,0,0
2023-08-21,SKU0040,4,Grocery,662,0,33.0,31.1,5.542002625716484,21.286173633440512,10,0.77,8.75,8,0,0
2023-08-28,SKU0040,4,Grocery,436,0,32.285714285714285,31.233333333333334,5.679262539142375,13.959445037353255,10,0.77,8.75,8,0,0
2023-09-04,SKU0040,4,Grocery,206,784,32.857142857142854,31.233333333333334,5.63047945121682,6.595517609391675,10,0.77,8.75,9,0,1
2023-09-11,SKU0040,4,Grocery,0,784,29.428571428571427,31.8,5.827402568010503,0.0,10,0.77,8.75,9,0,1
2023-09-18,SKU0040,4,Grocery,670,0,16.285714285714285,28.166666666666668,10.764191381239637,23.786982248520708,10,0.77,8.75,9,0,0
2023-09-25,SKU0040,4,Grocery,440,0,32.857142857142854,27.9,10.726538150291306,15.770609318996417,10,0.77,8.75,9,0,0
2023-10-02,SKU0040,4,Grocery,240,784,28.571428571428573,27.2,10.541870540030274,8.823529411764707,10,0.77,8.75,10,0,0
2023-10-09,SKU0040,4,Grocery,812,0,30.285714285714285,26.8,10.39363200266856,30.298507462686565,10,0.77,8.75,10,0,0
2023-10-16,SKU0040,4,Grocery,597,0,30.714285714285715,30.533333333333335,5.405829122877194,19.55240174672489,10,0.77,8.75,10,0,0
2023-10-23,SKU0040,4,Grocery,379,0,31.142857142857142,30.133333333333333,5.177759689508472,12.577433628318584,10,0.77,8.75,10,0,0
2023-10-30,SKU0040,4,Grocery,152,784,32.42857142857143,30.966666666666665,5.635376763302342,4.908503767491927,10,0.77,8.75,10,0,0
2023-11-06,SKU0040,4,Grocery,689,0,35.285714285714285,32.266666666666666,6.19194879541634,21.35330578512397,10,0.77,8.75,11,0,0
2023-11-13,SKU0040,4,Grocery,405,0,40.57142857142857,34.666666666666664,6.619372474338018,11.682692307692308,10,0.77,8.75,11,0,0
2023-11-20,SKU0040,4,Grocery,145,784,37.142857142857146,35.56666666666667,7.421698538434667,4.0768509840674785,10,0.77,8.75,11,0,0
2023-11-27,SKU0040,4,Grocery,640,0,41.285714285714285,38.5,6.668246939142309,16.623376623376622,10,0.77,8.75,11,0,0
2023-12-04,SKU0040,4,Grocery,352,0,41.142857142857146,39.4,6.7853798206398475,8.934010152284264,10,0.77,8.75,12,0,1
2023-12-11,SKU0040,4,Grocery,0,784,50.285714285714285,42.5,8.67318499347481,0.0,10,0.77,8.75,12,0,1
2023-12-18,SKU0040,4,Grocery,539,0,35.0,41.833333333333336,14.05674051915986,12.884462151394422,10,0.77,8.75,12,0,0
